SETTLEMENT_DATE,SETTLEMENT_PERIOD,ND,FORECAST_ACTUAL_INDICATOR,TSD,ENGLAND_WALES_DEMAND,EMBEDDED_WIND_GENERATION,EMBEDDED_WIND_CAPACITY,EMBEDDED_SOLAR_GENERATION,EMBEDDED_SOLAR_CAPACITY,NON_BM_STOR,PUMP_STORAGE_PUMPING,SCOTTISH_TRANSFER,IFA_FLOW,IFA2_FLOW,BRITNED_FLOW,MOYLE_FLOW,EAST_WEST_FLOW,NEMO_FLOW,NSL_FLOW,ELECLINK_FLOW,VIKING_FLOW,GREENLINK_FLOW
2026-01-01,1,25107,A,29668,23625,4146,6417,0,22267,0,455,2945,-1143,-610,989,-361,-527,209,677,-352,1021,-513
2026-01-01,2,25881,A,30361,24341,4188,6417,0,22267,0,455,2909,-1132,-606,1005,-361,-453,243,648,-359,994,-514
2026-01-01,3,25355,A,30681,23805,4085,6417,0,22267,0,546,3061,-1433,-594,844,-361,-524,343,667,-754,994,-514
2026-01-01,4,24762,A,30225,23226,4092,6417,0,22267,0,629,2980,-1469,-589,837,-361,-531,346,650,-770,990,-514
2026-01-01,5,24111,A,29092,22653,4044,6417,0,22267,0,834,3089,-1236,-431,949,-361,-531,146,413,-475,990,-513
2026-01-01,6,23637,A,28521,22147,4149,6417,0,22267,0,787,3323,-1208,-423,953,-361,-531,139,359,-460,990,-514
2026-01-01,7,22745,A,27909,21334,4142,6417,0,22267,0,1002,3649,-1030,-530,726,-361,-531,82,56,-596,990,-514
2026-01-01,8,22061,A,27224,20657,4093,6417,0,22267,0,997,3778,-1007,-540,716,-361,-531,80,7,-613,990,-514
2026-01-01,9,21715,A,27508,20229,4100,6417,0,22267,0,983,4063,-1174,-617,655,-361,-531,167,-126,-887,970,-514
2026-01-01,10,21429,A,27288,19981,4219,6417,0,22267,0,988,4103,-1195,-624,652,-361,-531,164,-143,-903,968,-514
2026-01-01,11,21099,A,27198,19657,4192,6417,0,22267,0,984,4180,-1032,-687,738,-361,-531,-387,-148,-855,985,-514
2026-01-01,12,21047,A,27136,19640,4210,6417,0,22267,0,966,4338,-1011,-683,741,-361,-531,-412,-162,-849,986,-514
2026-01-01,13,21525,A,27110,20093,4224,6417,0,22267,0,967,4176,-1047,-397,786,-361,-531,-45,-337,-786,976,-514
2026-01-01,14,21786,A,27310,20377,4199,6417,0,22267,0,941,4349,-1050,-378,787,-361,-531,-20,-350,-780,975,-513
2026-01-01,15,22674,A,27214,21229,4064,6417,0,22267,0,686,4344,-484,-406,799,-421,-531,641,-241,-658,985,-513
2026-01-01,16,22862,A,27553,21399,3997,6417,0,22267,0,928,4378,-415,-397,799,-452,-531,676,-221,-633,986,-514
2026-01-01,17,24036,A,27423,22496,3864,6417,2,22267,0,951,4390,-125,-30,665,-452,-531,833,-150,-35,986,-513
2026-01-01,18,24747,A,28009,23154,3873,6417,234,22267,0,947,4242,-85,1,660,-452,-531,838,-133,14,986,-514
2026-01-01,19,25425,A,28493,23709,3748,6417,933,22267,0,952,4078,597,210,599,-452,-531,726,-19,132,989,-514
2026-01-01,20,25987,A,29028,24198,3760,6417,1749,22267,0,940,4142,706,232,596,-452,-531,722,-5,148,990,-513
2026-01-01,21,26752,A,29799,24864,3725,6417,2380,22267,0,947,4259,970,532,405,-452,-531,739,-4,489,990,-513
2026-01-01,22,26959,A,29994,25003,3770,6417,2995,22267,0,927,4323,1002,556,384,-452,-531,741,-12,510,990,-513
2026-01-01,23,27178,A,30214,25172,3775,6417,3342,22267,0,832,4486,1003,687,3,-452,-531,1005,-107,515,991,-514
2026-01-01,24,27697,A,30767,25570,3926,6417,3389,22267,0,869,4482,1003,703,1,-452,-531,1014,-105,525,994,-513
2026-01-01,25,28878,A,31595,26716,3934,6417,3183,22267,0,620,4562,1416,970,306,-452,-531,1016,65,863,992,-514
2026-01-01,26,29308,A,32123,27142,4044,6417,2712,22267,0,718,4521,1466,988,342,-452,-531,1016,84,883,991,-514
2026-01-01,27,29551,A,32281,27378,3976,6417,2338,22267,0,634,4433,1496,982,834,-452,-531,1016,54,806,991,-513
2026-01-01,28,29977,A,32498,27726,4073,6417,1893,22267,0,424,4369,1499,983,852,-452,-531,1016,79,802,992,-514
2026-01-01,29,30357,A,32488,28131,4034,6417,1435,22267,0,34,4256,1482,992,317,-452,-531,981,451,834,992,-514
2026-01-01,30,30466,A,32586,28309,4049,6417,1032,22267,0,23,4216,1480,992,298,-452,-531,980,527,836,991,-514
2026-01-01,31,31184,A,33295,28959,4004,6417,531,22267,0,14,3752,1502,992,920,-452,-531,996,901,803,991,-514
2026-01-01,32,32188,A,34292,29797,4070,6417,108,22267,0,8,3366,1504,992,953,-452,-531,997,977,806,991,-513
2026-01-01,33,33178,A,35279,30580,4014,6417,0,22267,0,5,3159,1504,992,701,-452,-531,986,1350,986,991,-513
2026-01-01,34,34312,A,36409,31643,4016,6417,0,22267,0,1,3363,1504,992,692,-452,-531,985,1397,998,990,-513
2026-01-01,35,35082,A,37181,32333,4014,6417,0,22267,0,3,3128,1504,992,1009,-452,-531,996,1397,997,991,-513
2026-01-01,36,34820,A,36920,32231,4033,6417,0,22267,0,3,3237,1504,992,1021,-452,-531,997,1397,998,991,-514
2026-01-01,37,34342,A,36442,31848,3927,6417,0,22267,0,3,3385,1504,992,1051,-452,-531,997,1397,998,991,-514
2026-01-01,38,33772,A,35873,31268,3925,6417,0,22267,0,4,3416,1504,991,1052,-452,-531,997,1397,996,991,-514
2026-01-01,39,33088,A,35200,30593,3866,6417,0,22267,0,4,3529,1427,960,1051,-452,-531,988,1397,916,991,-525
2026-01-01,40,32298,A,34402,29801,3838,6417,0,22267,0,7,3604,1417,951,1051,-452,-531,988,1397,907,991,-514
2026-01-01,41,31002,A,33107,28581,3703,6417,0,22267,0,8,3374,1272,722,1048,-452,-531,996,1397,777,991,-514
2026-01-01,42,30312,A,32419,27842,3711,6417,0,22267,0,11,3099,1253,699,1048,-452,-531,996,1378,762,991,-513
2026-01-01,43,29074,A,31181,26677,3610,6417,0,22267,0,10,3665,853,462,807,-452,-531,687,1141,518,991,-514
2026-01-01,44,28250,A,30351,25900,3591,6417,0,22267,0,4,3721,803,444,797,-452,-531,668,1083,498,991,-514
2026-01-01,45,26740,A,28849,24560,3439,6417,0,22267,0,12,3892,641,397,730,-452,-531,102,710,345,991,-514
2026-01-01,46,25441,A,27804,23426,3457,6417,0,22267,0,266,4132,620,390,729,-452,-531,74,635,334,991,-514
2026-01-01,47,24509,A,27429,22504,3482,6417,0,22267,0,823,4206,823,271,793,-452,-531,214,262,291,991,-514
2026-01-01,48,23967,A,27298,22031,3617,6417,0,22268,0,1235,4329,851,276,795,-452,-531,219,186,298,986,-513
2026-01-02,1,24638,A,27929,22657,3595,6417,0,22268,0,1025,4132,1379,709,790,-429,-531,182,-192,665,814,-514
2026-01-02,2,25279,A,28783,23364,3647,6417,0,22268,0,1230,4328,1445,737,789,-361,-531,180,-268,688,800,-514
2026-01-02,3,24599,A,28450,22686,3593,6417,0,22268,0,1226,4384,1410,663,440,-361,-500,150,-650,632,767,-514
2026-01-02,4,24088,A,27936,22217,3650,6417,0,22268,0,1228,4269,1405,664,426,-361,-426,149,-719,626,768,-514
2026-01-02,5,23737,A,27767,21917,3640,6417,0,22268,0,1037,4359,1029,874,721,-361,-524,126,-994,556,908,-514
2026-01-02,6,23112,A,27261,21300,3633,6417,0,22268,0,1164,4174,984,875,729,-361,-473,125,-1028,559,913,-523
2026-01-02,7,22444,A,26684,20673,3567,6417,0,22268,0,1209,4399,1053,415,282,-361,-526,118,-1030,804,692,-514
2026-01-02,8,22201,A,26435,20388,3557,6417,0,22268,0,1209,4236,1062,381,260,-361,-531,118,-1019,816,667,-514
2026-01-02,9,21842,A,25748,20085,3404,6417,0,22268,0,1029,4388,873,306,116,-361,-508,-9,-885,667,383,-514
2026-01-02,10,21718,A,25581,19991,3394,6417,0,22268,0,1069,4507,850,307,110,-361,-467,-14,-838,649,361,-514
2026-01-02,11,21838,A,25433,20147,3420,6417,0,22268,0,927,4354,556,540,-142,-361,-330,-269,-452,348,298,-514
2026-01-02,12,22527,A,25784,20807,3410,6417,0,22268,0,636,4361,520,557,-153,-361,-340,-279,-375,329,295,-513
2026-01-02,13,24117,A,26322,22279,3466,6417,0,22268,0,15,4075,389,568,183,-361,-226,-489,3,322,372,-514
2026-01-02,14,25200,A,27435,23316,3398,6417,0,22268,0,12,3915,377,568,198,-361,-251,-497,80,332,392,-514
2026-01-02,15,27068,A,28952,24972,3197,6417,0,22268,0,12,3688,1221,541,149,-338,-130,-302,452,716,945,-502
2026-01-02,16,28028,A,30050,26023,3153,6417,0,22268,0,12,3764,1327,551,160,-430,-179,-288,527,746,985,-513
2026-01-02,17,30119,A,31943,28035,3027,6417,3,22268,0,12,4035,1444,964,941,-452,-246,280,901,944,985,-514
2026-01-02,18,31484,A,33269,29317,3104,6417,296,22268,0,8,4201,1458,992,997,-406,-257,313,977,958,985,-514
2026-01-02,19,32608,A,34586,30213,3085,6417,1539,22268,0,8,3880,1500,992,1045,-449,-407,812,1350,995,992,-514
2026-01-02,20,32481,A,34579,30010,3086,6417,3102,22268,0,9,3301,1505,992,1047,-452,-523,835,1398,998,992,-514
2026-01-02,21,32207,A,34255,29653,3002,6417,4697,22268,0,8,3556,1505,992,1047,-451,-475,844,1397,997,992,-514
2026-01-02,22,31536,A,33542,28923,3096,6417,5915,22268,0,9,3664,1505,989,1047,-452,-431,844,1397,996,992,-514
2026-01-02,23,31535,A,33319,28797,3054,6417,6769,22268,0,13,4029,1345,883,997,-406,-283,972,1397,939,992,-482
2026-01-02,24,31552,A,33301,28683,2987,6417,7169,22268,0,13,3658,1324,877,996,-450,-173,977,1397,934,992,-513
2026-01-02,25,31434,A,33214,28469,2909,6417,7199,22268,0,13,3525,1481,905,921,-452,-201,999,1397,910,992,-514
2026-01-02,26,30998,A,32783,28091,2895,6417,7014,22268,0,9,3054,1501,908,919,-452,-210,1000,1397,909,992,-514
2026-01-02,27,31849,A,33565,28878,2728,6417,6276,22268,0,9,3558,1467,935,1018,-452,-159,797,1397,951,985,-496
2026-01-02,28,32134,A,33779,29148,2657,6417,5290,22268,0,10,3837,1464,937,988,-452,-70,790,1397,954,985,-513
2026-01-02,29,32785,A,34478,29702,2427,6417,4190,22268,0,12,4165,1475,933,493,-452,-194,857,1397,995,985,-435
2026-01-02,30,34258,A,36027,31225,2393,6417,2735,22268,0,16,3995,1476,934,497,-427,-310,859,1397,994,985,-416
2026-01-02,31,35840,A,37685,32707,2280,6417,1050,22268,0,15,4305,1503,977,1020,-407,-460,730,1397,860,985,-363
2026-01-02,32,37053,A,39118,33989,2489,6417,151,22268,0,8,4283,1506,977,1046,-451,-531,726,1398,852,994,-475
2026-01-02,33,38278,A,40285,35140,2570,6417,0,22268,0,5,4270,1506,877,998,-451,-531,634,1397,870,1218,-420
2026-01-02,34,39928,A,42014,36680,2620,6417,0,22268,0,0,4322,1506,872,997,-452,-531,631,1397,872,1239,-503
2026-01-02,35,41154,A,43251,37783,2461,6417,0,22268,0,0,4176,1505,934,1045,-452,-531,804,1398,874,1412,-514
2026-01-02,36,41156,A,43252,37852,2513,6417,0,22268,0,0,4291,1506,938,1046,-451,-531,810,1397,878,1424,-514
2026-01-02,37,40524,A,42621,37439,2478,6417,0,22268,0,0,4309,1506,930,1046,-452,-531,705,1398,989,1425,-514
2026-01-02,38,39659,A,41755,36664,2479,6417,0,22268,0,0,4222,1506,928,1046,-451,-531,701,1397,996,1425,-514
2026-01-02,39,38839,A,40938,35980,2577,6417,0,22268,0,3,4158,1452,859,1046,-451,-531,753,1397,974,1425,-514
2026-01-02,40,37528,A,39633,34742,2686,6417,0,22268,0,8,4048,1446,853,1047,-452,-531,750,1398,970,1425,-514
2026-01-02,41,36462,A,38565,33788,2662,6417,0,22268,0,7,4074,1337,805,1040,-451,-531,231,1397,879,1424,-514
2026-01-02,42,35327,A,37430,32766,2833,6417,0,22268,0,12,3934,1323,789,1045,-452,-525,206,1397,860,1425,-514
2026-01-02,43,33661,A,35743,31251,2965,6417,0,22268,0,12,3856,725,338,1047,-452,-413,-91,1398,428,1425,-514
2026-01-02,44,32533,A,34369,30245,3011,6417,0,22268,0,10,3673,651,306,1047,-406,-262,-103,1397,399,1424,-455
2026-01-02,45,30540,A,32619,28412,2973,6417,0,22268,0,10,3485,633,273,926,-450,-121,-390,1397,370,1397,-508
2026-01-02,46,29364,A,31504,27366,3101,6417,0,22268,0,8,3540,631,265,918,-452,-191,-402,1397,366,1384,-487
2026-01-02,47,27671,A,29897,25644,3061,6417,0,22268,0,7,3500,445,51,441,-452,-316,-346,1397,327,944,-505
2026-01-02,48,26765,A,29146,24778,3200,6417,0,22268,0,7,3570,423,36,418,-452,-466,-342,1397,323,918,-514
2026-01-03,1,26819,A,28862,24824,3175,6417,0,22268,0,7,3690,592,0,352,-452,-470,27,1397,271,1099,-514
2026-01-03,2,27327,A,29214,25407,3216,6417,0,22268,0,16,3682,614,1,351,-429,-328,42,1385,269,1115,-514
2026-01-03,3,26780,A,29224,24982,3159,6417,0,22268,0,592,3750,702,128,705,-362,-376,167,1234,329,1224,-514
2026-01-03,4,26033,A,29069,24331,3300,6417,0,22268,0,1208,3824,713,137,719,-361,-354,172,1197,333,1225,-513
2026-01-03,5,25281,A,28467,23659,3319,6417,0,22268,0,1246,3939,684,164,659,-362,-464,193,971,331,884,-514
2026-01-03,6,24861,A,28087,23319,3426,6417,0,22268,0,1238,4132,680,167,655,-361,-514,194,932,330,855,-513
2026-01-03,7,24408,A,27612,22906,3644,6417,0,22268,0,1234,4002,516,220,399,-361,-496,202,790,325,712,-513
2026-01-03,8,23850,A,27071,22367,3663,6417,0,22268,0,1233,4062,495,218,389,-361,-513,202,751,323,696,-514
2026-01-03,9,23469,A,26605,21998,3491,6417,0,22268,0,1213,4235,341,27,264,-361,-448,122,480,259,549,-514
2026-01-03,10,23350,A,26413,21824,3524,6417,0,22268,0,1217,4208,322,18,259,-361,-371,119,417,255,535,-514
2026-01-03,11,22843,A,25766,21353,3520,6417,0,22268,0,1213,4483,233,155,105,-361,-220,-15,43,239,414,-514
2026-01-03,12,22942,A,25727,21519,3611,6417,0,22268,0,1194,4574,221,167,102,-361,-96,-20,14,239,402,-514
2026-01-03,13,23925,A,26272,22384,3608,6417,0,22268,0,858,4488,188,241,131,-372,-2,-1,236,253,272,-514
2026-01-03,14,24758,A,26796,23099,3640,6417,0,22268,0,529,4622,185,250,133,-395,0,0,293,256,258,-514
2026-01-03,15,25980,A,27426,24216,3694,6417,0,22268,0,74,4321,304,398,301,-258,0,119,665,319,75,-514
2026-01-03,16,27139,A,28407,25247,3644,6417,0,22268,0,16,4157,319,406,308,-138,0,124,724,323,65,-514
2026-01-03,17,28864,A,30188,26812,3494,6417,5,22268,0,11,3944,441,324,425,-199,0,412,874,335,157,-514
2026-01-03,18,30070,A,31526,27842,3451,6417,341,22268,0,9,3859,456,324,431,-333,0,423,915,344,171,-514
2026-01-03,19,31412,A,33037,28964,3480,6417,1626,22268,0,9,3627,851,550,816,-444,-58,586,1196,593,389,-514
2026-01-03,20,31534,A,33266,28975,3462,6417,3388,22268,0,9,3379,899,566,833,-450,-159,592,1214,610,408,-514
2026-01-03,21,31461,A,33153,28766,3284,6417,4899,22268,0,8,3755,839,591,652,-450,-120,704,999,638,505,-514
2026-01-03,22,31316,A,33069,28542,3327,6417,6086,22268,0,7,4037,832,592,645,-450,-183,708,965,642,509,-513
2026-01-03,23,30820,A,32613,28022,3156,6417,6930,22268,0,7,4071,891,567,762,-450,-222,744,876,695,407,-514
2026-01-03,24,30465,A,32295,27740,3180,6417,7319,22268,0,7,4316,898,568,766,-450,-259,746,856,698,399,-514
2026-01-03,25,30482,A,32285,27729,3056,6417,7162,22268,0,7,4406,1001,633,647,-450,-233,795,745,677,399,-513
2026-01-03,26,30531,A,32377,27941,3155,6417,6973,22268,0,7,4376,1014,637,642,-450,-275,797,723,677,398,-514
2026-01-03,27,30629,A,32445,28095,3147,6417,6567,22268,0,7,4349,994,600,422,-450,-246,623,619,730,338,-513
2026-01-03,28,31101,A,32960,28464,3209,6417,5672,22268,0,10,4344,991,594,413,-450,-285,617,616,725,329,-514
2026-01-03,29,31538,A,33417,28909,3050,6417,4433,22268,0,12,4277,817,458,362,-450,-303,578,745,438,162,-514
2026-01-03,30,32979,A,34989,30238,2963,6417,2965,22268,0,12,4119,795,449,360,-450,-434,577,758,421,161,-514
2026-01-03,31,34509,A,36561,31626,2896,6417,1199,22268,0,13,4148,754,444,300,-450,-476,417,720,465,577,-513
2026-01-03,32,35570,A,37680,32565,2891,6417,165,22268,0,16,4246,751,446,302,-450,-531,414,742,472,613,-513
2026-01-03,33,37413,A,39522,34200,2883,6417,0,22268,0,14,3941,1060,501,792,-450,-531,843,1080,596,889,-514
2026-01-03,34,39028,A,41126,35771,2940,6417,0,22268,0,3,4158,1098,510,816,-450,-531,861,1131,605,916,-514
2026-01-03,35,40635,A,42736,37357,2853,6417,0,22268,0,6,4130,1337,691,1040,-450,-531,864,1238,626,1220,-514
2026-01-03,36,40792,A,42893,37495,2881,6417,0,22268,0,6,4201,1365,707,1049,-450,-531,864,1261,632,1244,-514
2026-01-03,37,40315,A,42418,37057,2857,6417,0,22268,0,8,4015,1152,831,1059,-450,-531,744,1382,796,1333,-514
2026-01-03,38,39661,A,41764,36379,2927,6417,0,22268,0,8,3999,1126,836,1059,-450,-531,739,1397,801,1340,-514
2026-01-03,39,38560,A,40671,35425,2863,6417,0,22268,0,17,4022,1222,713,1054,-450,-531,644,1397,597,1369,-513
2026-01-03,40,37427,A,39542,34416,2924,6417,0,22268,0,20,4143,1233,700,1054,-450,-531,642,1397,581,1371,-514
2026-01-03,41,36426,A,38538,33478,2864,6417,0,22268,0,17,3960,769,507,1008,-450,-531,920,1397,488,1307,-514
2026-01-03,42,35483,A,37596,32577,2929,6417,0,22268,0,18,4024,710,491,1007,-450,-531,931,1398,485,1302,-514
2026-01-03,43,34174,A,36285,31348,2849,6417,0,22268,0,15,4000,835,401,862,-450,-531,839,1397,568,1276,-515
2026-01-03,44,33242,A,35358,30507,2891,6417,0,22268,0,21,3911,851,395,857,-450,-531,835,1397,572,1273,-514
2026-01-03,45,31861,A,33975,29264,2816,6417,0,22268,0,19,3948,967,414,891,-450,-531,592,1397,525,1240,-514
2026-01-03,46,30599,A,32711,28089,2828,6417,0,22268,0,18,3907,981,416,892,-450,-531,583,1374,520,1223,-513
2026-01-03,47,28647,A,30792,26212,2808,6417,0,22268,0,50,4024,887,434,884,-450,-531,418,1079,439,705,-514
2026-01-03,48,27984,A,30329,25587,2747,6417,0,22268,0,285,3922,876,431,883,-450,-497,412,1037,432,671,-513
2026-01-04,1,27899,A,30100,25502,2629,6417,0,22268,0,287,3798,808,302,820,-438,-362,318,973,408,751,-514
2026-01-04,2,28661,A,30760,26377,2613,6417,0,22268,0,301,4025,800,295,817,-352,-333,314,966,406,759,-513
2026-01-04,3,28415,A,30906,26140,2548,6417,0,22268,0,469,3942,827,393,787,-437,-471,444,976,397,826,-514
2026-01-04,4,27714,A,30277,25473,2521,6417,0,22268,0,586,4040,830,400,786,-451,-412,449,976,397,830,-514
2026-01-04,5,27136,A,29655,24853,2448,6417,0,22268,0,528,3989,1043,419,712,-451,-426,476,965,397,797,-514
2026-01-04,6,26686,A,29252,24439,2437,6417,0,22268,0,611,3996,1069,418,709,-451,-391,477,965,395,789,-513
2026-01-04,7,26338,A,28884,24128,2376,6417,0,22268,0,562,3935,1090,365,763,-451,-420,506,982,348,608,-513
2026-01-04,8,25673,A,28255,23440,2397,6417,0,22268,0,641,3927,1092,363,766,-451,-377,506,974,346,591,-513
2026-01-04,9,25302,A,28088,23099,2310,6417,0,22268,0,878,4090,875,399,709,-451,-344,522,843,382,420,-513
2026-01-04,10,25041,A,27757,22784,2284,6417,0,22268,0,882,4053,848,402,707,-451,-269,523,822,386,407,-514
2026-01-04,11,25008,A,27568,22712,2179,6417,0,22268,0,879,4149,653,420,443,-451,-117,476,768,423,365,-513
2026-01-04,12,24847,A,27304,22638,2127,6417,0,22268,0,831,4226,629,418,432,-451,-62,474,766,423,361,-513
2026-01-04,13,25496,A,27502,23251,2102,6417,0,22268,0,305,4135,465,303,451,-436,-151,302,833,306,355,-514
2026-01-04,14,26222,A,28365,23853,2111,6417,0,22268,0,277,3932,444,289,433,-450,-302,296,812,295,347,-514
2026-01-04,15,27262,A,29396,24824,2164,6417,0,22268,0,277,3888,301,91,2,-450,-293,382,439,173,89,-514
2026-01-04,16,28103,A,30187,25616,2158,6417,0,22268,0,237,3765,284,81,0,-450,-283,385,420,168,70,-514
2026-01-04,17,29561,A,31476,26832,2068,6417,6,22268,0,12,3676,573,197,140,-450,-339,283,769,294,43,-514
2026-01-04,18,30937,A,32962,28153,2079,6417,347,22268,0,9,3860,610,220,157,-450,-452,280,842,316,51,-514
2026-01-04,19,32574,A,34595,29649,1982,6417,1629,22268,0,8,3496,1211,726,772,-450,-449,623,1216,813,406,-514
2026-01-04,20,32700,A,34794,29643,1940,6417,3398,22268,0,6,3222,1287,763,806,-450,-524,636,1242,843,436,-514
2026-01-04,21,33028,A,35128,29876,1800,6417,4897,22268,0,5,3273,1375,863,1015,-450,-531,785,982,776,646,-514
2026-01-04,22,32950,A,35050,29707,1684,6417,5912,22268,0,5,3256,1386,867,1022,-450,-531,790,939,768,662,-514
2026-01-04,23,32905,A,35005,29636,1648,6417,6721,22268,0,5,3149,1377,795,1046,-450,-531,562,801,688,680,-514
2026-01-04,24,32905,A,35005,29560,1627,6417,6881,22268,0,5,3130,1375,795,1046,-450,-531,554,787,689,686,-514
2026-01-04,25,34083,A,36183,30631,1610,6417,6923,22268,0,5,3177,1482,980,1046,-450,-531,910,823,892,771,-514
2026-01-04,26,34406,A,36506,30908,1654,6417,6562,22268,0,5,2966,1495,990,1046,-450,-531,924,801,905,771,-514
2026-01-04,27,34673,A,36773,31170,1541,6417,5862,22268,0,5,3128,1476,923,902,-450,-531,857,481,901,536,-514
2026-01-04,28,35382,A,37482,31746,1534,6417,5036,22268,0,5,2861,1471,912,889,-450,-531,849,413,897,516,-514
2026-01-04,29,35725,A,37825,32131,1530,6417,3739,22268,0,5,3012,1129,649,296,-450,-531,333,50,745,372,-514
2026-01-04,30,36933,A,39035,33373,1541,6417,2354,22268,0,7,2945,1085,620,264,-450,-531,308,4,734,351,-514
2026-01-04,31,38169,A,40399,34646,1675,6417,1060,22268,0,9,2996,677,243,113,-450,-531,-81,-3,692,-42,-514
2026-01-04,32,39516,A,41789,35755,1701,6417,171,22268,0,14,2960,627,217,107,-450,-531,-96,-1,681,-67,-514
2026-01-04,33,41181,A,43289,37259,1800,6417,0,22268,0,12,2984,638,203,234,-450,-531,56,38,367,-1,-514
2026-01-04,34,42613,A,44719,38611,1837,6417,0,22268,0,11,2834,640,203,239,-450,-531,61,61,346,0,-514
2026-01-04,35,43213,A,45316,39252,1803,6417,0,22268,0,8,2625,517,221,183,-450,-531,204,289,291,41,-514
2026-01-04,36,43377,A,45477,39505,1828,6417,0,22268,0,5,2686,501,221,181,-450,-531,209,324,288,44,-514
2026-01-04,37,42781,A,44880,38983,1692,6417,0,22268,0,4,2774,435,181,150,-450,-531,84,397,273,0,-514
2026-01-04,38,41587,A,43687,37862,1764,6417,0,22268,0,5,2617,428,173,149,-450,-531,80,408,267,7,-514
2026-01-04,39,40613,A,42728,36982,1763,6417,0,22268,0,11,3083,231,0,103,-450,-531,-9,442,83,338,-514
2026-01-04,40,39889,A,42024,36278,1794,6417,0,22268,0,12,2896,207,-14,102,-450,-531,-14,417,68,363,-514
2026-01-04,41,38942,A,41301,35438,1708,6417,0,22268,0,12,2989,198,-38,102,-450,-531,-125,43,-89,406,-514
2026-01-04,42,37592,A,39982,34165,1716,6417,0,22268,0,12,2884,197,-50,102,-450,-531,-129,-4,-100,409,-514
2026-01-04,43,35837,A,38885,32579,1684,6417,0,22268,0,12,3174,-68,-400,2,-450,-531,-276,-4,-193,393,-514
2026-01-04,44,34628,A,37747,31618,1626,6417,0,22268,0,12,3287,-98,-428,0,-450,-531,-281,-4,-202,370,-513
2026-01-04,45,32813,A,36952,29958,1572,6417,0,22268,0,11,3371,-283,-538,-248,-450,-471,-272,-4,-342,-406,-514
2026-01-04,46,31098,A,35193,28320,1628,6417,0,22268,0,25,3487,-308,-541,-270,-448,-321,-272,-2,-342,-461,-505
2026-01-04,47,29311,A,33890,26633,1574,6417,0,22268,0,586,3628,-663,-372,-482,-380,-177,-268,12,-24,-515,-512
2026-01-04,48,28262,A,33323,25715,1662,6417,0,22271,0,1225,3483,-708,-357,-490,-298,-86,-268,24,-1,-517,-511
2026-01-05,1,28743,A,33869,26241,1584,6417,0,22271,0,1216,3533,-758,-221,-535,-422,-187,-236,152,70,-438,-513
2026-01-05,2,29345,A,34414,26899,1574,6417,0,22271,0,1205,3720,-764,-212,-536,-451,-120,-235,164,73,-432,-514
2026-01-05,3,28993,A,34138,26481,1549,6417,0,22271,0,1210,3782,-794,-202,-486,-451,-218,-252,111,30,-418,-514
2026-01-05,4,28692,A,33798,26211,1602,6417,0,22271,0,1193,3930,-798,-208,-484,-451,-189,-253,98,28,-416,-514
2026-01-05,5,28164,A,33531,25664,1519,6417,0,22271,0,1191,3679,-830,-449,-544,-451,-283,-143,7,39,-362,-514
2026-01-05,6,27767,A,33090,25285,1461,6417,0,22271,0,1193,3562,-834,-462,-547,-451,-216,-139,-4,39,-363,-514
2026-01-05,7,27386,A,32891,24914,1429,6417,0,22271,0,1183,3511,-909,-338,-573,-451,-265,-122,-4,37,-546,-514
2026-01-05,8,27053,A,32619,24517,1423,6417,0,22271,0,1173,3273,-918,-338,-574,-451,-288,-121,-31,26,-558,-514
2026-01-05,9,26844,A,33442,24319,1411,6417,0,22271,0,1171,3619,-1072,-623,-636,-451,-185,-120,-371,-368,-487,-514
2026-01-05,10,26823,A,33597,24266,1457,6417,0,22271,0,1164,3359,-1091,-652,-638,-433,-214,-135,-444,-407,-497,-499
2026-01-05,11,27166,A,35504,24639,1413,6417,0,22271,0,586,3699,-1126,-1003,-573,-303,-80,-883,-829,-922,-1037,-396
2026-01-05,12,28158,A,36062,25498,1504,6417,0,22271,0,80,4057,-1129,-1027,-571,-205,0,-917,-879,-951,-1074,-471
2026-01-05,13,30797,A,37367,27979,1395,6417,0,22271,0,18,4160,-867,-1027,-493,-99,0,-294,-904,-801,-1068,-399
2026-01-05,14,33362,A,40016,30362,1464,6417,0,22271,0,18,3972,-834,-1025,-477,-212,0,-263,-879,-793,-1065,-488
2026-01-05,15,36112,A,41459,32660,1481,6417,0,22271,0,18,3776,-379,-936,-107,-257,0,-168,-519,-868,-1051,-444
2026-01-05,16,38195,A,43559,34514,1518,6417,0,22271,0,16,3424,-322,-916,-104,-398,0,-165,-444,-855,-1036,-508
2026-01-05,17,40380,A,43608,36476,1518,6417,1,22271,0,14,3171,-215,-435,-2,-437,-62,-75,-67,-255,-553,-513
2026-01-05,18,41209,A,44305,37300,1549,6417,249,22271,0,14,3069,-203,-394,0,-343,-212,-72,-11,-208,-525,-514
2026-01-05,19,42771,A,45768,38710,1575,6417,1193,22271,0,14,3087,-158,-107,-99,-430,-364,-3,99,105,-708,-514
2026-01-05,20,42772,A,45920,38597,1535,6417,2663,22271,0,14,2981,-153,-104,-104,-451,-483,0,122,121,-725,-514
2026-01-05,21,42138,A,45955,37983,1431,6417,4330,22271,0,11,2622,-250,-717,135,-451,-393,110,240,8,-881,-514
2026-01-05,22,41328,A,45235,37359,1384,6417,5589,22271,0,12,1966,-261,-764,155,-450,-411,113,249,5,-895,-514
2026-01-05,23,40757,A,44941,36808,1289,6417,6464,22271,0,13,1640,298,-963,2,-450,-405,-211,176,164,-1028,-514
2026-01-05,24,40400,A,44690,36410,1298,6417,7074,22271,0,13,1294,390,-975,0,-451,-481,-221,156,169,-1035,-514
2026-01-05,25,40672,A,44760,36526,1293,6417,7380,22271,0,13,1273,-256,-935,0,-451,-388,230,14,10,-931,-514
2026-01-05,26,40513,A,44823,36409,1288,6417,7224,22271,0,13,1318,-355,-930,-38,-451,-479,250,-4,8,-926,-514
2026-01-05,27,40721,A,45149,36646,1267,6417,6736,22271,0,13,1298,215,-830,-546,-451,-461,344,-4,282,-1009,-514
2026-01-05,28,40684,A,44975,36557,1238,6417,5985,22271,0,13,1217,302,-826,-547,-450,-321,347,-4,297,-1016,-514
2026-01-05,29,40698,A,45102,36609,1230,6417,4781,22271,0,13,1259,142,-919,-475,-451,-365,197,-4,182,-1063,-514
2026-01-05,30,40915,A,45314,36830,1319,6417,3188,22271,0,13,1280,122,-901,-484,-451,-372,192,26,170,-1067,-511
2026-01-05,31,41732,A,45497,37555,1416,6417,1359,22271,0,12,1524,117,-16,-855,-450,-221,-27,400,10,-1089,-495
2026-01-05,32,43162,A,46821,38962,1548,6417,212,22271,0,1,1808,116,44,-769,-451,-206,-35,476,0,-1084,-513
2026-01-05,33,44967,A,47547,40568,1565,6417,0,22271,0,1,1937,115,-1,94,-450,-233,220,850,0,-781,-514
2026-01-05,34,46408,A,49053,41887,1516,6417,0,22271,0,4,2218,115,-4,102,-393,-372,231,926,0,-758,-514
2026-01-05,35,47382,A,50101,42669,1485,6417,0,22271,0,0,2271,9,-4,204,-446,-508,616,1299,0,-647,-514
2026-01-05,36,47239,A,49989,42559,1547,6417,0,22271,0,0,2532,-1,-3,203,-451,-531,628,1340,0,-650,-514
2026-01-05,37,46507,A,49769,42046,1544,6417,0,22271,0,0,2695,452,67,-102,-451,-531,200,1271,0,-1064,-514
2026-01-05,38,46344,A,49636,41965,1566,6417,0,22271,0,0,2575,498,77,-104,-450,-531,181,1254,0,-1093,-514
2026-01-05,39,45244,A,48449,40884,1469,6417,0,22271,0,0,2792,197,278,-2,-450,-531,-15,1146,46,-1093,-514
2026-01-05,40,43704,A,46877,39468,1459,6417,0,22271,0,4,2535,164,300,0,-450,-531,-21,1103,57,-1053,-514
2026-01-05,41,42288,A,44358,38190,1387,6417,0,22271,0,13,2098,500,578,0,-450,-493,289,748,305,1,-514
2026-01-05,42,41241,A,43301,37165,1405,6417,0,22271,0,17,1910,541,590,0,-450,-479,301,675,318,89,-514
2026-01-05,43,40318,A,42428,36389,1409,6417,0,22271,0,15,2247,195,304,196,-450,-531,529,299,224,326,-514
2026-01-05,44,37806,A,39931,34016,1389,6417,0,22271,0,17,1658,149,275,208,-450,-531,533,236,210,286,-527
2026-01-05,45,35424,A,39329,31919,1285,6417,0,22271,0,17,1801,-286,-80,-428,-450,-531,71,23,-64,-935,-514
2026-01-05,46,33726,A,37933,30422,1310,6417,0,22271,0,20,1514,-360,-121,-489,-450,-531,50,-5,-80,-1037,-514
2026-01-05,47,31773,A,37324,28596,1227,6417,0,22271,0,544,1140,-679,-715,-402,-441,-498,-288,-6,-7,-857,-514
2026-01-05,48,30683,A,36650,27768,1222,6417,0,22274,0,1114,891,-720,-742,-399,-356,-374,-301,-6,-1,-840,-514
2026-01-06,1,31394,A,36493,28419,1157,6417,0,22274,0,942,626,-674,-211,-447,-361,-403,-254,-6,35,-663,-538
2026-01-06,2,31579,A,36947,28671,1144,6417,0,22274,0,1392,663,-668,-187,-449,-361,-288,-252,-6,37,-651,-514
2026-01-06,3,31232,A,37161,28429,998,6417,0,22274,0,1384,677,-530,-641,-484,-361,-316,-445,-6,14,-648,-514
2026-01-06,4,30689,A,36119,27915,990,6417,0,22274,0,966,572,-513,-667,-485,-361,-218,-452,-7,11,-647,-514
2026-01-06,5,30158,A,35377,27371,886,6417,0,22274,0,838,358,-600,-478,-498,-361,-166,-477,-7,-46,-634,-514
2026-01-06,6,29972,A,34920,27222,863,6417,0,22274,0,598,131,-611,-470,-498,-335,-138,-478,-19,-51,-636,-514
2026-01-06,7,29441,A,34857,26750,873,6417,0,22274,0,553,366,-614,-660,-579,-330,-33,-502,-173,-94,-764,-514
2026-01-06,8,29124,A,35267,26417,912,6417,0,22274,0,1257,151,-615,-674,-582,-330,0,-503,-221,-104,-768,-489
2026-01-06,9,28829,A,35832,26059,841,6417,0,22274,0,1162,532,-695,-710,-734,-295,-14,-844,-603,-360,-619,-367
2026-01-06,10,28925,A,36146,26127,838,6417,0,22274,0,1194,999,-705,-715,-741,-228,-111,-857,-681,-382,-618,-389
2026-01-06,11,29041,A,36754,26280,933,6417,0,22274,0,980,1400,-994,-807,-789,-83,-22,-558,-1069,-573,-974,-264
2026-01-06,12,29691,A,36994,26889,1036,6417,0,22274,0,692,1710,-1031,-818,-751,0,-43,-547,-1136,-588,-982,-115
2026-01-06,13,32404,A,38051,29447,946,6417,0,22274,0,144,2045,-1028,-976,-112,68,-2,-351,-1367,-691,-376,27
2026-01-06,14,34593,A,40023,31573,962,6417,0,22274,0,17,2698,-1024,-967,-105,137,0,-342,-1365,-677,-333,65
2026-01-06,15,37991,A,40476,34725,994,6417,0,22274,0,7,2406,-153,-247,-209,18,0,60,-971,29,-236,-62
2026-01-06,16,39949,A,42294,36560,1112,6417,0,22274,0,0,2703,-58,-202,-213,0,0,77,-892,74,-216,-164
2026-01-06,17,41482,A,43150,37862,1175,6417,5,22274,0,0,2988,-26,-337,322,0,0,208,-506,32,237,-199
2026-01-06,18,42672,A,44302,38916,1237,6417,287,22274,0,0,3206,-21,-344,433,0,0,216,-428,34,268,-237
2026-01-06,19,43688,A,45092,39825,1317,6417,1029,22274,0,13,3035,127,-265,806,-64,-26,652,-51,176,268,-385
2026-01-06,20,43616,A,45058,39686,1389,6417,1802,22274,0,13,2835,177,-259,852,-112,0,671,-4,182,268,-454
2026-01-06,21,42957,A,44571,39118,1442,6417,2228,22274,0,15,2918,64,-230,839,-253,0,511,-4,83,245,-512
2026-01-06,22,41921,A,43628,38131,1483,6417,2859,22274,0,17,2668,48,-222,837,-350,0,504,-4,77,233,-514
2026-01-06,23,41764,A,43411,37987,1572,6417,3288,22274,0,17,2573,-77,-18,764,-359,26,124,-4,52,-126,-446
2026-01-06,24,41768,A,43155,38041,1687,6417,3585,22274,0,15,3056,-103,0,736,-211,-16,109,-4,50,-144,-294
2026-01-06,25,42223,A,43343,38573,1899,6417,3356,22274,0,13,3796,-15,101,339,-200,-145,201,-4,50,134,-143
2026-01-06,26,42691,A,43916,39120,2066,6417,2976,22274,0,12,4069,-1,105,338,-305,-294,204,-13,49,165,6
2026-01-06,27,42188,A,43721,38450,2303,6417,2727,22274,0,14,3762,-1,-35,353,-431,-324,283,-128,43,548,132
2026-01-06,28,42148,A,43817,38515,2540,6417,2207,22274,0,64,3883,-1,-44,347,-450,-356,286,-154,42,565,124
2026-01-06,29,41930,A,43688,38375,2693,6417,1648,22274,0,11,3851,-45,-10,140,-450,-327,130,-315,12,202,69
2026-01-06,30,41888,A,43539,38423,2855,6417,1110,22274,0,8,4131,-56,-8,121,-450,-192,125,-337,11,187,176
2026-01-06,31,42458,A,44453,39020,2916,6417,488,22274,0,11,4066,-215,-5,-233,-450,-120,75,-361,11,609,157
2026-01-06,32,43520,A,45415,39939,3096,6417,102,22274,0,12,4153,-258,-11,-233,-431,-10,74,-340,7,645,200
2026-01-06,33,44203,A,45919,40492,3186,6417,0,22274,0,12,4299,-293,-259,-112,-303,0,343,-41,-96,818,200
2026-01-06,34,45344,A,47091,41522,3335,6417,0,22274,0,98,4189,-308,-278,-104,-232,-12,353,-5,-110,826,200
2026-01-06,35,45444,A,47861,41627,3408,6417,0,22274,0,321,4150,-446,-335,414,-216,-108,265,-7,-384,664,147
2026-01-06,36,45234,A,47454,41399,3601,6417,0,22274,0,318,4300,-465,-342,496,-66,-20,262,-8,-401,642,17
2026-01-06,37,44580,A,47360,40902,3638,6417,0,22274,0,327,4315,-827,-460,589,-81,54,263,-17,-400,269,-68
2026-01-06,38,43768,A,46929,40240,3795,6417,0,22274,0,327,4376,-874,-474,595,-224,10,262,-44,-400,244,-218
2026-01-06,39,42473,A,46397,39053,3784,6417,0,22274,0,322,4480,-965,-689,814,-166,0,-45,-372,-400,412,-365
2026-01-06,40,41633,A,45528,38273,3760,6417,0,22274,0,320,4397,-978,-704,823,-112,0,-57,-386,-405,410,-333
2026-01-06,41,39798,A,43941,36556,3754,6417,0,22274,0,321,4317,-1404,-703,787,-155,0,170,-46,-606,-127,-181
2026-01-06,42,38446,A,42410,35260,3835,6417,0,22274,0,317,4502,-1465,-701,786,-23,0,178,-4,-610,-163,-81
2026-01-06,43,37213,A,40560,34028,3839,6417,0,22274,0,318,4550,-1188,-612,915,9,0,-152,-4,-310,-163,35
2026-01-06,44,35211,A,38516,32026,3815,6417,0,22274,0,321,4475,-1152,-610,919,49,0,-165,-5,-287,-165,175
2026-01-06,45,32931,A,36224,30098,3636,6417,0,22274,0,318,4404,-939,-748,842,0,0,-329,-8,-139,-212,146
2026-01-06,46,30954,A,34361,28339,3602,6417,0,22274,0,478,4323,-913,-741,796,0,0,-335,22,-129,-211,43
2026-01-06,47,28472,A,31773,26157,3593,6417,0,22274,0,1424,3807,-558,-163,112,-56,0,-258,397,-123,-51,-68
2026-01-06,48,27469,A,30807,25238,3620,6417,0,22297,0,1564,3684,-506,-125,102,-11,0,-255,464,-122,-39,-116
2026-01-07,1,27936,A,30653,25744,3547,6417,0,22297,0,1553,3402,3,-178,308,0,0,-55,730,-122,-1,-208
2026-01-07,2,28695,A,31339,26588,3615,6417,0,22297,0,1546,3645,40,-180,325,0,0,-48,759,-120,0,-150
2026-01-07,3,28287,A,31070,26290,3590,6417,0,22297,0,1549,3710,77,-123,344,-31,0,-172,701,-60,55,-248
2026-01-07,4,27394,A,30118,25497,3689,6417,0,22297,0,1534,3894,105,-119,345,-16,0,-176,704,-55,62,-224
2026-01-07,5,26863,A,29589,25075,3664,6417,0,22297,0,1526,3820,300,-113,262,-117,0,-20,846,17,42,-350
2026-01-07,6,26732,A,29512,24983,3721,6417,0,22297,0,1519,3872,324,-115,259,-45,0,-15,834,20,43,-486
2026-01-07,7,26463,A,29508,24722,3727,6417,0,22297,0,1452,3820,275,-195,488,-138,0,-54,462,-92,166,-514
2026-01-07,8,26098,A,29204,24449,3790,6417,0,22297,0,1508,3847,268,-203,497,-125,0,-56,391,-100,181,-514
2026-01-07,9,25526,A,29053,23856,3659,6417,0,22297,0,1505,3847,-189,-301,418,-171,0,-154,73,-136,410,-471
2026-01-07,10,25577,A,29005,23828,3780,6417,0,22297,0,1464,3959,-265,-315,415,-160,0,-158,53,-142,424,-324
2026-01-07,11,25934,A,29690,24109,3774,6417,0,22297,0,1060,4050,-564,-593,278,-29,0,-457,290,-250,345,-203
2026-01-07,12,26452,A,30776,24602,3868,6417,0,22297,0,1348,3844,-602,-620,273,-114,0,-468,299,-263,336,-309
2026-01-07,13,28777,A,33863,26781,3952,6417,0,22297,0,999,3794,-1172,-896,535,-188,-68,-243,29,-497,241,-423
2026-01-07,14,31732,A,36991,29482,4030,6417,0,22297,0,687,3451,-1235,-906,546,-322,-221,-235,-34,-507,232,-512
2026-01-07,15,35353,A,39201,32794,4000,6417,0,22297,0,73,3478,-265,-601,807,-301,-372,-391,-411,-323,193,-511
2026-01-07,16,37230,A,41138,34380,3951,6417,0,22297,0,22,3352,-134,-577,818,-417,-508,-397,-428,-312,194,-513
2026-01-07,17,38770,A,42195,35733,3716,6417,7,22297,0,209,3497,57,-483,698,-451,-531,-261,-51,-325,344,-514
2026-01-07,18,39380,A,42636,36326,3684,6417,391,22297,0,121,4204,67,-468,693,-451,-531,-255,7,-316,361,-514
2026-01-07,19,40454,A,42757,37189,3603,6417,1437,22297,0,15,4122,-26,-166,723,-451,-531,7,138,51,611,-514
2026-01-07,20,40164,A,42456,36775,3561,6417,2409,22297,0,14,4090,-36,-146,723,-451,-531,12,158,72,630,-514
2026-01-07,21,39425,A,42307,35963,3551,6417,3200,22297,0,14,3649,-100,-156,411,-451,-531,-480,210,-36,680,-514
2026-01-07,22,38497,A,41418,34968,3469,6417,4446,22297,0,14,3353,-105,-162,400,-451,-531,-496,220,-48,688,-514
2026-01-07,23,37658,A,40955,34086,3385,6417,5297,22297,0,9,2861,-666,-316,807,-451,-531,79,253,-210,859,-514
2026-01-07,24,37052,A,40439,33478,3319,6417,5925,22297,0,9,2367,-734,-324,824,-451,-531,107,270,-224,878,-514
2026-01-07,25,37149,A,40030,33522,3210,6417,5691,22297,0,9,1954,-230,-200,696,-451,-531,40,434,-346,1114,-514
2026-01-07,26,37108,A,39916,33410,3130,6417,5441,22297,0,8,1108,-165,-191,692,-451,-531,37,460,-348,1128,-514
2026-01-07,27,37520,A,40107,33795,2939,6417,5038,22297,0,145,520,-59,-137,919,-451,-531,32,524,-150,1007,-514
2026-01-07,28,37666,A,40243,33849,2866,6417,4431,22297,0,163,31,-46,-133,928,-451,-531,32,555,-139,991,-514
2026-01-07,29,38343,A,41116,34445,2616,6417,3262,22297,0,164,-261,-192,-126,687,-451,-531,86,844,-195,831,-514
2026-01-07,30,39175,A,41963,35212,2437,6417,2022,22297,0,164,-6,-213,-128,682,-451,-531,88,909,-187,823,-514
2026-01-07,31,40148,A,43013,36194,2414,6417,982,22297,0,165,-266,-402,-202,1046,-451,-531,331,1282,241,977,-514
2026-01-07,32,41270,A,44001,37249,2302,6417,164,22297,0,10,-318,-424,-201,1062,-451,-531,349,1333,266,984,-514
2026-01-07,33,43138,A,45242,38964,2036,6417,1,22297,0,8,-179,250,38,1043,-451,-531,965,1390,194,824,-514
2026-01-07,34,44539,A,46647,40183,1863,6417,0,22297,0,12,8,436,52,1043,-451,-531,997,1398,185,815,-514
2026-01-07,35,45035,A,47089,40611,1652,6417,0,22297,0,8,116,459,-9,1068,-451,-472,816,1397,21,924,-514
2026-01-07,36,45281,A,47256,40878,1563,6417,0,22297,0,7,252,474,-9,1069,-451,-394,810,1397,15,942,-514
2026-01-07,37,45238,A,47251,40782,1445,6417,0,22297,0,7,153,804,137,1066,-448,-444,967,1398,190,1332,-514
2026-01-07,38,44280,A,46132,39939,1388,6417,0,22297,0,9,193,841,157,1065,-378,-351,972,1397,202,1360,-514
2026-01-07,39,44047,A,46054,39807,1310,6417,0,22297,0,10,301,1264,532,1063,-446,-437,922,1397,246,1417,-514
2026-01-07,40,42795,A,44715,38642,1223,6417,0,22297,0,10,-152,1267,554,1063,-452,-344,920,1397,245,1425,-514
2026-01-07,41,41660,A,43498,37676,1041,6417,0,22297,0,9,-396,908,418,1018,-452,-263,852,1398,108,1425,-514
2026-01-07,42,40297,A,42109,36403,992,6417,0,22297,0,12,-505,858,388,1016,-451,-236,849,1397,96,1424,-513
2026-01-07,43,37773,A,40081,33982,964,6417,0,22297,0,14,-294,133,-356,945,-451,-345,737,1397,-28,1401,-514
2026-01-07,44,36367,A,38586,32725,928,6417,0,22297,0,12,-227,89,-407,943,-448,-232,732,1397,-36,1397,-484
2026-01-07,45,34433,A,36747,30968,870,6417,0,22297,0,13,-223,-222,-390,926,-451,-152,372,1397,19,1321,-486
2026-01-07,46,32822,A,34954,29582,836,6417,0,22297,0,16,-318,-213,-373,925,-451,-32,358,1368,36,1297,-447
2026-01-07,47,31312,A,33321,28141,734,6417,0,22297,0,413,-849,170,195,807,-451,-65,182,994,492,657,-480
2026-01-07,48,30020,A,32345,26847,670,6417,0,22301,0,544,-892,230,241,802,-451,-216,175,932,521,618,-514
2026-01-08,1,30015,A,32475,26888,640,6417,0,22301,0,594,-931,1029,483,842,-385,-367,360,736,556,835,-514
2026-01-08,2,30705,A,33248,27684,637,6417,0,22301,0,593,-634,1062,505,844,-331,-505,366,713,562,848,-514
2026-01-08,3,30315,A,32885,27374,640,6417,0,22301,0,593,-714,934,666,803,-332,-531,286,724,685,774,-514
2026-01-08,4,29377,A,32151,26519,657,6417,0,22301,0,797,-899,945,683,802,-332,-531,283,719,697,762,-514
2026-01-08,5,29062,A,31886,26226,698,6417,0,22301,0,848,-621,1172,890,720,-331,-531,270,643,826,514,-514
2026-01-08,6,28576,A,31404,25801,687,6417,0,22301,0,852,-544,1200,904,716,-331,-531,269,643,835,484,-514
2026-01-08,7,27894,A,30710,25160,759,6417,0,22301,0,839,-477,1429,868,446,-332,-531,292,766,843,31,-514
2026-01-08,8,27238,A,30050,24568,726,6417,0,22301,0,835,-507,1437,867,417,-331,-531,291,772,843,-1,-514
2026-01-08,9,26838,A,29459,24232,642,6417,0,22301,0,420,-297,1298,918,2,-332,-531,-114,660,831,-110,-514
2026-01-08,10,27030,A,29470,24358,575,6417,0,22301,0,211,-261,1249,899,0,-332,-531,-131,617,821,-121,-514
2026-01-08,11,27356,A,29827,24636,488,6417,0,22301,0,72,138,332,80,-110,-398,-531,15,243,476,-234,-526
2026-01-08,12,28232,A,30719,25473,443,6417,0,22301,0,19,-16,283,30,-139,-452,-510,17,187,453,-253,-514
2026-01-08,13,30769,A,34434,27810,432,6417,0,22301,0,19,295,88,233,-581,-452,-401,-444,65,403,-655,-513
2026-01-08,14,33039,A,36802,29852,408,6417,0,22301,0,19,666,113,258,-574,-452,-462,-464,80,402,-678,-514
2026-01-08,15,36830,A,39691,33290,375,6417,0,22301,0,20,717,818,636,-121,-436,-500,-152,453,500,-518,-514
2026-01-08,16,38343,A,41096,34664,364,6417,0,22301,0,14,916,863,668,-109,-340,-531,-136,529,518,-509,-514
2026-01-08,17,39752,A,42402,35894,368,6417,1,22301,0,14,603,1213,899,101,-429,-531,328,902,900,-562,-514
2026-01-08,18,40547,A,43208,36628,366,6417,77,22301,0,8,519,1236,917,127,-452,-531,353,977,926,-556,-514
2026-01-08,19,42293,A,44566,38230,367,6417,371,22301,0,7,663,1497,986,660,-452,-516,841,1351,993,-184,-514
2026-01-08,20,42672,A,44946,38631,365,6417,736,22301,0,7,809,1496,988,621,-451,-527,864,1397,997,-175,-514
2026-01-08,21,41890,A,45109,37943,407,6417,970,22301,0,3,1045,1378,900,-406,-385,-531,609,1397,977,-780,-514
2026-01-08,22,41804,A,45151,37828,445,6417,1147,22301,0,3,1112,1375,897,-441,-445,-531,600,1398,976,-813,-514
2026-01-08,23,41923,A,44538,37883,475,6417,1120,22301,0,2,726,1503,986,-3,-451,-531,926,1397,996,-514,-514
2026-01-08,24,42480,A,44969,38468,493,6417,1041,22301,0,1,722,1507,992,0,-396,-531,939,1396,998,-473,-488
2026-01-08,25,43132,A,44876,38922,499,6417,943,22301,0,4,667,1506,992,701,-247,-531,1011,1383,998,259,-362
2026-01-08,26,42785,A,44404,38597,572,6417,768,22301,0,5,655,1506,992,848,-108,-531,1014,1352,998,286,-375
2026-01-08,27,42747,A,44684,38495,630,6417,598,22301,0,5,970,1507,992,604,-4,-531,871,978,999,-547,-250
2026-01-08,28,42855,A,44862,38524,727,6417,426,22301,0,5,902,1506,992,603,0,-531,866,902,999,-603,-268
2026-01-08,29,42177,A,44122,37854,813,6417,257,22301,0,5,755,1507,992,669,0,-531,752,530,999,-616,-193
2026-01-08,30,41912,A,43852,37676,978,6417,127,22301,0,5,748,1506,992,621,0,-531,748,458,1000,-623,-181
2026-01-08,31,41492,A,43619,37348,1122,6417,28,22301,0,0,833,1506,992,3,-35,-531,862,127,999,-840,-121
2026-01-08,32,42221,A,44217,38066,1303,6417,4,22301,0,0,908,1506,992,0,0,-531,866,116,998,-858,-7
2026-01-08,33,43708,A,45919,39429,1448,6417,0,22301,0,0,871,1506,992,156,-54,-531,650,489,998,-977,-49
2026-01-08,34,44233,A,46520,39785,1655,6417,0,22301,0,1,558,1506,992,167,-35,-531,642,549,998,-980,-140
2026-01-08,35,44440,A,46778,39908,1811,6417,0,22301,0,0,304,1507,992,104,-150,-531,438,706,997,-765,-292
2026-01-08,36,44525,A,47130,40026,2010,6417,0,22301,0,0,46,1506,992,102,-300,-531,417,697,996,-749,-425
2026-01-08,37,44228,A,47269,39771,2208,6417,0,22301,0,0,-118,1471,990,304,-433,-531,-297,323,997,-702,-478
2026-01-08,38,44006,A,47028,39321,2409,6417,0,22301,0,2,-243,1467,988,321,-386,-531,-308,287,996,-696,-499
2026-01-08,39,43345,A,45864,38682,2578,6417,0,22301,0,10,-437,1437,910,383,-391,-531,632,404,967,-617,-370
2026-01-08,40,41341,A,43672,37166,2629,6417,0,22301,0,11,-233,1435,907,394,-319,-531,697,448,966,-606,-264
2026-01-08,41,40225,A,42596,36067,2588,6417,0,22301,0,9,-585,1497,987,966,-424,-531,985,820,995,-423,-384
2026-01-08,42,37920,A,40409,33886,2670,6417,0,22301,0,8,-600,1505,992,996,-451,-531,996,896,997,-395,-504
2026-01-08,43,36204,A,38294,32303,2656,6417,0,22301,0,11,-398,1505,992,1054,-451,-531,997,1270,998,169,-497
2026-01-08,44,34582,A,36535,30878,2690,6417,0,22301,0,13,-218,1505,992,1056,-440,-531,997,1286,997,222,-369
2026-01-08,45,32600,A,34479,29043,2674,6417,0,22301,0,12,-121,1506,992,867,-450,-513,996,913,997,723,-304
2026-01-08,46,30577,A,32104,27184,2750,6417,0,22301,0,12,2,1505,992,860,-358,-381,997,896,997,764,-176
2026-01-08,47,28692,A,30994,25357,2688,6417,0,22301,0,791,110,1505,992,999,-370,-370,997,1270,998,1010,-171
2026-01-08,48,27473,A,30335,24246,2743,6417,0,22305,0,981,172,1504,992,1003,-452,-507,997,1322,997,1027,-322
2026-01-09,1,27908,A,30939,24710,2716,6417,0,22305,0,979,358,1504,992,1004,-452,-531,997,1389,998,994,-469
2026-01-09,2,28573,A,31486,25417,2793,6417,0,22305,0,865,376,1504,993,1003,-452,-483,997,1397,998,991,-513
2026-01-09,3,28475,A,31420,25383,2830,6417,0,22305,0,972,343,1504,993,1004,-452,-407,997,1398,998,991,-514
2026-01-09,4,27956,A,31004,24920,2832,6417,0,22305,0,975,453,1504,993,1004,-452,-507,997,1397,998,991,-514
2026-01-09,5,27445,A,30514,24487,2747,6417,0,22305,0,972,333,1504,992,1003,-452,-531,997,1398,998,991,-514
2026-01-09,6,27155,A,30212,24303,2749,6417,0,22305,0,961,316,1504,992,1004,-452,-531,997,1397,998,991,-513
2026-01-09,7,26777,A,29699,24000,2668,6417,0,22305,0,826,435,1505,992,1003,-452,-531,997,1397,998,991,-513
2026-01-09,8,25967,A,29018,23255,2701,6417,0,22305,0,954,495,1505,992,1004,-452,-531,997,1397,998,991,-514
2026-01-09,9,25987,A,28879,23235,2669,6417,0,22305,0,796,528,1505,992,1003,-452,-531,997,1397,998,991,-513
2026-01-09,10,25758,A,28777,22927,2658,6417,0,22305,0,943,-33,1505,992,1004,-452,-510,997,1397,998,991,-514
2026-01-09,11,26521,A,29507,23603,2547,6417,0,22305,0,946,-76,1505,992,1004,-452,-475,987,1397,998,991,-513
2026-01-09,12,27449,A,30363,24487,2553,6417,0,22305,0,945,2,1504,991,1004,-452,-404,987,1397,995,991,-513
2026-01-09,13,29598,A,31925,26524,2452,6417,0,22305,0,414,99,1393,965,1004,-328,-450,798,1398,906,1024,-535
2026-01-09,14,32231,A,34296,28955,2484,6417,0,22305,0,18,-13,1379,962,1003,-403,-530,791,1397,900,1030,-514
2026-01-09,15,35450,A,37560,31905,2432,6417,0,22305,0,13,4,1124,925,781,-452,-531,690,1397,886,1150,-514
2026-01-09,16,37356,A,39466,33598,2442,6417,0,22305,0,13,-118,1093,923,773,-452,-531,686,1397,885,1160,-514
2026-01-09,17,38507,A,40617,34575,2293,6417,0,22305,0,13,-372,988,947,731,-452,-531,712,1397,895,1179,-514
2026-01-09,18,39588,A,41698,35590,2295,6417,39,22305,0,13,-277,976,949,730,-452,-531,714,1397,899,1184,-514
2026-01-09,19,41200,A,43311,37076,2209,6417,243,22305,0,14,-3,1445,990,993,-452,-531,1005,1397,991,1318,-514
2026-01-09,20,41705,A,43815,37557,2289,6417,503,22305,0,13,-34,1505,992,1003,-452,-531,1017,1397,998,1325,-514
2026-01-09,21,41936,A,44046,37764,2187,6417,793,22305,0,13,-96,1505,992,1004,-452,-531,1017,1397,998,1249,-514
2026-01-09,22,41754,A,43865,37559,2197,6417,1068,22305,0,14,-158,1505,992,1002,-452,-531,1017,1397,998,1241,-514
2026-01-09,23,41934,A,44046,37779,2164,6417,1342,22305,0,15,111,1505,992,1003,-452,-531,1017,1397,998,1253,-514
2026-01-09,24,41718,A,43830,37563,2230,6417,1493,22305,0,15,103,1505,992,1003,-452,-531,1017,1397,998,1254,-514
2026-01-09,25,42126,A,44237,37971,2178,6417,1579,22305,0,15,226,1505,992,1003,-451,-531,1016,1397,997,1274,-514
2026-01-09,26,41828,A,43937,37695,2157,6417,1540,22305,0,12,73,1506,992,1004,-452,-531,1016,1397,998,1278,-514
2026-01-09,27,41586,A,43693,37451,2131,6417,1350,22305,0,11,80,1506,992,1003,-451,-531,1016,1397,998,1372,-514
2026-01-09,28,41178,A,43286,37010,2159,6417,1304,22305,0,11,-78,1506,992,1003,-452,-531,1016,1397,998,1379,-514
2026-01-09,29,41327,A,43435,37245,2086,6417,997,22305,0,11,350,1506,992,963,-452,-531,966,1397,998,1359,-514
2026-01-09,30,40788,A,42896,36725,2083,6417,740,22305,0,11,399,1506,992,961,-452,-531,963,1397,998,1354,-514
2026-01-09,31,40873,A,42978,36784,2123,6417,402,22305,0,9,644,1507,992,1002,-451,-531,644,1397,998,1371,-514
2026-01-09,32,41530,A,43637,37426,2161,6417,105,22305,0,11,837,1507,992,1004,-451,-531,632,1397,998,1373,-514
2026-01-09,33,42164,A,44252,38046,1999,6417,1,22305,0,8,750,1507,992,783,-452,-531,689,1397,998,1419,-497
2026-01-09,34,43589,A,45630,39443,2015,6417,0,22305,0,4,1169,1507,987,775,-452,-531,692,1397,999,1422,-454
2026-01-09,35,44353,A,46316,40169,1951,6417,0,22305,0,4,1412,1506,809,762,-452,-531,985,1397,998,1422,-376
2026-01-09,36,44295,A,46294,40002,2016,6417,0,22305,0,4,1507,1505,798,761,-452,-531,996,1398,998,1422,-412
2026-01-09,37,43596,A,45600,39337,1953,6417,0,22305,0,4,1474,1194,798,820,-451,-531,712,1397,998,1421,-418
2026-01-09,38,42331,A,44280,38079,1908,6417,0,22305,0,6,1128,1155,803,823,-452,-531,701,1397,999,1422,-360
2026-01-09,39,41749,A,43700,37686,1796,6417,0,22305,0,9,1199,1467,980,945,-450,-531,552,1397,999,1422,-361
2026-01-09,40,40842,A,42929,36905,1778,6417,0,22305,0,12,1556,1507,993,950,-451,-531,547,1397,998,1422,-493
2026-01-09,41,39683,A,41791,35847,1724,6417,0,22305,0,12,1632,1506,992,1007,-451,-531,455,1397,998,1422,-514
2026-01-09,42,38198,A,40245,34428,1770,6417,0,22305,0,8,1629,1507,992,1009,-452,-528,455,1397,998,1422,-459
2026-01-09,43,37310,A,39181,33615,1643,6417,0,22305,0,7,1819,1442,960,1003,-452,-432,880,1397,991,1422,-380
2026-01-09,44,35488,A,37159,31948,1559,6417,0,22305,0,7,2016,1433,957,1003,-413,-283,898,1397,991,1422,-368
2026-01-09,45,33891,A,35567,30538,1428,6417,0,22305,0,7,1985,1451,934,1008,-451,-209,897,1397,995,1405,-409
2026-01-09,46,31969,A,33400,28755,1424,6417,0,22305,0,7,2021,1455,935,1009,-430,-62,897,1397,996,1390,-332
2026-01-09,47,30632,A,32198,27600,1353,6417,0,22305,0,106,1977,1489,988,1027,-446,-61,992,1397,998,1029,-353
2026-01-09,48,29827,A,31532,26873,1352,6417,0,22305,0,125,1804,1493,992,1029,-452,-32,996,1397,998,1002,-496
2026-01-10,1,29832,A,31572,26876,1294,6417,0,22305,0,125,1834,1504,992,1056,-452,-49,997,1397,997,990,-514
2026-01-10,2,30226,A,31848,27374,1298,6417,0,22305,0,127,2129,1505,992,1058,-381,-1,997,1397,998,989,-513
2026-01-10,3,29746,A,31265,26991,1252,6417,0,22305,0,126,2345,1506,992,1056,-279,0,997,1398,998,989,-514
2026-01-10,4,29364,A,30974,26739,1234,6417,0,22305,0,124,2335,1505,992,1054,-355,0,997,1397,998,989,-531
2026-01-10,5,28870,A,30695,26290,1168,6417,0,22305,0,361,2398,1505,992,1054,-350,0,997,1397,998,989,-514
2026-01-10,6,28377,A,30283,25790,1177,6417,0,22305,0,347,2272,1505,992,1054,-445,0,997,1397,998,989,-514
2026-01-10,7,27841,A,29889,25308,1126,6417,0,22305,0,482,2251,1505,992,1052,-452,0,997,1397,998,989,-514
2026-01-10,8,27539,A,29745,24996,1131,6417,0,22305,0,689,2385,1505,992,1052,-403,0,997,1397,999,989,-514
2026-01-10,9,27183,A,29378,24668,1082,6417,0,22305,0,639,2337,1505,992,1051,-442,0,997,1397,998,989,-514
2026-01-10,10,26703,A,28937,24148,1074,6417,0,22305,0,636,2101,1505,992,1051,-452,-32,997,1397,998,989,-514
2026-01-10,11,26559,A,28742,24015,1034,6417,0,22305,0,679,2167,1505,992,1051,-391,0,997,1397,998,989,-513
2026-01-10,12,26920,A,29063,24368,1075,6417,0,22305,0,644,2341,1505,992,1051,-385,0,997,1398,998,989,-514
2026-01-10,13,27638,A,29435,25058,1067,6417,0,22305,0,305,2172,1505,992,1051,-310,-68,997,1397,997,989,-514
2026-01-10,14,29107,A,30951,26500,1107,6417,0,22305,0,180,2208,1499,986,1050,-330,-220,997,1385,997,991,-514
2026-01-10,15,30318,A,32310,27563,1054,6417,0,22305,0,144,2321,1399,776,1047,-362,-372,831,1228,997,1084,-514
2026-01-10,16,31251,A,33396,28483,1080,6417,0,22305,0,74,2256,1397,767,1046,-449,-508,825,1221,997,1100,-514
2026-01-10,17,33265,A,35518,30264,1046,6417,9,22305,0,157,2032,1474,963,799,-451,-531,939,1378,952,1400,-514
2026-01-10,18,34695,A,36965,31549,1105,6417,434,22305,0,173,2390,1481,976,789,-452,-531,943,1397,951,1409,-514
2026-01-10,19,35314,A,37581,32062,1035,6417,1608,22305,0,170,2519,1505,991,706,-452,-531,938,1397,995,942,-514
2026-01-10,20,35753,A,37912,32463,1034,6417,3073,22305,0,62,2459,1505,992,704,-452,-531,938,1396,998,910,-514
2026-01-10,21,35686,A,37795,32312,1017,6417,4373,22305,0,13,2523,1505,992,932,-451,-531,777,1372,997,909,-514
2026-01-10,22,35251,A,37361,31874,1017,6417,5174,22305,0,13,2455,1505,992,941,-452,-531,771,1365,998,900,-514
2026-01-10,23,34817,A,36924,31471,1014,6417,5986,22305,0,10,2603,1482,992,658,-452,-531,777,1304,998,422,-514
2026-01-10,24,34491,A,36602,31214,1086,6417,6408,22305,0,14,2696,1482,992,646,-452,-531,777,1278,997,384,-514
2026-01-10,25,34338,A,36447,31085,1044,6417,6048,22305,0,13,2820,1487,992,506,-451,-531,507,1050,989,261,-514
2026-01-10,26,34482,A,36594,31229,1109,6417,6241,22305,0,15,2952,1485,992,500,-452,-531,495,992,988,241,-514
2026-01-10,27,34422,A,36666,31144,1108,6417,5691,22305,0,6,3011,1426,991,238,-451,-531,146,618,997,-142,-514
2026-01-10,28,34682,A,36972,31370,1101,6417,4657,22305,0,14,3049,1428,991,225,-451,-531,133,542,998,-180,-514
2026-01-10,29,35098,A,37793,31798,1017,6417,3730,22305,0,11,3069,1505,992,3,-452,-531,72,169,998,-587,-514
2026-01-10,30,35953,A,38646,32691,1045,6417,2393,22305,0,13,3134,1507,992,0,-451,-531,70,114,999,-626,-472
2026-01-10,31,36607,A,39736,33408,1126,6417,1050,22305,0,16,3261,1507,992,-105,-451,-511,98,9,999,-1065,-381
2026-01-10,32,37435,A,40435,34190,1195,6417,240,22305,0,14,3331,1507,992,-110,-452,-377,99,0,998,-1095,-352
2026-01-10,33,39084,A,41684,35720,1215,6417,3,22305,0,9,3382,1507,992,95,-433,-226,27,51,999,-1088,-244
2026-01-10,34,40457,A,42957,36975,1289,6417,0,22305,0,0,3650,1494,988,102,-451,-93,24,87,998,-1062,-294
2026-01-10,35,42264,A,43748,38715,1346,6417,0,22305,0,7,3873,1189,858,572,-449,-1,82,458,999,-160,-267
2026-01-10,36,42619,A,43839,39163,1414,6417,0,22305,0,8,3999,1146,842,642,-347,0,84,524,988,-96,-169
2026-01-10,37,41963,A,42911,38641,1440,6417,0,22305,0,8,4310,539,592,381,-221,-45,146,771,584,-2,-72
2026-01-10,38,41395,A,42153,38176,1549,6417,0,22305,0,8,4266,533,570,359,-70,-78,148,775,550,-2,68
2026-01-10,39,39978,A,40778,36927,1681,6417,0,22305,0,16,4584,1029,397,2,68,62,198,436,266,-184,189
2026-01-10,40,39164,A,39973,36317,1835,6417,0,22305,0,14,4638,1043,379,0,189,159,200,368,243,-195,200
2026-01-10,41,37767,A,38493,35131,1944,6417,0,22305,0,71,4504,511,189,106,200,36,7,37,51,-55,200
2026-01-10,42,36953,A,37762,34448,2134,6417,0,22305,0,168,4503,440,174,112,200,0,0,-4,38,-37,200
2026-01-10,43,35682,A,36647,33396,2144,6417,0,22305,0,166,4266,203,78,522,200,50,-195,-4,48,257,200
2026-01-10,44,34181,A,35152,32159,2301,6417,0,22305,0,165,4327,173,71,546,200,182,-202,-4,48,282,200
2026-01-10,45,32051,A,33078,30180,2408,6417,0,22305,0,166,4426,-61,46,661,200,202,-196,-4,28,462,200
2026-01-10,46,30078,A,31142,28311,2568,6417,0,22305,0,165,4411,-103,51,615,200,202,-196,26,35,463,200
2026-01-10,47,28288,A,29052,26604,2594,6417,0,22305,0,164,4314,282,306,3,200,203,49,400,324,30,200
2026-01-10,48,27322,A,28088,25720,2816,6417,0,22305,0,166,4193,345,328,0,200,203,58,452,343,3,200
2026-01-11,1,27544,A,28574,26010,3032,6417,0,22305,0,430,4077,457,450,447,200,202,247,523,355,203,200
2026-01-11,2,27955,A,28996,26614,3280,6417,0,22305,0,441,4102,471,456,509,200,202,253,546,354,221,200
2026-01-11,3,27490,A,28532,26238,3381,6417,0,22305,0,442,3924,366,421,749,200,203,161,732,282,309,200
2026-01-11,4,26772,A,27819,25662,3620,6417,0,22305,0,447,3965,353,419,709,200,203,158,725,281,308,200
2026-01-11,5,25683,A,27053,24664,3674,6417,0,22305,0,712,4006,252,453,105,200,203,-58,353,410,18,200
2026-01-11,6,25498,A,26896,24555,3940,6417,0,22305,0,726,4097,239,452,102,200,203,-67,286,415,-5,200
2026-01-11,7,24578,A,26785,23706,3969,6417,0,22305,0,722,4085,254,336,-283,200,203,-418,28,297,-184,200
2026-01-11,8,24136,A,26482,23239,4202,6417,0,22305,0,785,4234,256,325,-316,200,202,-432,-4,287,-209,200
2026-01-11,9,23441,A,26794,22664,4234,6417,0,22305,0,775,4582,60,225,-783,200,203,-515,-4,220,-676,200
2026-01-11,10,23151,A,26599,22295,4385,6417,0,22305,0,781,4457,35,212,-806,200,203,-518,-34,214,-709,200
2026-01-11,11,22626,A,26678,21657,4422,6417,0,22305,0,786,4221,-146,-18,-734,200,202,-581,-411,154,-776,200
2026-01-11,12,22456,A,26605,21459,4539,6417,0,22305,0,786,4362,-171,-29,-732,200,203,-584,-467,152,-780,172
2026-01-11,13,23004,A,27236,22009,4603,6417,0,22305,0,775,4603,7,160,-899,200,203,-627,-578,216,-753,200
2026-01-11,14,23438,A,27415,22467,4738,6417,0,22305,0,514,4550,21,177,-906,200,202,-629,-576,219,-752,200
2026-01-11,15,24395,A,28184,23385,4744,6417,0,22305,0,191,4494,49,312,-939,200,203,-892,-389,172,-778,200
2026-01-11,16,24871,A,28631,23804,4848,6417,0,22305,0,173,4418,57,323,-939,200,203,-902,-359,169,-787,200
2026-01-11,17,27013,A,30799,25695,4839,6417,4,22305,0,172,4330,557,412,-910,200,203,-793,-270,202,-1041,200
2026-01-11,18,28184,A,31975,26600,4964,6417,90,22305,0,177,4213,623,430,-910,173,202,-786,-264,219,-1054,200
2026-01-11,19,30282,A,33334,28500,5026,6417,273,22305,0,177,4168,1399,854,-708,57,203,-338,-329,734,-900,200
2026-01-11,20,31503,A,34499,29580,5116,6417,408,22305,0,176,4184,1498,886,-700,0,203,-318,-319,774,-883,200
2026-01-11,21,32936,A,34970,30857,5076,6417,622,22305,0,177,4172,1507,985,-416,0,197,-93,-93,984,-655,200
2026-01-11,22,33722,A,35665,31527,5139,6417,760,22305,0,177,4102,1508,984,-391,0,83,-84,-61,996,-630,166
2026-01-11,23,34829,A,35934,32564,5130,6417,798,22305,0,173,4195,1459,696,100,-53,0,158,-11,911,-268,180
2026-01-11,24,34930,A,35947,32654,5251,6417,811,22305,0,175,4380,1453,684,108,-8,0,167,-4,908,-230,180
2026-01-11,25,35933,A,36705,33608,5196,6417,906,22305,0,168,4338,1501,972,672,0,0,254,-4,992,235,180
2026-01-11,26,36296,A,37067,34012,5264,6417,885,22305,0,170,4341,1507,992,731,10,0,258,-1,998,264,180
2026-01-11,27,36378,A,37154,34115,5219,6417,791,22305,0,176,4326,1506,992,315,20,0,576,32,999,91,180
2026-01-11,28,36637,A,37407,34297,5252,6417,519,22305,0,170,4322,1506,992,301,20,0,583,15,998,66,180
2026-01-11,29,36531,A,37938,34188,5154,6417,323,22305,0,170,4407,1507,992,307,20,0,73,-257,999,-380,180
2026-01-11,30,36621,A,38128,34359,5246,6417,186,22305,0,176,4512,1506,992,301,20,0,50,-307,998,-424,180
2026-01-11,31,36679,A,39003,34414,5189,6417,47,22305,0,172,4559,1507,992,-96,20,0,-40,-516,999,-900,180
2026-01-11,32,37253,A,39643,34947,5257,6417,4,22305,0,169,4313,1507,992,-104,18,0,-43,-545,999,-929,180
2026-01-11,33,38024,A,40639,35582,5280,6417,0,22305,0,173,4412,1507,992,-362,61,0,-114,-588,999,-778,180
2026-01-11,34,38774,A,41356,36139,5374,6417,0,22305,0,172,4330,1507,990,-374,21,0,-117,-563,998,-756,180
2026-01-11,35,39844,A,41129,37219,5413,6417,0,22305,0,166,4314,1437,924,583,15,0,-4,-183,975,-332,180
2026-01-11,36,39482,A,40688,36930,5521,6417,0,22305,0,173,4349,1428,918,692,27,0,0,-128,968,-305,180
2026-01-11,37,38596,A,39780,36226,5464,6417,0,22305,0,167,4414,1184,839,654,15,0,0,-18,766,-399,180
2026-01-11,38,37727,A,38934,35286,5556,6417,0,22305,0,169,4415,1153,822,651,-37,0,0,-4,750,-397,180
2026-01-11,39,36294,A,37147,34118,5600,6417,0,22305,0,169,4536,780,431,329,21,0,0,-4,651,-80,180
2026-01-11,40,35024,A,35858,33018,5692,6417,0,22305,0,171,4414,733,407,308,15,0,0,-4,645,-59,180
2026-01-11,41,33679,A,34576,31807,5705,6417,0,22305,0,64,4532,1111,524,-97,15,0,147,-4,637,-132,180
2026-01-11,42,31751,A,32594,29941,5737,6417,0,22305,0,14,4258,1158,530,-104,15,0,152,6,631,-125,180
2026-01-11,43,30656,A,31446,29004,5692,6417,0,22305,0,12,4417,832,455,523,18,0,-178,127,460,345,180
2026-01-11,44,29188,A,29989,27608,5687,6417,0,22305,0,10,3962,789,445,568,46,0,-191,111,444,369,180
2026-01-11,45,27102,A,28050,25765,5611,6417,0,22305,0,12,4381,511,260,3,159,67,-70,-266,274,22,180
2026-01-11,46,25580,A,26888,24413,5549,6417,0,22305,0,286,4255,474,244,0,56,176,-70,-343,258,-9,180
2026-01-11,47,23717,A,27128,22613,5453,6417,0,22305,0,511,4464,-128,124,-613,68,201,-545,-726,96,-288,199
2026-01-11,48,22982,A,27148,21909,5436,6417,0,22309,0,946,4066,-222,112,-728,189,203,-567,-797,83,-306,200
2026-01-12,1,23067,A,27185,21921,5352,6417,0,22309,0,748,4034,-197,-13,-703,200,203,-483,-1091,17,-283,200
2026-01-12,2,24012,A,27747,22935,5370,6417,0,22309,0,309,4479,-194,-16,-719,200,202,-480,-1134,13,-283,200
2026-01-12,3,23609,A,27374,22533,5273,6417,0,22309,0,340,4145,157,182,-703,200,203,-505,-1217,-19,-381,200
2026-01-12,4,23248,A,27593,22284,5279,6417,0,22309,0,894,4285,215,201,-702,191,203,-506,-1242,-22,-379,200
2026-01-12,5,23609,A,27635,22594,5184,6417,0,22309,0,927,4125,382,409,-364,76,202,-573,-1428,-69,-65,200
2026-01-12,6,22954,A,26728,21947,5207,6417,0,22309,0,676,3800,404,420,-352,0,203,-576,-1451,-71,-48,200
2026-01-12,7,22085,A,26443,21145,5180,6417,0,22309,0,670,4070,155,280,-773,41,134,-615,-1451,-27,-222,200
2026-01-12,8,21746,A,26119,20803,5128,6417,0,22309,0,670,4050,123,264,-792,1,10,-617,-1447,-20,-227,200
2026-01-12,9,21281,A,25818,20351,4986,6417,0,22309,0,723,3957,-145,29,-910,12,0,-765,-1384,97,-10,200
2026-01-12,10,21633,A,26450,20730,4952,6417,0,22309,0,993,4303,-197,0,-913,41,0,-770,-1344,99,7,200
2026-01-12,11,21902,A,27197,20983,4894,6417,0,22309,0,924,4248,-660,-449,-741,173,0,-864,-952,-105,159,200
2026-01-12,12,22924,A,28030,21931,4881,6417,0,22309,0,733,4045,-719,-470,-734,184,0,-865,-872,-113,171,200
2026-01-12,13,25736,A,29284,24531,4741,6417,0,22309,0,694,3954,-432,-80,-770,125,0,-486,-486,63,305,200
2026-01-12,14,28281,A,31500,26831,4649,6417,0,22309,0,471,3915,-396,-56,-771,82,0,-472,-453,76,312,152
2026-01-12,15,31296,A,34657,29537,4512,6417,0,22309,0,17,4196,-602,-139,-588,-8,0,-764,-643,116,231,20
2026-01-12,16,33222,A,36628,31281,4486,6417,0,22309,0,9,4246,-623,-132,-561,0,0,-776,-649,125,226,-56
2026-01-12,17,34986,A,36899,32875,4396,6417,4,22309,0,9,4275,227,354,-113,0,0,-751,-428,369,288,-12
2026-01-12,18,35407,A,37293,33250,4358,6417,167,22309,0,9,4383,367,402,-106,0,0,-750,-421,401,294,0
2026-01-12,19,36324,A,38832,34099,4348,6417,621,22309,0,9,4536,1370,954,-298,0,0,-873,-679,944,364,-49
2026-01-12,20,36728,A,39344,34527,4332,6417,928,22309,0,9,4343,1508,992,-306,0,0,-877,-703,980,365,-121
2026-01-12,21,37158,A,39298,34929,4286,6417,1174,22309,0,7,4300,1508,992,184,0,0,-749,-604,997,190,-180
2026-01-12,22,36967,A,39095,34652,4229,6417,1375,22309,0,9,4533,1508,992,201,0,0,-741,-611,999,162,-167
2026-01-12,23,36833,A,39167,34508,4147,6417,1518,22309,0,11,4126,1507,992,578,0,0,-276,-850,998,-401,-196
2026-01-12,24,36752,A,39154,34497,4183,6417,1821,22309,0,11,4470,1507,992,595,0,0,-255,-850,999,-442,-244
2026-01-12,25,36884,A,39165,34625,4049,6417,2204,22309,0,11,4374,1507,992,545,0,0,-416,-494,999,-565,-195
2026-01-12,26,36651,A,38934,34375,4057,6417,1995,22309,0,9,4285,1508,992,542,0,0,-422,-460,999,-586,-206
2026-01-12,27,36187,A,39009,33879,3919,6417,1831,22309,0,6,4266,1463,992,220,0,0,-554,-543,999,-1026,-93
2026-01-12,28,36011,A,38899,33635,3872,6417,1830,22309,0,9,4185,1458,992,205,0,0,-560,-580,999,-1054,-85
2026-01-12,29,36222,A,39818,33857,3730,6417,1764,22309,0,12,4216,1503,992,-117,0,0,-950,-746,999,-982,-189
2026-01-12,30,36015,A,39727,33606,3717,6417,1377,22309,0,13,3818,1508,992,-131,0,0,-965,-746,998,-979,-278
2026-01-12,31,36258,A,39852,33776,3659,6417,693,22309,0,15,3625,1509,992,-170,-16,-1,-940,-603,999,-1083,-166
2026-01-12,32,37082,A,40744,34510,3597,6417,210,22309,0,15,3522,1509,992,-171,-145,-91,-939,-525,997,-1091,-85
2026-01-12,33,38511,A,41380,35811,3510,6417,6,22309,0,9,3354,1455,992,190,-225,-242,-700,-84,914,-1009,2
2026-01-12,34,39743,A,42922,36833,3493,6417,0,22309,0,7,3514,1447,982,206,-372,-394,-689,-51,890,-1000,-66
2026-01-12,35,40517,A,43339,37533,3373,6417,0,22309,0,7,3670,811,608,188,-450,-513,-276,295,276,-930,-46
2026-01-12,36,40560,A,43338,37487,3441,6417,0,22309,0,7,3347,728,575,188,-450,-531,-259,367,232,-885,-46
2026-01-12,37,40770,A,42419,37626,3217,6417,0,22309,0,9,3259,525,286,306,-450,-531,36,741,88,176,-59
2026-01-12,38,39490,A,41080,36470,3143,6417,0,22309,0,9,3131,500,270,309,-450,-531,49,770,86,264,9
2026-01-12,39,38729,A,40340,35726,3073,6417,0,22309,0,14,3347,1066,412,105,-448,-531,401,543,323,440,-18
2026-01-12,40,37760,A,39349,34823,3024,6417,0,22309,0,14,3704,1139,432,102,-380,-531,415,500,348,446,-64
2026-01-12,41,36413,A,38203,33551,2920,6417,0,22309,0,11,3690,1250,809,356,-445,-531,120,312,715,212,-203
2026-01-12,42,34749,A,36515,31926,2939,6417,0,22309,0,14,3914,1264,826,381,-428,-531,108,318,734,196,-193
2026-01-12,43,32897,A,34798,30196,2811,6417,0,22309,0,12,3630,1151,500,737,-451,-531,149,692,597,265,-307
2026-01-12,44,31222,A,33083,28598,2787,6417,0,22309,0,13,3186,1136,477,752,-451,-531,150,748,586,272,-266
2026-01-12,45,29586,A,31520,27106,2751,6417,0,22309,0,12,3350,982,480,759,-450,-531,241,873,547,295,-341
2026-01-12,46,27872,A,29769,25524,2740,6417,0,22309,0,10,3305,962,491,760,-450,-464,244,918,551,288,-373
2026-01-12,47,26946,A,28924,24533,2598,6417,0,22309,0,65,2978,1269,863,624,-431,-352,456,1290,786,-61,-469
2026-01-12,48,26432,A,28350,24009,2541,6417,0,22313,0,65,2836,1309,888,619,-450,-212,466,1341,803,-77,-514
2026-01-13,1,26712,A,28600,24231,2467,6417,0,22313,0,70,2619,1403,845,684,-450,-254,859,1391,869,292,-514
2026-01-13,2,26702,A,28493,24260,2453,6417,0,22313,0,67,2415,1414,845,687,-402,-208,875,1397,876,309,-514
2026-01-13,3,26619,A,28584,24179,2294,6417,0,22313,0,73,2225,1475,961,1015,-447,-331,932,1397,990,17,-514
2026-01-13,4,26074,A,28075,23629,2266,6417,0,22313,0,73,1897,1484,969,1029,-450,-364,934,1397,998,0,-514
2026-01-13,5,25884,A,27990,23563,2090,6417,0,22313,0,74,1548,1503,991,1051,-450,-468,914,1397,997,0,-514
2026-01-13,6,25264,A,27339,22991,2046,6417,0,22313,0,75,1255,1506,992,1053,-450,-436,913,1394,998,1,-514
2026-01-13,7,24805,A,26834,22524,1878,6417,0,22313,0,74,967,1506,992,1052,-451,-390,947,1351,998,141,-514
2026-01-13,8,24630,A,26503,22324,1742,6417,0,22313,0,70,714,1506,992,1047,-451,-238,947,1316,998,151,-514
2026-01-13,9,24220,A,25927,21933,1495,6417,0,22313,0,17,595,1507,992,563,-451,-125,675,942,998,104,-514
2026-01-13,10,23963,A,25631,21624,1454,6417,0,22313,0,12,308,1507,992,539,-427,-135,633,866,998,93,-494
2026-01-13,11,23948,A,25817,21569,1378,6417,0,22313,0,11,604,1508,984,277,-301,-14,-351,492,994,-208,-384
2026-01-13,12,25351,A,27402,22863,1293,6417,0,22313,0,19,647,1508,978,262,-308,-28,-424,416,982,-247,-425
2026-01-13,13,27776,A,31124,25106,1212,6417,0,22313,0,17,797,1299,787,-378,-200,-48,-894,41,606,-900,-311
2026-01-13,14,30679,A,34474,27758,1245,6417,0,22313,0,15,481,1274,776,-431,-295,-198,-915,-36,590,-948,-357
2026-01-13,15,33579,A,38778,30430,1312,6417,0,22313,0,14,194,1446,910,-971,-429,-350,-850,-412,836,-1082,-491
2026-01-13,16,35356,A,40822,32126,1468,6417,0,22313,0,17,417,1469,921,-999,-452,-494,-848,-450,855,-1092,-514
2026-01-13,17,36826,A,42088,33463,1496,6417,1,22313,0,11,835,1504,987,-754,-451,-531,-974,-335,990,-1092,-514
2026-01-13,18,37320,A,42546,33973,1537,6417,16,22313,0,10,1330,1509,992,-744,-452,-531,-978,-305,999,-1092,-514
2026-01-13,19,37931,A,42455,34561,1520,6417,90,22313,0,10,1401,1508,992,-561,-451,-531,-665,-100,998,-1092,-514
2026-01-13,20,38266,A,42747,34881,1591,6417,219,22313,0,11,1486,1508,992,-554,-451,-531,-652,-76,999,-1092,-514
2026-01-13,21,38289,A,42289,34905,1578,6417,318,22313,0,10,1319,1508,992,-368,-452,-531,-343,-90,999,-1092,-514
2026-01-13,22,38761,A,42683,35199,1680,6417,407,22313,0,8,1088,1508,992,-360,-451,-472,-331,-97,998,-1089,-514
2026-01-13,23,38823,A,42456,35273,1669,6417,506,22313,0,6,1160,1508,992,-158,-452,-409,-375,-151,998,-968,-514
2026-01-13,24,38747,A,42336,35295,1653,6417,735,22313,0,6,1502,1508,992,-149,-451,-369,-377,-165,999,-958,-514
2026-01-13,25,39134,A,42511,35750,1600,6417,980,22313,0,6,2050,1507,992,193,-452,-322,-351,-254,999,-878,-514
2026-01-13,26,39139,A,42509,35784,1705,6417,1285,22313,0,6,2316,1507,992,211,-451,-319,-350,-253,998,-877,-514
2026-01-13,27,39296,A,42688,36023,1632,6417,1308,22313,0,7,2335,1507,992,545,-452,-320,-326,-96,999,-1077,-514
2026-01-13,28,38451,A,41824,35273,1651,6417,1326,22313,0,11,2214,1507,992,560,-452,-296,-325,-84,998,-1091,-514
2026-01-13,29,38292,A,41634,35073,1658,6417,1256,22313,0,10,2224,1507,992,375,-452,-190,-305,-180,997,-1091,-514
2026-01-13,30,38282,A,41813,35095,1719,6417,1023,22313,0,10,2697,1507,992,356,-452,-364,-304,-198,998,-1089,-514
2026-01-13,31,38125,A,41807,35037,1773,6417,600,22313,0,11,3009,1507,992,2,-452,-530,-279,-282,997,-1003,-525
2026-01-13,32,38881,A,42543,35817,1813,6417,188,22313,0,17,3506,1507,992,0,-451,-531,-278,-278,997,-993,-514
2026-01-13,33,40025,A,43335,36758,1858,6417,9,22313,0,13,3551,1487,992,446,-452,-531,-246,-95,999,-859,-514
2026-01-13,34,41384,A,44548,37994,1924,6417,0,22313,0,9,3644,1485,979,521,-452,-531,-245,-42,986,-771,-514
2026-01-13,35,42502,A,44646,39092,1952,6417,0,22313,0,10,3506,1077,515,1035,-452,-531,-37,332,532,599,-514
2026-01-13,36,42685,A,44799,39404,2005,6417,0,22313,0,9,3503,1024,481,1064,-452,-531,-8,408,503,750,-514
2026-01-13,37,42359,A,44472,39134,1988,6417,0,22313,0,17,3351,709,415,1063,-451,-531,830,780,461,1254,-514
2026-01-13,38,41380,A,43496,38225,1986,6417,0,22313,0,19,3518,669,421,1064,-452,-531,882,856,466,1291,-514
2026-01-13,39,41012,A,43125,37949,1950,6417,0,22313,0,16,3755,1309,792,1063,-452,-531,724,1229,742,1420,-514
2026-01-13,40,38932,A,41189,36075,1899,6417,0,22313,0,161,3718,1392,822,1062,-451,-531,719,1283,765,1426,-514
2026-01-13,41,37830,A,40263,35038,1881,6417,0,22313,0,324,3818,1491,981,1064,-451,-531,986,1384,983,1426,-527
2026-01-13,42,36259,A,38678,33423,1869,6417,0,22313,0,323,3862,1504,992,1064,-451,-531,997,1397,998,1426,-514
2026-01-13,43,34564,A,36985,31896,1856,6417,0,22313,0,324,3948,1504,992,1065,-452,-531,997,1397,998,1426,-514
2026-01-13,44,32963,A,35383,30387,1849,6417,0,22313,0,323,4130,1504,992,1064,-452,-531,997,1397,998,1424,-514
2026-01-13,45,31326,A,33742,28899,1946,6417,0,22313,0,319,4211,1496,992,1066,-452,-531,997,1397,998,1423,-514
2026-01-13,46,30064,A,32481,27839,1978,6417,0,22313,0,321,4212,1493,989,1065,-451,-531,997,1397,994,1423,-514
2026-01-13,47,28557,A,31071,26451,1930,6417,0,22313,0,419,4127,1208,894,1033,-451,-530,929,1397,845,1422,-514
2026-01-13,48,27698,A,30437,25640,1927,6417,0,22317,0,731,4170,1172,889,1033,-452,-442,927,1397,838,1423,-514
2026-01-14,1,28280,A,31057,26182,1899,6417,0,22317,0,921,4252,1258,915,1052,-452,-290,947,1397,918,1423,-514
2026-01-14,2,28579,A,31196,26602,1849,6417,0,22317,0,915,4304,1270,917,1057,-451,-137,948,1397,925,1423,-514
2026-01-14,3,28252,A,30796,26349,1760,6417,0,22317,0,917,4304,1371,922,1059,-451,-62,995,1397,988,1422,-514
2026-01-14,4,27598,A,30123,25667,1687,6417,0,22317,0,915,4191,1384,921,1058,-451,-45,997,1397,992,1422,-514
2026-01-14,5,27271,A,29728,25385,1654,6417,0,22317,0,926,4162,1251,866,1056,-417,0,997,1397,988,1395,-514
2026-01-14,6,26931,A,29377,25035,1672,6417,0,22317,0,1106,4255,1234,861,1056,-275,0,997,1397,986,1385,-465
2026-01-14,7,26425,A,28894,24612,1727,6417,0,22317,0,1259,4179,962,830,1053,-146,0,987,1397,912,1105,-464
2026-01-14,8,26003,A,28295,24205,1714,6417,0,22317,0,1259,4229,927,820,1053,-111,0,986,1397,891,1080,-322
2026-01-14,9,25567,A,27451,23838,1605,6417,0,22317,0,1093,4179,809,535,1000,-18,0,736,1397,363,880,-173
2026-01-14,10,25575,A,26837,23875,1635,6417,0,22317,0,630,3954,788,497,998,0,0,727,1397,314,857,-32
2026-01-14,11,25511,A,26923,23755,1563,6417,0,22317,0,317,3992,-118,-173,739,67,12,583,1397,-204,551,64
2026-01-14,12,26379,A,28022,24506,1500,6417,0,22317,0,324,3762,-260,-223,728,96,0,576,1367,-236,521,188
2026-01-14,13,28856,A,30678,26813,1478,6417,0,22317,0,313,4221,-378,-361,480,100,0,187,996,-170,217,200
2026-01-14,14,33082,A,34920,30741,1485,6417,0,22317,0,310,4377,-393,-369,469,56,0,170,931,-166,185,200
2026-01-14,15,35856,A,37949,33122,1520,6417,0,22317,0,316,4242,-397,-318,124,117,0,-79,683,-186,-197,134
2026-01-14,16,37283,A,39372,34446,1597,6417,0,22317,0,309,4159,-395,-303,111,14,0,-87,682,-178,-217,11
2026-01-14,17,39205,A,40134,36086,1630,6417,42,22317,0,316,3839,390,120,322,0,0,262,1056,147,38,-13
2026-01-14,18,39600,A,40521,36457,1651,6417,700,22317,0,321,3922,509,159,331,0,0,275,1084,173,60,68
2026-01-14,19,40406,A,41207,37130,1740,6417,1976,22317,0,201,3698,877,481,477,0,0,332,859,382,214,190
2026-01-14,20,39703,A,40319,36395,1794,6417,2985,22317,0,16,3821,926,500,482,0,0,334,843,397,220,200
2026-01-14,21,38778,A,39394,35503,1802,6417,3919,22317,0,16,4158,813,409,171,0,0,101,978,453,16,181
2026-01-14,22,38183,A,38795,34922,1833,6417,4941,22317,0,12,4382,797,401,163,60,0,92,1000,451,0,200
2026-01-14,23,37690,A,38302,34529,1800,6417,5364,22317,0,12,4554,306,335,687,40,0,41,1062,229,0,200
2026-01-14,24,37275,A,37891,34119,1811,6417,5485,22317,0,10,4572,242,330,712,162,0,39,1054,219,-6,200
2026-01-14,25,37651,A,38564,34520,1775,6417,5058,22317,0,10,4639,615,288,333,119,0,-70,871,370,-233,200
2026-01-14,26,38068,A,39013,34891,1844,6417,4470,22317,0,10,4621,664,299,309,182,0,-74,818,385,-261,200
2026-01-14,27,38171,A,40164,35086,1748,6417,3466,22317,0,8,4554,1320,806,-308,200,0,-348,446,597,-729,200
2026-01-14,28,38524,A,40615,35420,1835,6417,2861,22317,0,9,4800,1406,844,-346,200,0,-367,371,621,-769,200
2026-01-14,29,38101,A,41630,34965,1939,6417,2002,22317,0,14,5057,1465,983,-859,200,0,-979,-6,976,-1071,200
2026-01-14,30,38839,A,42507,35811,2122,6417,1305,22317,0,3,5228,1473,989,-891,200,12,-1000,-82,995,-1092,200
2026-01-14,31,39051,A,42326,36080,2244,6417,555,22317,0,8,5145,1410,867,-778,180,108,-337,-460,905,-1092,199
2026-01-14,32,39662,A,42929,36750,2376,6417,118,22317,0,5,5225,1402,858,-773,133,22,-303,-495,901,-1091,146
2026-01-14,33,40762,A,43401,37795,2430,6417,3,22317,0,7,4938,1385,837,-455,18,0,-135,-350,967,-1092,17
2026-01-14,34,42137,A,44760,39127,2602,6417,0,22317,0,4,5261,1379,824,-424,-9,0,-128,-305,957,-1085,-68
2026-01-14,35,42302,A,43965,39246,2685,6417,0,22317,0,7,5020,574,412,181,0,0,190,22,484,-852,-204
2026-01-14,36,42724,A,44598,39757,2901,6417,0,22317,0,6,4966,468,380,196,-79,0,202,59,446,-836,-353
2026-01-14,37,41870,A,44294,39078,2975,6417,0,22317,0,5,5285,365,254,-342,-150,0,99,3,129,-855,-472
2026-01-14,38,41145,A,43769,38340,3223,6417,0,22317,0,9,5332,353,249,-387,-296,-66,82,-9,120,-857,-400
2026-01-14,39,40109,A,44301,37402,3208,6417,0,22317,0,9,5289,652,349,-938,-430,-217,-634,-65,481,-810,-489
2026-01-14,40,38751,A,43155,36180,3309,6417,0,22317,0,12,5327,691,358,-960,-450,-329,-674,-64,506,-801,-514
2026-01-14,41,37168,A,40745,34735,3252,6417,0,22317,0,18,5003,850,409,-430,-450,-295,-659,43,580,-611,-514
2026-01-14,42,35243,A,38747,32952,3356,6417,0,22317,0,16,5134,871,414,-389,-450,-287,-654,61,582,-594,-514
2026-01-14,43,34587,A,37102,32548,3353,6417,0,22317,0,3,5162,741,456,558,-435,-361,-147,115,526,-455,-514
2026-01-14,44,32496,A,34727,30553,3426,6417,0,22317,0,15,5119,724,454,658,-337,-232,-124,134,520,-439,-484
2026-01-14,45,30555,A,32593,28763,3415,6417,0,22317,0,14,5099,733,298,546,-427,-168,-110,292,437,-206,-513
2026-01-14,46,28719,A,30454,27010,3479,6417,0,22317,0,12,5040,734,291,541,-368,-32,-109,341,428,-187,-427
2026-01-14,47,27310,A,28946,25649,3471,6417,0,22317,0,310,4788,677,420,524,-250,0,71,714,297,-107,-369
2026-01-14,48,26066,A,28065,24333,3463,6417,0,22336,0,713,4681,670,430,524,-100,0,78,773,289,-96,-490
2026-01-15,1,26657,A,28352,24782,3256,6417,0,22336,0,591,4568,900,461,546,-28,0,337,934,305,88,-476
2026-01-15,2,27143,A,28816,25320,3188,6417,0,22336,0,694,4624,930,468,548,-16,0,352,957,310,107,-363
2026-01-15,3,27155,A,29061,25301,2959,6417,0,22336,0,699,4331,1105,625,925,-145,0,843,998,465,257,-462
2026-01-15,4,26533,A,28548,24668,2968,6417,0,22336,0,708,4523,1129,641,942,-238,0,865,985,486,276,-469
2026-01-15,5,26166,A,28363,24245,2869,6417,0,22336,0,699,4197,1342,864,919,-385,0,797,757,890,583,-513
2026-01-15,6,25721,A,27928,23795,2875,6417,0,22336,0,694,4225,1370,876,918,-399,0,795,729,914,614,-514
2026-01-15,7,25226,A,27483,23261,2715,6417,0,22336,0,696,3954,1213,759,851,-447,0,695,725,872,947,-514
2026-01-15,8,24848,A,27057,22860,2717,6417,0,22336,0,700,3942,1192,745,848,-407,0,691,732,855,968,-502
2026-01-15,9,24600,A,26564,22776,2551,6417,0,22336,0,689,4287,972,549,932,-265,0,670,828,363,831,-410
2026-01-15,10,24376,A,26372,22529,2463,6417,0,22336,0,695,4294,943,532,936,-217,0,668,833,332,809,-484
2026-01-15,11,24552,A,26330,22668,2394,6417,0,22336,0,692,4712,666,379,1008,-75,0,417,751,350,369,-411
2026-01-15,12,25549,A,27358,23580,2299,6417,0,22336,0,689,4631,630,362,1010,-43,0,404,711,344,344,-477
2026-01-15,13,28257,A,29643,26119,2262,6417,0,22336,0,280,4791,257,131,892,-79,0,-33,337,68,643,-394
2026-01-15,14,31097,A,32643,28694,2339,6417,0,22336,0,130,4351,209,113,888,-227,-69,-54,271,52,673,-466
2026-01-15,15,34195,A,36166,31640,2232,6417,0,22336,0,36,4512,87,26,640,-268,-221,-451,26,97,978,-395
2026-01-15,16,35840,A,38182,33252,2210,6417,0,22336,0,13,4595,74,33,629,-405,-372,-464,26,109,998,-488
2026-01-15,17,37206,A,39308,34423,2193,6417,0,22336,0,11,4347,750,495,670,-450,-508,-19,400,417,924,-514
2026-01-15,18,37591,A,39697,34749,2132,6417,42,22336,0,11,4194,873,539,671,-450,-531,8,476,451,916,-514
2026-01-15,19,38876,A,40981,35936,2033,6417,267,22336,0,9,3939,1432,959,598,-451,-531,610,850,964,810,-514
2026-01-15,20,39053,A,41164,36099,1969,6417,775,22336,0,15,3671,1504,987,596,-451,-531,640,925,997,813,-514
2026-01-15,21,39221,A,41334,36207,1852,6417,1157,22336,0,16,3288,1503,992,780,-452,-531,997,1299,997,1252,-514
2026-01-15,22,39096,A,41208,36172,1719,6417,1460,22336,0,16,3310,1502,992,788,-451,-531,1011,1348,997,1285,-514
2026-01-15,23,39070,A,41182,36107,1512,6417,1377,22336,0,16,3099,1503,992,1026,-451,-531,1016,1392,998,1406,-514
2026-01-15,24,39226,A,41339,36241,1459,6417,1264,22336,0,16,3202,1503,992,1036,-452,-531,1017,1397,998,1414,-514
2026-01-15,25,39600,A,41712,36612,1285,6417,1251,22336,0,16,3243,1503,992,1045,-451,-531,1017,1397,997,1377,-514
2026-01-15,26,39915,A,42165,36942,1186,6417,1094,22336,0,153,3030,1503,992,1036,-452,-531,1017,1368,998,1364,-514
2026-01-15,27,39773,A,41937,36769,1118,6417,1000,22336,0,68,2774,1502,992,1047,-451,-531,1016,994,998,1018,-514
2026-01-15,28,39843,A,42108,36723,1110,6417,856,22336,0,169,2654,1503,992,1047,-451,-531,1017,918,997,981,-514
2026-01-15,29,39497,A,41763,36285,1036,6417,600,22336,0,169,2500,1503,992,877,-452,-531,890,545,998,549,-514
2026-01-15,30,39203,A,41471,35965,1016,6417,406,22336,0,171,2480,1503,992,871,-452,-531,886,507,998,510,-514
2026-01-15,31,39118,A,41383,35790,973,6417,223,22336,0,169,2223,1503,992,684,-451,-531,792,620,998,202,-514
2026-01-15,32,39785,A,42050,36305,999,6417,95,22336,0,168,2011,1503,992,679,-452,-531,788,636,998,178,-514
2026-01-15,33,41190,A,43453,37583,1008,6417,10,22336,0,167,2105,1502,992,1044,-451,-531,989,659,998,77,-514
2026-01-15,34,42262,A,44527,38545,1013,6417,0,22336,0,168,2147,1502,992,1060,-452,-531,997,691,997,94,-514
2026-01-15,35,42851,A,45113,38929,1003,6417,0,22336,0,165,1764,1503,992,1060,-452,-531,987,1065,997,945,-514
2026-01-15,36,42939,A,45047,38964,1032,6417,0,22336,0,11,1653,1503,992,1060,-452,-531,987,1130,998,1013,-514
2026-01-15,37,42716,A,44824,38820,1001,6417,0,22336,0,11,1500,1503,992,1060,-452,-531,996,1367,998,1356,-514
2026-01-15,38,42240,A,44350,38406,1033,6417,0,22336,0,14,1588,1502,992,1060,-451,-531,997,1397,998,1381,-514
2026-01-15,39,41294,A,43405,37609,1079,6417,0,22336,0,15,1769,1503,992,1061,-451,-531,997,1397,997,1398,-514
2026-01-15,40,39800,A,41911,36260,1091,6417,0,22336,0,14,1698,1503,992,1061,-452,-531,997,1397,997,1401,-514
2026-01-15,41,38403,A,40514,34952,1059,6417,0,22336,0,14,1421,1503,992,1060,-452,-531,997,1397,998,1419,-514
2026-01-15,42,36966,A,39067,33582,1099,6417,0,22336,0,14,1268,1502,992,1060,-451,-522,996,1397,998,1420,-514
2026-01-15,43,35309,A,37293,32078,1056,6417,0,22336,0,14,1301,1503,992,1057,-449,-407,997,1397,998,1423,-514
2026-01-15,44,33824,A,35570,30747,1024,6417,0,22336,0,14,1281,1502,992,1057,-380,-257,997,1397,998,1424,-495
2026-01-15,45,32373,A,34080,29475,960,6417,0,22336,0,7,945,1503,992,1049,-446,-188,997,1397,998,1424,-466
2026-01-15,46,30461,A,32069,27705,868,6417,0,22336,0,11,809,1502,992,1050,-445,-46,997,1397,998,1424,-506
2026-01-15,47,28999,A,30535,26304,828,6417,0,22336,0,118,899,1502,992,1029,-371,0,997,1397,997,1403,-447
2026-01-15,48,27867,A,29527,25179,850,6417,0,22341,0,520,844,1502,992,1029,-222,0,997,1397,997,1402,-318
2026-01-16,1,28538,A,30016,25797,852,6417,0,22341,0,541,847,1503,992,1056,-158,0,997,1397,997,1418,-179
2026-01-16,2,29009,A,29725,26369,863,6417,0,22341,0,41,1069,1502,992,1056,-26,0,997,1397,997,1419,-49
2026-01-16,3,28753,A,29505,26166,856,6417,0,22341,0,18,976,1503,992,1057,0,0,997,1397,997,1422,-134
2026-01-16,4,27849,A,28835,25305,843,6417,0,22341,0,76,837,1502,992,1056,-26,0,997,1397,997,1423,-284
2026-01-16,5,27723,A,28819,25207,861,6417,0,22341,0,134,783,1502,992,1056,0,0,997,1397,998,1423,-362
2026-01-16,6,27300,A,28805,24778,878,6417,0,22341,0,512,769,1503,992,1057,0,0,997,1397,998,1423,-393
2026-01-16,7,26946,A,28666,24520,874,6417,0,22341,0,685,886,1503,992,1056,0,0,997,1397,998,1423,-435
2026-01-16,8,26328,A,28087,23938,900,6417,0,22341,0,690,1048,1503,992,1056,-31,0,997,1397,998,1423,-438
2026-01-16,9,26047,A,27818,23696,969,6417,0,22341,0,683,1072,1503,992,1056,-167,-12,997,1397,997,1423,-309
2026-01-16,10,25931,A,27637,23564,956,6417,0,22341,0,683,1096,1502,984,1056,-160,-106,997,1397,986,1423,-157
2026-01-16,11,25936,A,27280,23608,949,6417,0,22341,0,680,1327,891,702,1054,-23,-19,997,1397,596,1424,-22
2026-01-16,12,26579,A,27753,24188,1001,6417,0,22341,0,545,1398,808,667,1055,0,0,986,1397,561,1424,-29
2026-01-16,13,28991,A,29738,26387,1005,6417,0,22341,0,147,1712,137,97,1049,56,54,321,1397,198,1423,38
2026-01-16,14,31847,A,32531,28936,1059,6417,0,22341,0,16,1297,51,57,1053,11,10,285,1397,171,1424,-68
2026-01-16,15,34828,A,36228,31686,1092,6417,0,22341,0,15,1458,-431,21,1056,-69,-65,82,1397,38,1424,-220
2026-01-16,16,36272,A,38180,32945,1148,6417,0,22341,0,12,1228,-487,25,1056,-221,-216,83,1397,42,1424,-372
2026-01-16,17,37895,A,39746,34380,1224,6417,24,22341,0,13,964,754,242,1055,-372,-367,713,1397,511,1424,-499
2026-01-16,18,38030,A,40112,34481,1336,6417,464,22341,0,12,962,974,264,1055,-451,-505,745,1397,546,1424,-514
2026-01-16,19,38591,A,40698,34884,1395,6417,1271,22341,0,11,701,1054,518,1054,-451,-531,747,1397,723,1424,-514
2026-01-16,20,38699,A,40806,34963,1385,6417,2148,22341,0,11,376,1065,531,1055,-451,-531,747,1397,732,1413,-514
2026-01-16,21,38363,A,40470,34660,1384,6417,3031,22341,0,11,388,940,365,1055,-451,-531,896,1397,623,1020,-514
2026-01-16,22,37670,A,39777,33960,1433,6417,4034,22341,0,11,555,924,349,1054,-451,-531,900,1397,611,990,-514
2026-01-16,23,36652,A,38759,33034,1389,6417,4886,22341,0,11,499,776,207,1001,-451,-531,631,1397,417,989,-514
2026-01-16,24,36126,A,38233,32469,1377,6417,5206,22341,0,11,515,757,189,998,-451,-531,620,1397,401,989,-514
2026-01-16,25,36010,A,38214,32353,1365,6417,5730,22341,0,10,557,509,-98,1002,-451,-531,257,1397,305,989,-514
2026-01-16,26,35820,A,38041,32156,1327,6417,5378,22341,0,9,404,476,-116,983,-451,-531,238,1397,291,988,-514
2026-01-16,27,35449,A,37854,31878,1306,6417,4955,22341,0,9,945,45,-62,192,-451,-531,-238,1397,39,929,-514
2026-01-16,28,35453,A,37885,31871,1291,6417,4584,22341,0,9,956,-9,-52,144,-451,-531,-273,1397,32,910,-507
2026-01-16,29,35575,A,39433,32070,1359,6417,3848,22341,0,12,1042,562,172,-829,-451,-531,-982,1397,334,391,-453
2026-01-16,30,35759,A,39919,32295,1387,6417,2781,22341,0,12,1096,634,196,-1058,-451,-531,-1021,1397,345,343,-487
2026-01-16,31,36301,A,40594,32827,1353,6417,1596,22341,0,12,1111,1121,509,-1068,-451,-531,-1007,1397,77,-119,-505
2026-01-16,32,37051,A,41391,33557,1463,6417,492,22341,0,12,1271,1185,538,-1068,-451,-531,-1006,1397,75,-159,-513
2026-01-16,33,38385,A,42973,34764,1552,6417,28,22341,0,12,1462,1202,791,-1003,-451,-531,-984,1397,575,-493,-514
2026-01-16,34,39507,A,44103,35761,1653,6417,0,22341,0,11,1724,1204,798,-997,-451,-531,-977,1397,595,-515,-514
2026-01-16,35,40474,A,43929,36556,1704,6417,0,22341,0,10,2046,743,430,-505,-451,-531,-403,1397,196,-441,-514
2026-01-16,36,40697,A,44092,36712,1816,6417,0,22341,0,10,2208,682,406,-481,-451,-531,-373,1397,158,-435,-514
2026-01-16,37,40488,A,43587,36541,1838,6417,0,22341,0,10,2370,298,445,-314,-451,-531,46,1397,-298,-381,-514
2026-01-16,38,40014,A,43119,36100,1881,6417,0,22341,0,10,2548,248,443,-308,-451,-531,64,1397,-321,-370,-514
2026-01-16,39,38658,A,41252,35187,1839,6417,0,22341,0,10,2969,267,276,-308,-451,-531,79,1397,-57,-123,-514
2026-01-16,40,37582,A,40129,34203,1839,6417,0,22341,0,10,2923,270,264,-302,-451,-531,81,1397,-37,-102,-514
2026-01-16,41,36528,A,38634,33276,1839,6417,0,22341,0,10,3122,496,209,94,-451,-531,389,1397,75,33,-514
2026-01-16,42,34660,A,36765,31467,1838,6417,0,22341,0,10,3145,526,206,103,-450,-531,401,1397,81,43,-514
2026-01-16,43,33214,A,35320,30060,1756,6417,0,22341,0,10,2940,285,243,488,-451,-531,216,1397,25,113,-514
2026-01-16,44,31585,A,33697,28654,1758,6417,0,22341,0,10,3055,254,246,536,-451,-531,209,1397,24,116,-520
2026-01-16,45,30470,A,32574,27733,1755,6417,0,22341,0,10,3257,301,270,385,-450,-530,351,1397,149,53,-514
2026-01-16,46,29591,A,31599,27033,1756,6417,0,22341,0,10,3435,309,273,380,-450,-443,356,1397,158,61,-505
2026-01-16,47,28190,A,30222,25643,1690,6417,0,22341,0,13,3417,819,301,657,-450,-457,217,1397,197,507,-512
2026-01-16,48,26757,A,29073,24285,1610,6417,0,22341,0,236,3482,887,311,668,-450,-516,213,1397,202,540,-514
2026-01-17,1,26904,A,29508,24172,1532,6417,0,22341,0,509,3399,1053,595,724,-450,-531,468,1397,295,605,-514
2026-01-17,2,27715,A,30321,25020,1503,6417,0,22341,0,511,3533,1074,612,727,-450,-531,478,1397,304,612,-514
2026-01-17,3,27339,A,29978,24744,1459,6417,0,22341,0,544,3513,1003,514,962,-450,-531,646,1397,387,665,-514
2026-01-17,4,26549,A,29326,24194,1483,6417,0,22341,0,682,3349,993,510,971,-450,-531,652,1397,389,667,-514
2026-01-17,5,26102,A,28762,23844,1453,6417,0,22341,0,564,3666,1044,601,739,-451,-531,426,1397,255,573,-514
2026-01-17,6,25511,A,28280,23297,1508,6417,0,22341,0,673,3691,1051,606,729,-451,-531,417,1397,245,564,-514
2026-01-17,7,24596,A,27451,22413,1522,6417,0,22341,0,759,3556,1051,547,696,-451,-531,191,1397,222,508,-514
2026-01-17,8,24266,A,27195,22129,1581,6417,0,22341,0,833,3376,1051,537,695,-451,-531,182,1397,220,506,-514
2026-01-17,9,24066,A,26993,21991,1574,6417,0,22341,0,832,3514,1091,302,891,-450,-531,37,1397,223,590,-514
2026-01-17,10,23773,A,26695,21617,1570,6417,0,22341,0,827,3220,1095,289,898,-450,-531,32,1397,231,596,-514
2026-01-17,11,24117,A,27033,21982,1421,6417,0,22341,0,820,3394,792,404,730,-451,-531,282,1397,508,573,-514
2026-01-17,12,23822,A,26843,21634,1429,6417,0,22341,0,952,3103,752,404,724,-450,-505,291,1397,522,571,-514
2026-01-17,13,24722,A,27471,22495,1449,6417,0,22341,0,858,3236,442,112,567,-396,-381,247,1397,381,603,-514
2026-01-17,14,25903,A,28458,23611,1469,6417,0,22341,0,613,2941,398,80,556,-429,-399,242,1397,361,599,-514
2026-01-17,15,26898,A,29818,24612,1411,6417,0,22341,0,347,3057,-281,-364,122,-329,-273,-205,1397,-8,257,-513
2026-01-17,16,28256,A,31299,25911,1436,6417,0,22341,0,168,2922,-391,-386,110,-419,-311,-225,1397,-29,231,-514
2026-01-17,17,29793,A,32079,27284,1329,6417,13,22341,0,79,2811,-77,-103,399,-451,-462,9,1397,41,181,-514
2026-01-17,18,30609,A,32832,27911,1279,6417,188,22341,0,9,2434,-43,-75,420,-451,-531,21,1397,52,187,-514
2026-01-17,19,32357,A,34465,29490,1262,6417,657,22341,0,12,1745,800,201,1028,-451,-531,480,1397,272,565,-514
2026-01-17,20,32480,A,34588,29562,1250,6417,1200,22341,0,12,1764,938,227,1059,-451,-531,501,1397,291,596,-514
2026-01-17,21,32671,A,34803,29637,1202,6417,2110,22341,0,12,1486,1001,464,1055,-451,-531,779,1397,465,753,-538
2026-01-17,22,32674,A,34780,29605,1149,6417,2743,22341,0,10,1543,1010,485,1055,-451,-531,790,1397,481,768,-514
2026-01-17,23,32744,A,34848,29568,1011,6417,3179,22341,0,8,1337,1141,658,1059,-451,-531,911,1397,671,804,-514
2026-01-17,24,32804,A,34907,29515,949,6417,3342,22341,0,8,1323,1158,674,1059,-450,-531,912,1397,685,805,-514
2026-01-17,25,32748,A,34851,29406,877,6417,3825,22341,0,8,1256,1217,815,1058,-450,-531,489,1397,727,748,-514
2026-01-17,26,32644,A,34746,29341,823,6417,3644,22341,0,7,1089,1224,826,1059,-450,-531,470,1397,730,727,-514
2026-01-17,27,32480,A,34583,29242,754,6417,3450,22341,0,7,965,1324,881,1047,-451,-531,157,1397,740,207,-514
2026-01-17,28,32483,A,34587,29178,731,6417,3150,22341,0,8,635,1337,882,1036,-451,-531,144,1397,742,153,-514
2026-01-17,29,32260,A,34866,29016,669,6417,2588,22341,0,8,981,1311,777,391,-450,-531,160,1397,774,-503,-514
2026-01-17,30,32620,A,35272,29419,675,6417,1984,22341,0,8,1045,1308,772,354,-451,-531,161,1397,779,-548,-514
2026-01-17,31,33323,A,35933,30107,741,6417,1245,22341,0,7,1091,1462,836,451,-450,-531,6,1397,894,-508,-514
2026-01-17,32,34193,A,36801,30964,808,6417,474,22341,0,7,1006,1483,845,455,-451,-531,0,1397,903,-505,-514
2026-01-17,33,35292,A,37893,31991,796,6417,43,22341,0,7,1080,1505,983,476,-451,-531,156,1397,993,-498,-514
2026-01-17,34,36121,A,38699,32728,825,6417,0,22341,0,9,1077,1507,987,479,-451,-531,165,1397,990,-473,-514
2026-01-17,35,38000,A,40102,34504,835,6417,0,22341,0,6,1198,1225,797,846,-451,-531,642,1397,699,394,-514
2026-01-17,36,38145,A,40246,34658,881,6417,0,22341,0,5,1263,1188,787,862,-451,-531,663,1397,680,458,-514
2026-01-17,37,37979,A,40080,34572,881,6417,0,22341,0,5,1383,1081,892,1007,-451,-531,755,1397,650,645,-514
2026-01-17,38,37318,A,39423,34000,934,6417,0,22341,0,9,1159,1068,893,1013,-451,-531,758,1397,646,664,-514
2026-01-17,39,36148,A,38259,33033,924,6417,0,22341,0,15,1227,1343,670,1012,-451,-531,705,1397,601,877,-514
2026-01-17,40,35190,A,37301,32133,896,6417,0,22341,0,15,1143,1379,662,1012,-451,-531,703,1397,607,893,-514
2026-01-17,41,34690,A,36801,31674,829,6417,0,22341,0,15,1063,1492,921,1050,-451,-531,897,1397,911,947,-514
2026-01-17,42,33719,A,35830,30606,800,6417,0,22341,0,15,1120,1506,932,1051,-451,-531,904,1397,928,951,-514
2026-01-17,43,32415,A,34526,29465,822,6417,0,22341,0,15,1245,1424,684,1051,-451,-531,884,1397,852,973,-514
2026-01-17,44,31389,A,33503,28466,783,6417,0,22341,0,15,1215,1413,668,1052,-451,-531,883,1397,843,975,-517
2026-01-17,45,30123,A,32234,27381,790,6417,0,22341,0,15,1070,1380,720,1050,-451,-531,993,1397,711,933,-514
2026-01-17,46,28724,A,30834,26095,750,6417,0,22341,0,14,1067,1376,729,1050,-451,-531,997,1397,709,930,-514
2026-01-17,47,27152,A,29193,24614,717,6417,0,22341,0,13,1330,1422,931,1027,-451,-463,997,1397,930,983,-514
2026-01-17,48,26438,A,28256,23964,713,6417,0,22342,0,12,1446,1428,946,1026,-381,-311,997,1397,945,987,-514
2026-01-18,1,26485,A,28032,23971,705,6417,0,22342,0,12,1291,1497,984,1055,-261,-160,997,1397,994,987,-514
2026-01-18,2,27134,A,28693,24732,710,6417,0,22342,0,9,1531,1506,986,1056,-251,-193,997,1397,998,987,-506
2026-01-18,3,26699,A,28410,24371,702,6417,0,22342,0,9,1593,1506,992,1056,-250,-339,997,1397,998,987,-513
2026-01-18,4,26012,A,27713,23783,709,6417,0,22342,0,10,1584,1506,992,1056,-251,-326,997,1397,998,987,-514
2026-01-18,5,25539,A,27349,23336,722,6417,0,22342,0,16,1751,1506,992,1052,-251,-429,997,1397,998,987,-514
2026-01-18,6,25236,A,27292,23020,719,6417,0,22342,0,272,1830,1506,990,1052,-251,-419,997,1397,997,987,-514
2026-01-18,7,24491,A,26841,22272,718,6417,0,22342,0,560,1774,1506,919,1047,-250,-426,997,1397,970,987,-514
2026-01-18,8,24400,A,26595,22221,685,6417,0,22342,0,551,1708,1506,916,1046,-251,-279,997,1397,969,987,-514
2026-01-18,9,24287,A,26409,22113,673,6417,0,22342,0,608,1742,1506,987,1048,-251,-149,997,1397,996,987,-514
2026-01-18,10,23820,A,25858,21585,695,6417,0,22342,0,616,1911,1506,992,1047,-251,-57,997,1397,994,981,-514
2026-01-18,11,23303,A,25317,21159,722,6417,0,22342,0,613,2081,1475,987,884,-250,-37,878,1397,858,740,-514
2026-01-18,12,22956,A,24922,20870,726,6417,0,22342,0,612,2062,1472,981,878,-249,0,874,1397,845,717,-505
2026-01-18,13,23340,A,25318,21271,798,6417,0,22342,0,605,2032,1342,774,759,-260,0,893,1397,690,611,-513
2026-01-18,14,24057,A,25982,21957,839,6417,0,22342,0,567,1994,1324,753,754,-264,0,893,1397,678,597,-494
2026-01-18,15,24838,A,25960,22590,868,6417,0,22342,0,31,2278,820,518,543,-113,0,536,1397,585,339,-378
2026-01-18,16,26039,A,27112,23703,891,6417,0,22342,0,12,2455,752,504,538,-5,0,521,1397,573,323,-456
2026-01-18,17,27873,A,29058,25394,903,6417,1,22342,0,8,2279,868,578,998,-93,0,596,1397,392,417,-484
2026-01-18,18,29074,A,30315,26586,940,6417,47,22342,0,9,2346,884,594,1015,-245,0,599,1397,398,434,-387
2026-01-18,19,30645,A,32142,28003,843,6417,228,22342,0,13,1806,1434,967,495,-394,0,777,1397,962,850,-490
2026-01-18,20,31945,A,33534,29140,819,6417,448,22342,0,13,1555,1506,992,474,-450,0,783,1397,998,880,-526
2026-01-18,21,33178,A,34739,30254,785,6417,832,22342,0,13,1364,1505,992,982,-434,0,974,1397,998,930,-514
2026-01-18,22,33580,A,35150,30589,761,6417,1275,22342,0,13,1237,1506,992,1007,-443,0,981,1397,998,935,-514
2026-01-18,23,34512,A,35985,31474,717,6417,1400,22342,0,13,1280,1506,992,1046,-346,0,1015,1397,998,984,-514
2026-01-18,24,34908,A,36301,31816,667,6417,1579,22342,0,9,1357,1506,992,1048,-270,0,1017,1397,999,988,-514
2026-01-18,25,35492,A,36897,32354,637,6417,1599,22342,0,8,1434,1506,992,1048,-283,0,1017,1397,998,988,-514
2026-01-18,26,35790,A,37218,32596,603,6417,1475,22342,0,8,1478,1505,991,1049,-306,0,1017,1397,998,987,-514
2026-01-18,27,35883,A,37258,32706,587,6417,1188,22342,0,8,1600,1331,942,1026,-308,0,825,1397,999,936,-459
2026-01-18,28,35819,A,37189,32573,620,6417,973,22342,0,52,1649,1307,939,1024,-242,3,817,1397,998,934,-476
2026-01-18,29,35618,A,37014,32365,638,6417,717,22342,0,165,1629,1457,962,939,-232,0,533,1397,998,934,-399
2026-01-18,30,35930,A,37302,32742,663,6417,441,22342,0,164,1762,1477,964,935,-206,0,522,1397,999,929,-402
2026-01-18,31,36489,A,37910,33277,689,6417,242,22342,0,164,1886,1504,991,1030,-153,0,529,1397,998,722,-504
2026-01-18,32,36999,A,38511,33802,723,6417,74,22342,0,213,1910,1507,991,1034,-185,0,529,1397,999,711,-514
2026-01-18,33,37361,A,38857,34042,730,6417,5,22342,0,321,1865,1506,965,957,-61,0,738,1397,998,858,-514
2026-01-18,34,38756,A,40193,35216,704,6417,0,22342,0,250,2040,1507,960,956,-53,0,746,1397,997,869,-534
2026-01-18,35,39955,A,41141,36333,756,6417,0,22342,0,158,2371,1408,857,1050,0,0,941,1397,969,916,-428
2026-01-18,36,39778,A,40912,36200,789,6417,0,22342,0,158,2262,1395,851,1053,0,0,948,1397,967,929,-376
2026-01-18,37,39516,A,40609,36004,788,6417,0,22342,0,159,2131,1391,910,1053,0,0,900,1397,969,1280,-334
2026-01-18,38,38741,A,39733,35309,791,6417,0,22342,0,164,2055,1390,909,1052,0,0,894,1397,964,1305,-228
2026-01-18,39,37498,A,38419,34222,784,6417,0,22342,0,170,2195,1187,727,1051,-72,0,421,1397,802,1353,-79
2026-01-18,40,36704,A,37545,33563,787,6417,0,22342,0,171,2169,1160,707,1052,-70,0,399,1397,782,1357,68
2026-01-18,41,35369,A,36139,32394,762,6417,0,22342,0,170,2314,795,426,1051,38,0,601,1397,464,1393,170
2026-01-18,42,34449,A,35366,31419,763,6417,0,22342,0,317,2302,748,401,1052,79,0,608,1397,440,1393,197
2026-01-18,43,33036,A,34219,30157,706,6417,0,22342,0,583,2715,605,194,1050,140,0,617,1397,264,1245,199
2026-01-18,44,31159,A,32594,28414,708,6417,0,22342,0,835,2590,587,187,1050,179,0,618,1397,255,1225,200
2026-01-18,45,29746,A,30994,27100,682,6417,0,22342,0,648,2645,765,428,965,116,0,593,1397,332,879,200
2026-01-18,46,28573,A,29722,26101,676,6417,0,22342,0,549,2854,790,437,958,16,0,592,1397,338,843,200
2026-01-18,47,27104,A,28360,24686,676,6417,0,22342,0,603,3036,1013,150,467,0,-53,342,1397,393,412,200
2026-01-18,48,26325,A,27601,23950,681,6417,0,22346,0,666,2950,1042,142,443,0,-10,333,1397,399,382,200
2026-01-19,1,26613,A,27880,24260,664,6417,0,22346,0,667,2803,821,565,433,0,0,600,1397,491,415,136
2026-01-19,2,27344,A,28612,25067,644,6417,0,22346,0,656,3137,792,589,433,0,0,610,1397,494,423,-12
2026-01-19,3,26955,A,28320,24732,663,6417,0,22346,0,605,2736,915,429,698,0,0,527,1397,411,607,-160
2026-01-19,4,26147,A,27656,23951,717,6417,0,22346,0,599,2471,931,421,709,0,0,524,1397,411,620,-310
2026-01-19,5,26206,A,27838,24001,792,6417,0,22346,0,592,2660,986,528,589,0,0,747,1397,582,623,-440
2026-01-19,6,25514,A,27098,23323,778,6417,0,22346,0,597,2390,993,533,583,0,0,755,1397,590,612,-387
2026-01-19,7,24947,A,26625,22850,834,6417,0,22346,0,595,2668,900,441,328,0,0,543,1397,467,190,-483
2026-01-19,8,24502,A,26189,22395,834,6417,0,22346,0,593,2641,886,426,318,0,0,535,1369,451,159,-494
2026-01-19,9,24120,A,25682,22007,793,6417,0,22346,0,591,2720,433,108,261,0,-11,501,1010,162,123,-360
2026-01-19,10,24217,A,25708,22075,758,6417,0,22346,0,585,2670,373,81,254,0,-98,463,936,137,96,-208
2026-01-19,11,24456,A,27600,22271,746,6417,0,22346,0,120,2905,-17,-79,-750,0,-14,-576,562,-129,-783,-76
2026-01-19,12,25434,A,28922,23202,768,6417,0,22346,0,8,2889,-69,-99,-932,0,0,-655,486,-149,-846,-130
2026-01-19,13,27683,A,32655,25300,787,6417,0,22346,0,8,3188,-593,-461,-1052,38,56,-983,114,-224,-1006,-45
2026-01-19,14,30238,A,35490,27638,849,6417,0,22346,0,8,3057,-662,-477,-1057,-66,11,-996,63,-224,-1019,-143
2026-01-19,15,33425,A,37607,30470,885,6417,0,22346,0,8,2910,-42,-162,-1061,-60,0,-839,3,-32,-1086,-292
2026-01-19,16,34886,A,39139,31712,932,6417,0,22346,0,9,2932,20,-126,-1051,-109,0,-818,16,-12,-1086,-442
2026-01-19,17,36845,A,39314,33505,968,6417,5,22346,0,12,2479,754,393,-379,-142,-19,-44,266,242,-772,-501
2026-01-19,18,37491,A,39970,34120,944,6417,116,22346,0,12,2393,852,427,-330,-285,-151,2,326,265,-694,-407
2026-01-19,19,39073,A,40901,35670,912,6417,403,22346,0,12,1831,1201,359,384,-424,-301,401,689,492,493,-491
2026-01-19,20,39006,A,41036,35581,896,6417,806,22346,0,12,2120,1249,363,437,-451,-453,419,729,508,607,-514
2026-01-19,21,39244,A,41351,35887,863,6417,1348,22346,0,11,2061,1477,672,908,-451,-531,776,645,584,854,-514
2026-01-19,22,39449,A,41555,35944,825,6417,1745,22346,0,10,1929,1507,692,929,-451,-531,791,664,590,871,-514
2026-01-19,23,39362,A,41469,35865,757,6417,2032,22346,0,11,1693,1507,633,1054,-451,-531,879,1038,590,851,-514
2026-01-19,24,39195,A,41300,35799,734,6417,2157,22346,0,10,1613,1507,627,1057,-450,-531,882,1094,593,849,-514
2026-01-19,25,39053,A,41160,35697,772,6417,2216,22346,0,11,1540,1369,557,663,-451,-531,840,1212,688,862,-514
2026-01-19,26,39033,A,41139,35681,747,6417,2117,22346,0,11,1654,1351,563,645,-450,-531,837,1197,696,843,-514
2026-01-19,27,38774,A,40881,35461,710,6417,1739,22346,0,11,1685,1232,929,671,-451,-531,468,824,767,57,-514
2026-01-19,28,38494,A,40610,35162,706,6417,1564,22346,0,11,1504,1217,955,620,-451,-531,455,760,777,-9,-514
2026-01-19,29,38264,A,41126,34862,722,6417,1345,22346,0,6,1726,1473,990,-323,-451,-531,808,537,984,-437,-514
2026-01-19,30,37780,A,40729,34371,760,6417,867,22346,0,10,1800,1507,992,-360,-451,-531,822,507,998,-483,-514
2026-01-19,31,37816,A,41113,34337,823,6417,422,22346,0,10,1844,1507,992,-138,-450,-531,972,475,998,-1054,-514
2026-01-19,32,38787,A,42113,35198,859,6417,214,22346,0,9,1910,1507,992,-129,-451,-531,977,466,998,-1092,-514
2026-01-19,33,39550,A,43139,35871,943,6417,26,22346,0,9,2146,1507,992,-405,-450,-519,930,408,997,-1092,-514
2026-01-19,34,40823,A,44435,36908,1022,6417,0,22346,0,9,2228,1507,992,-402,-450,-531,928,412,997,-1084,-536
2026-01-19,35,42017,A,44910,37935,1057,6417,0,22346,0,9,2134,1507,992,321,-451,-531,701,556,998,-788,-514
2026-01-19,36,41993,A,44866,37831,1095,6417,0,22346,0,10,2181,1507,990,358,-451,-531,692,586,984,-767,-514
2026-01-19,37,41547,A,44424,37495,1128,6417,0,22346,0,10,2171,1387,923,345,-451,-531,351,740,541,-771,-514
2026-01-19,38,41051,A,43910,37084,1266,6417,0,22346,0,10,2140,1371,899,344,-451,-531,338,742,512,-753,-514
2026-01-19,39,40016,A,42225,36257,1298,6417,0,22346,0,12,2259,1045,234,366,-451,-531,574,526,502,-101,-514
2026-01-19,40,38755,A,40897,35298,1363,6417,0,22346,0,10,2555,1001,199,356,-450,-504,583,470,502,-64,-514
2026-01-19,41,37885,A,39875,34536,1413,6417,0,22346,0,11,2553,732,576,2,-387,-367,450,96,533,-111,-514
2026-01-19,42,35954,A,37872,32743,1516,6417,0,22346,0,11,2685,657,597,0,-438,-240,445,46,524,-115,-514
2026-01-19,43,33943,A,36067,30935,1604,6417,0,22346,0,11,3062,112,391,-122,-437,-298,171,1,146,-142,-514
2026-01-19,44,32681,A,34608,29834,1708,6417,0,22346,0,11,3207,85,376,-130,-342,-184,160,-2,123,-144,-514
2026-01-19,45,31083,A,32997,28377,1722,6417,0,22346,0,9,3210,75,312,-156,-410,-107,179,51,131,-118,-514
2026-01-19,46,29184,A,30894,26704,1827,6417,0,22346,0,9,3585,80,304,-156,-300,-5,174,72,131,-136,-504
2026-01-19,47,27331,A,29956,24914,1768,6417,0,22346,0,9,2918,395,168,96,-293,0,-382,260,105,-845,-496
2026-01-19,48,26465,A,29072,24171,1842,6417,0,22350,0,9,3100,423,166,103,-295,0,-409,265,104,-895,-399
2026-01-20,1,26500,A,29467,24222,1790,6417,0,22350,0,17,3367,953,453,-140,-145,0,-603,25,139,-974,-488
2026-01-20,2,27290,A,30396,25046,1794,6417,0,22350,0,164,3676,1001,484,-155,-78,0,-610,-5,149,-980,-514
2026-01-20,3,26897,A,30855,24748,1801,6417,0,22350,0,229,3600,1113,910,-666,-219,0,-722,-5,402,-1003,-514
2026-01-20,4,26167,A,30270,24074,1876,6417,0,22350,0,283,3710,1127,937,-693,-249,0,-726,-32,424,-1006,-514
2026-01-20,5,25422,A,30073,23367,1890,6417,0,22350,0,283,3989,1240,893,-1015,-139,0,-754,-375,613,-1039,-446
2026-01-20,6,25139,A,29604,23025,1979,6417,0,22350,0,282,4026,1254,885,-1028,-43,0,-755,-421,627,-1042,-294
2026-01-20,7,24330,A,28846,22353,2033,6417,0,22350,0,282,3823,1210,707,-1016,-155,0,-805,-453,696,-1063,-142
2026-01-20,8,23888,A,28249,21862,2121,6417,0,22350,0,285,3872,1203,682,-1015,-138,0,-806,-487,690,-1030,7
2026-01-20,9,23627,A,27439,21580,2227,6417,0,22350,0,283,3872,663,256,-1069,-14,0,-901,-872,327,-73,151
2026-01-20,10,23513,A,27429,21379,2344,6417,0,22350,0,382,3671,589,221,-1070,0,0,-904,-942,297,-18,200
2026-01-20,11,23678,A,28673,21594,2365,6417,0,22350,0,389,3666,-28,19,-1070,56,40,-1018,-1210,41,-680,200
2026-01-20,12,24372,A,29499,22243,2483,6417,0,22350,0,317,3536,-130,-10,-1069,11,1,-1022,-1257,24,-722,200
2026-01-20,13,26582,A,32719,24333,2505,6417,0,22350,0,317,3313,-433,-565,-1074,76,0,-996,-1430,13,-722,200
2026-01-20,14,29569,A,35812,27064,2737,6417,0,22350,0,323,3415,-473,-602,-1074,192,0,-995,-1452,25,-724,200
2026-01-20,15,32555,A,38474,29847,2822,6417,0,22350,0,325,3432,-191,-531,-1075,127,0,-1021,-1452,480,-724,166
2026-01-20,16,34059,A,40010,31298,2975,6417,0,22350,0,421,3489,-152,-504,-1075,9,0,-1022,-1453,512,-724,33
2026-01-20,17,34862,A,40191,31982,3147,6417,19,22350,0,332,3701,255,322,-1075,-55,0,-1022,-1453,585,-724,-68
2026-01-20,18,35270,A,40686,32394,3344,6417,391,22350,0,316,3823,325,383,-1074,-10,0,-1021,-1453,588,-724,-218
2026-01-20,19,35886,A,40713,32847,3487,6417,1129,22350,0,211,3510,803,514,-822,0,0,-720,-1453,512,-724,-297
2026-01-20,20,35351,A,39934,32324,3600,6417,1817,22350,0,163,3701,881,529,-786,0,0,-703,-1441,508,-724,-166
2026-01-20,21,35059,A,38272,32056,3690,6417,2707,22350,0,168,3862,1158,753,-162,0,0,-211,-1294,501,-724,-54
2026-01-20,22,34334,A,37416,31427,3925,6417,3045,22350,0,167,4098,1166,768,-134,0,0,-190,-1267,501,-724,58
2026-01-20,23,34198,A,37325,31285,3982,6417,3650,22350,0,168,4093,992,781,110,0,0,-473,-1162,495,-724,123
2026-01-20,24,33611,A,36754,30806,4161,6417,4129,22350,0,166,4407,985,786,118,23,0,-484,-1169,494,-724,200
2026-01-20,25,33845,A,37956,31112,4099,6417,3767,22350,0,165,4792,1232,956,-620,0,0,-581,-1421,465,-724,173
2026-01-20,26,33761,A,38034,31019,4300,6417,3678,22350,0,166,4942,1264,969,-743,0,0,-587,-1453,467,-724,156
2026-01-20,27,33645,A,38652,31025,4307,6417,3471,22350,0,164,5041,1466,991,-1062,0,0,-1004,-1453,584,-724,100
2026-01-20,28,33774,A,38814,31094,4397,6417,3106,22350,0,166,4819,1492,992,-1076,19,0,-1021,-1453,590,-724,176
2026-01-20,29,34029,A,38960,31378,4372,6417,2391,22350,0,165,5170,1415,992,-1067,0,0,-922,-1453,537,-724,126
2026-01-20,30,34404,A,39313,31906,4485,6417,1473,22350,0,166,5214,1405,983,-1066,0,0,-919,-1453,533,-705,125
2026-01-20,31,34751,A,38932,32328,4514,6417,679,22350,0,164,5227,1341,646,-1075,40,0,-846,-1453,520,-43,131
2026-01-20,32,35907,A,40011,33433,4474,6417,192,22350,0,99,5287,1333,632,-1075,81,0,-842,-1453,527,-35,26
2026-01-20,33,36626,A,41330,34083,4403,6417,13,22350,0,10,5157,1478,969,-1076,4,0,-479,-1453,771,-1019,-67
2026-01-20,34,37972,A,42931,35334,4410,6417,0,22350,0,10,5033,1497,980,-1075,-68,0,-466,-1453,786,-1096,-191
2026-01-20,35,38925,A,44384,36227,4319,6417,0,22350,0,7,5272,1069,579,-1075,-59,0,-831,-1453,742,-1096,-338
2026-01-20,36,39417,A,44974,36738,4369,6417,0,22350,0,7,5438,1012,547,-1072,-5,0,-845,-1453,732,-1096,-479
2026-01-20,37,39100,A,43902,36561,4371,6417,0,22350,0,7,5474,655,378,-606,-34,0,-568,-1453,451,-1096,-438
2026-01-20,38,38332,A,42958,35826,4437,6417,0,22350,0,9,5422,606,354,-584,-6,0,-558,-1453,431,-1096,-320
2026-01-20,39,37575,A,42034,35184,4299,6417,0,22350,0,8,5464,564,-107,-413,-59,-12,-539,-1453,351,-1096,-172
2026-01-20,40,36556,A,40802,34284,4322,6417,0,22350,0,7,5516,562,-132,-407,17,0,-538,-1437,345,-1092,-33
2026-01-20,41,35652,A,39310,33498,4179,6417,0,22350,0,7,5579,1268,86,-273,5,0,-576,-1237,299,-965,67
2026-01-20,42,34358,A,37940,32254,4205,6417,0,22350,0,7,5607,1363,107,-263,79,0,-577,-1187,293,-948,187
2026-01-20,43,32633,A,35086,30670,4161,6417,0,22350,0,7,5521,730,348,-2,7,0,-332,-865,180,-647,200
2026-01-20,44,30922,A,33457,29166,4188,6417,0,22350,0,143,5365,646,369,0,0,0,-323,-843,175,-626,200
2026-01-20,45,29082,A,32183,27481,4205,6417,0,22350,0,161,5651,854,533,-336,0,0,-301,-1066,289,-637,200
2026-01-20,46,27675,A,30845,26143,4211,6417,0,22350,0,161,5624,882,555,-381,0,0,-300,-1081,305,-647,200
2026-01-20,47,26199,A,30370,24800,4142,6417,0,22350,0,161,5573,1413,950,-1002,-67,-54,-460,-932,596,-895,200
2026-01-20,48,25124,A,29431,23755,4081,6417,0,22355,0,162,5343,1506,978,-1035,-220,-10,-465,-902,624,-913,120
2026-01-21,1,25317,A,29398,23947,3974,6417,0,22355,0,35,5267,1502,973,-1021,-333,0,-344,-763,956,-955,-30
2026-01-21,2,25756,A,29795,24428,3927,6417,0,22355,0,30,5500,1502,973,-1020,-248,0,-339,-734,978,-958,-110
2026-01-21,3,25533,A,29332,24263,3801,6417,0,22355,0,164,5327,1504,991,-833,-315,0,-173,-587,996,-884,-243
2026-01-21,4,24992,A,28829,23803,3746,6417,0,22355,0,163,5561,1505,992,-825,-241,0,-167,-573,997,-875,-393
2026-01-21,5,24780,A,28414,23608,3534,6417,0,22355,0,163,5517,1505,992,-697,-293,0,44,-623,996,-752,-506
2026-01-21,6,24395,A,27925,23247,3482,6417,0,22355,0,159,5513,1505,992,-692,-191,0,52,-633,996,-741,-514
2026-01-21,7,23771,A,26929,22655,3399,6417,0,22355,0,161,5405,1505,992,-467,-44,0,-15,-676,996,-681,-514
2026-01-21,8,23583,A,26659,22412,3294,6417,0,22355,0,164,5091,1505,992,-459,0,0,-18,-674,996,-673,-488
2026-01-21,9,23347,A,26061,22103,3074,6417,0,22355,0,165,4703,1505,992,-241,-5,0,-188,-578,996,-519,-418
2026-01-21,10,23509,A,26185,22166,2961,6417,0,22355,0,165,4230,1506,992,-232,-94,0,-194,-570,996,-512,-309
2026-01-21,11,23925,A,26751,22543,2848,6417,0,22355,0,165,4072,1506,992,-240,-49,0,-389,-621,997,-605,-157
2026-01-21,12,24898,A,27563,23337,2897,6417,0,22355,0,166,3669,1507,990,-237,0,0,-397,-639,994,-604,-22
2026-01-21,13,27551,A,30034,25711,2925,6417,0,22355,0,164,3710,1477,896,95,69,44,-648,-785,849,-286,68
2026-01-21,14,30018,A,32441,27943,2934,6417,0,22355,0,166,3420,1472,892,102,118,1,-657,-772,844,-228,163
2026-01-21,15,32731,A,34215,30402,2853,6417,0,22355,0,103,2901,1502,968,232,8,0,-394,-387,988,732,159
2026-01-21,16,34508,A,35799,31924,2982,6417,0,22355,0,13,2815,1505,973,240,0,0,-368,-310,997,813,29
2026-01-21,17,35986,A,36668,33155,3056,6417,4,22355,0,14,2756,1503,991,384,0,0,399,67,997,1003,-68
2026-01-21,18,36404,A,37130,33527,3233,6417,69,22355,0,16,2867,1504,992,397,0,0,448,143,997,1026,-110
2026-01-21,19,38081,A,38759,35084,3357,6417,205,22355,0,12,2774,1502,992,999,0,0,963,516,997,1399,-66
2026-01-21,20,38241,A,39007,35195,3494,6417,385,22355,0,17,2934,1502,992,1031,0,0,987,592,997,1414,-149
2026-01-21,21,38277,A,39049,35230,3352,6417,541,22355,0,14,3274,1502,992,1058,0,0,1016,966,997,1019,-158
2026-01-21,22,38477,A,39271,35493,3508,6417,749,22355,0,15,3803,1502,992,1060,0,0,1016,1037,997,991,-179
2026-01-21,23,38217,A,39043,35324,3613,6417,870,22355,0,16,3798,1503,992,1060,0,0,1017,1357,997,992,-210
2026-01-21,24,37954,A,38740,35069,3782,6417,1003,22355,0,16,3991,1502,992,1060,0,0,1016,1382,997,991,-170
2026-01-21,25,38009,A,38991,35131,3992,6417,1031,22355,0,16,4066,1502,992,1060,-75,0,1017,1195,998,968,-291
2026-01-21,26,37817,A,39025,35053,4123,6417,956,22355,0,16,4537,1502,992,1060,-170,0,1016,1143,997,972,-422
2026-01-21,27,37965,A,39330,35287,4225,6417,837,22355,0,13,4907,1503,992,1059,-240,0,1017,770,997,1195,-512
2026-01-21,28,37472,A,38989,34895,4425,6417,686,22355,0,14,5021,1503,992,1053,-389,0,1017,695,997,1204,-514
2026-01-21,29,36675,A,38252,34183,4668,6417,564,22355,0,9,5179,1503,992,377,-436,-18,909,321,997,823,-514
2026-01-21,30,36217,A,37855,33694,4785,6417,466,22355,0,8,4944,1503,992,319,-411,-122,896,256,997,808,-497
2026-01-21,31,36403,A,37852,33971,4830,6417,225,22355,0,7,5142,1505,992,-97,-296,-49,279,25,998,1250,-400
2026-01-21,32,37079,A,38787,34622,4827,6417,66,22355,0,6,5088,1505,992,-104,-354,-149,247,-5,998,1282,-490
2026-01-21,33,37741,A,39697,35176,4795,6417,10,22355,0,6,4835,1504,993,-104,-426,-301,481,-5,998,1315,-514
2026-01-21,34,38938,A,41063,36303,4755,6417,0,22355,0,6,4909,1504,992,-104,-450,-452,483,26,997,1320,-513
2026-01-21,35,40109,A,42294,37173,4691,6417,0,22355,0,4,4601,1505,992,621,-450,-531,-86,400,998,1416,-514
2026-01-21,36,40056,A,42273,37104,4658,6417,0,22355,0,6,4634,1504,992,742,-451,-531,-115,462,998,1422,-514
2026-01-21,37,39765,A,41868,36956,4559,6417,0,22355,0,7,4789,1504,992,714,-451,-531,7,669,998,1422,-514
2026-01-21,38,39090,A,41192,36402,4506,6417,0,22355,0,6,4840,1504,992,712,-451,-531,13,712,998,1422,-514
2026-01-21,39,38259,A,40360,35696,4308,6417,0,22355,0,5,4873,1504,992,833,-451,-531,379,931,998,1423,-514
2026-01-21,40,37170,A,39268,34733,4268,6417,0,22355,0,2,4627,1503,992,837,-451,-531,392,953,998,1425,-514
2026-01-21,41,35708,A,37813,33400,4260,6417,0,22355,0,7,4835,1504,992,620,-451,-531,-2,882,998,1426,-514
2026-01-21,42,34614,A,36738,32420,4279,6417,0,22355,0,9,5095,1504,992,573,-451,-531,-19,844,998,1425,-514
2026-01-21,43,32844,A,35477,30824,4177,6417,0,22355,0,0,5269,1505,992,-151,-451,-531,-386,471,998,1395,-514
2026-01-21,44,31525,A,34192,29700,4068,6417,0,22355,0,5,5587,1505,984,-166,-451,-531,-400,396,986,1393,-514
2026-01-21,45,29207,A,32483,27540,3957,6417,0,22355,0,5,5599,1393,687,-579,-451,-531,-596,22,561,1420,-514
2026-01-21,46,27784,A,31159,26217,3904,6417,0,22355,0,11,5607,1378,675,-611,-451,-531,-603,-55,546,1402,-513
2026-01-21,47,25972,A,30472,24491,3742,6417,0,22355,0,663,5644,1491,972,-971,-451,-531,-337,-433,969,668,-514
2026-01-21,48,24899,A,29683,23456,3698,6417,0,22359,0,907,5487,1506,992,-974,-451,-531,-327,-480,997,619,-514
2026-01-22,1,25283,A,30078,23864,3603,6417,0,22359,0,759,5686,1506,992,-1074,-391,-531,-439,-487,996,760,-514
2026-01-22,2,25703,A,30174,24285,3605,6417,0,22359,0,485,5623,1506,992,-1077,-356,-531,-443,-465,997,776,-514
2026-01-22,3,25468,A,30110,24124,3616,6417,0,22359,0,921,5674,1506,992,-1075,-356,-531,-462,-183,997,996,-514
2026-01-22,4,24865,A,29503,23559,3569,6417,0,22359,0,950,5803,1507,992,-1074,-356,-531,-462,-151,997,1005,-514
2026-01-22,5,24528,A,28602,23306,3437,6417,0,22359,0,685,5834,1506,992,-970,-356,-531,-242,-177,998,762,-513
2026-01-22,6,24135,A,28177,22933,3429,6417,0,22359,0,629,5794,1506,992,-966,-356,-531,-235,-211,998,752,-514
2026-01-22,7,23702,A,28571,22537,3366,6417,0,22359,0,777,5812,1507,992,-902,-356,-531,-598,-591,997,1019,-514
2026-01-22,8,23180,A,28283,22060,3331,6417,0,22359,0,939,5551,1507,992,-900,-356,-531,-613,-650,997,1038,-514
2026-01-22,9,23091,A,28553,22047,3274,6417,0,22359,0,884,5767,1507,992,-926,-356,-531,-854,-798,996,995,-513
2026-01-22,10,22910,A,28394,21836,3327,6417,0,22359,0,928,5643,1507,985,-927,-356,-504,-863,-793,988,992,-513
2026-01-22,11,23542,A,27847,22420,3274,6417,0,22359,0,145,5661,1128,717,-863,-356,-377,-955,-495,711,1040,-514
2026-01-22,12,24262,A,28377,23029,3282,6417,0,22359,0,13,5577,1077,693,-861,-356,-385,-959,-428,686,1047,-513
2026-01-22,13,26766,A,30094,25275,3203,6417,0,22359,0,9,5466,751,504,-710,-304,-265,-959,-52,451,1107,-429
2026-01-22,14,28772,A,32044,27083,3279,6417,0,22359,0,8,5408,707,499,-704,-295,-339,-959,26,444,1113,-367
2026-01-22,15,31832,A,35085,29900,3178,6417,0,22359,0,8,5016,1102,785,-442,-429,-486,-797,400,711,1168,-491
2026-01-22,16,33586,A,36885,31610,3254,6417,0,22359,0,12,5072,1155,802,-417,-450,-531,-775,475,729,1166,-514
2026-01-22,17,34757,A,37480,32552,3159,6417,7,22359,0,17,4894,1239,737,-597,-450,-531,-14,849,765,939,-514
2026-01-22,18,35337,A,38023,33039,3230,6417,113,22359,0,16,4834,1263,739,-564,-450,-531,54,925,773,927,-525
2026-01-22,19,36907,A,39015,34527,3212,6417,262,22359,0,13,4584,1475,951,826,-450,-531,936,1299,980,1073,-514
2026-01-22,20,37084,A,39193,34572,3339,6417,548,22359,0,13,4001,1503,966,1056,-451,-531,994,1348,994,1089,-514
2026-01-22,21,36744,A,38853,34278,3279,6417,783,22359,0,13,4065,1503,990,1053,-451,-531,873,1391,997,1282,-514
2026-01-22,22,37053,A,39162,34530,3333,6417,968,22359,0,13,3963,1503,992,1053,-451,-531,869,1397,998,1292,-514
2026-01-22,23,37404,A,39512,34865,3314,6417,1059,22359,0,13,3846,1502,992,1048,-451,-531,1012,1397,997,1143,-513
2026-01-22,24,37241,A,39351,34639,3354,6417,1029,22359,0,15,3665,1503,992,1048,-450,-531,1017,1397,998,1133,-514
2026-01-22,25,37624,A,39734,35041,3357,6417,1159,22359,0,15,4055,1502,992,1048,-450,-531,983,1397,997,1264,-514
2026-01-22,26,37534,A,39644,34930,3435,6417,1106,22359,0,15,4275,1503,992,1049,-450,-531,982,1389,997,1270,-514
2026-01-22,27,37428,A,39642,34942,3442,6417,894,22359,0,120,4331,1503,992,1045,-450,-531,1013,1296,998,1134,-513
2026-01-22,28,37448,A,39605,34949,3488,6417,708,22359,0,62,4407,1503,992,1045,-450,-531,979,1255,998,1128,-514
2026-01-22,29,37092,A,39240,34667,3486,6417,661,22359,0,9,4652,1504,992,891,-450,-531,-44,881,998,1311,-514
2026-01-22,30,36891,A,39118,34520,3550,6417,592,22359,0,13,4730,1504,992,871,-450,-531,-119,806,998,1321,-514
2026-01-22,31,36960,A,39357,34546,3576,6417,342,22359,0,9,4941,1504,992,185,-450,-531,-293,433,998,1193,-514
2026-01-22,32,38008,A,40409,35511,3605,6417,150,22359,0,7,5117,1504,992,150,-450,-531,-299,395,997,1186,-514
2026-01-22,33,38721,A,41199,36106,3592,6417,15,22359,0,6,5072,1326,992,103,-450,-531,-377,487,971,1232,-514
2026-01-22,34,39559,A,42038,36884,3636,6417,0,22359,0,5,5028,1296,974,122,-450,-531,-379,527,934,1240,-514
2026-01-22,35,40378,A,42578,37603,3647,6417,0,22359,0,8,5050,320,340,948,-450,-531,-35,901,-62,1410,-514
2026-01-22,36,40195,A,42436,37516,3717,6417,0,22359,0,8,5200,181,295,1002,-450,-531,-11,977,-127,1423,-514
2026-01-22,37,40008,A,42112,37422,3664,6417,0,22359,0,9,5307,157,254,1017,-450,-531,628,1351,45,1426,-514
2026-01-22,38,39268,A,41372,36747,3718,6417,0,22359,0,9,5227,155,256,1018,-450,-531,654,1397,66,1425,-514
2026-01-22,39,38349,A,40454,35940,3735,6417,0,22359,0,10,5223,592,415,950,-450,-531,68,1397,401,1406,-514
2026-01-22,40,37334,A,39438,34973,3799,6417,0,22359,0,9,5207,651,429,939,-450,-531,39,1397,429,1404,-514
2026-01-22,41,36454,A,38557,34188,3760,6417,0,22359,0,9,5141,840,520,320,-450,-531,193,1397,625,1421,-513
2026-01-22,42,34706,A,36810,32504,3801,6417,0,22359,0,9,4979,865,522,280,-450,-531,198,1397,632,1422,-514
2026-01-22,43,33139,A,35574,31119,3759,6417,0,22359,0,7,5086,972,362,-333,-450,-531,43,1397,436,1425,-514
2026-01-22,44,31587,A,34056,29739,3811,6417,0,22359,0,7,4967,986,350,-367,-450,-531,37,1367,418,1426,-514
2026-01-22,45,29633,A,32024,27888,3737,6417,0,22359,0,7,5150,566,327,-106,-450,-531,-183,993,244,1426,-514
2026-01-22,46,28308,A,30706,26727,3760,6417,0,22359,0,8,5294,510,324,-104,-450,-531,-191,918,234,1420,-514
2026-01-22,47,26860,A,29183,25312,3772,6417,0,22359,0,8,5346,310,279,-107,-404,-511,-179,544,296,1223,-514
2026-01-22,48,25700,A,27962,24232,3806,6417,0,22364,0,116,5432,288,290,-108,-304,-441,-179,468,315,1209,-514
2026-01-23,1,26049,A,29240,24574,3776,6417,0,22364,0,258,5320,1194,781,-720,-301,-409,-389,96,825,1248,-514
2026-01-23,2,26493,A,29809,25068,3695,6417,0,22364,0,408,5496,1288,818,-800,-301,-296,-397,46,861,1252,-514
2026-01-23,3,26136,A,29332,24780,3658,6417,0,22364,0,541,5580,1003,952,-642,-301,-390,-209,2,988,1252,-513
2026-01-23,4,25536,A,28949,24191,3690,6417,0,22364,0,789,5789,1036,963,-636,-301,-366,-202,-5,996,1254,-514
2026-01-23,5,25173,A,28714,23906,3652,6417,0,22364,0,971,5721,1505,990,-602,-301,-491,-57,-5,998,1327,-514
2026-01-23,6,24626,A,28160,23425,3710,6417,0,22364,0,965,5541,1506,992,-600,-301,-491,-52,-11,997,1334,-514
2026-01-23,7,24303,A,27717,23175,3764,6417,0,22364,0,961,5647,1505,992,-552,-301,-394,11,-92,998,1414,-514
2026-01-23,8,23685,A,27220,22575,3752,6417,0,22364,0,962,5678,1506,992,-552,-301,-494,13,-112,997,1422,-514
2026-01-23,9,23434,A,27782,22287,3724,6417,0,22364,0,899,5797,1506,992,-909,-301,-505,-379,-241,998,1423,-514
2026-01-23,10,23305,A,27631,22077,3708,6417,0,22364,0,862,5828,1506,984,-924,-301,-484,-401,-240,984,1423,-514
2026-01-23,11,23488,A,27549,22259,3683,6417,0,22364,0,398,5813,1050,674,-927,-301,-337,-954,-30,495,1423,-514
2026-01-23,12,24216,A,27794,22952,3735,6417,0,22364,0,87,5596,988,648,-926,-301,-192,-980,-2,465,1423,-490
2026-01-23,13,26426,A,29600,24933,3750,6417,0,22364,0,14,5468,947,466,-964,-268,-196,-767,24,504,1383,-365
2026-01-23,14,28581,A,31931,26908,3861,6417,0,22364,0,11,5436,941,461,-938,-295,-348,-759,51,516,1380,-399
2026-01-23,15,31097,A,34055,29245,3871,6417,0,22364,0,77,4848,830,708,-152,-429,-492,-700,358,864,1417,-508
2026-01-23,16,32918,A,35945,30876,4014,6417,0,22364,0,116,4790,815,732,-118,-450,-531,-698,426,888,1420,-514
2026-01-23,17,34471,A,37024,32109,4068,6417,19,22364,0,8,4290,1087,975,240,-450,-531,-450,800,964,1420,-514
2026-01-23,18,35102,A,37666,32669,4160,6417,187,22364,0,54,4101,1124,991,287,-450,-531,-415,876,970,1420,-514
2026-01-23,19,35947,A,38091,33419,4176,6417,468,22364,0,76,3808,1405,965,1026,-450,-504,491,1249,969,1420,-514
2026-01-23,20,36013,A,37952,33459,4317,6417,951,22364,0,9,3758,1443,963,1058,-450,-366,551,1302,969,1420,-514
2026-01-23,21,35886,A,37673,33335,4254,6417,1667,22364,0,9,3692,1430,968,1058,-450,-214,369,1386,957,1420,-514
2026-01-23,22,35995,A,37542,33440,4265,6417,1669,22364,0,9,3859,1428,968,1059,-362,-62,360,1397,956,1410,-514
2026-01-23,23,35653,A,37022,33181,4315,6417,1649,22364,0,10,4026,1453,954,1047,-259,65,-55,1397,967,1018,-445
2026-01-23,24,35464,A,36546,33031,4375,6417,1716,22364,0,10,4232,1456,955,1047,-112,46,-66,1397,970,991,-294
2026-01-23,25,35793,A,36642,33393,4392,6417,1690,22364,0,9,4268,1498,990,1058,-98,0,505,1397,996,991,-142
2026-01-23,26,35875,A,36558,33427,4366,6417,1949,22364,0,9,4202,1504,992,1058,-10,0,533,1397,998,998,-64
2026-01-23,27,35644,A,36256,33178,4317,6417,2046,22364,0,9,4090,1503,991,1049,0,0,713,1397,998,1278,-3
2026-01-23,28,35485,A,36097,32926,4246,6417,1639,22364,0,12,4019,1503,992,1049,0,0,713,1394,998,1301,44
2026-01-23,29,35291,A,35900,32716,4207,6417,1241,22364,0,9,4043,1503,992,806,0,0,130,1357,999,1413,88
2026-01-23,30,35316,A,35926,32772,4239,6417,908,22364,0,10,4407,1504,992,792,0,0,100,1346,998,1421,214
2026-01-23,31,35446,A,36198,32857,4274,6417,538,22364,0,9,4844,1444,978,292,0,0,-143,1261,984,1421,188
2026-01-23,32,35960,A,36725,33320,4248,6417,318,22364,0,13,5026,1435,977,263,37,0,-152,1240,983,1421,179
2026-01-23,33,36639,A,37560,33902,4283,6417,87,22364,0,9,5041,1381,964,-119,-23,0,-170,1108,971,1421,38
2026-01-23,34,37762,A,38875,34967,4319,6417,0,22364,0,9,5242,1372,955,-129,-141,0,-166,1112,962,1421,-68
2026-01-23,35,38909,A,39764,35999,4386,6417,0,22364,0,9,5327,866,646,631,-95,0,346,1366,709,1421,-151
2026-01-23,36,38967,A,39857,36105,4419,6417,0,22364,0,9,5281,797,619,759,-139,0,369,1397,689,1421,-142
2026-01-23,37,38508,A,39400,35726,4457,6417,0,22364,0,9,5492,951,403,999,-123,0,593,1397,516,1421,-160
2026-01-23,38,37834,A,38531,35173,4482,6417,0,22364,0,9,5470,972,393,1009,-61,0,601,1397,506,1421,-27
2026-01-23,39,36942,A,37602,34464,4482,6417,0,22364,0,13,5378,1025,546,1006,-47,0,798,1397,578,1421,68
2026-01-23,40,36024,A,36634,33624,4476,6417,0,22364,0,10,5457,1032,553,1007,41,0,801,1397,581,1421,189
2026-01-23,41,34774,A,35384,32500,4501,6417,0,22364,0,10,5412,771,449,722,1,0,338,1397,521,1421,200
2026-01-23,42,33407,A,34055,31189,4489,6417,0,22364,0,10,5387,736,435,710,-38,0,317,1392,506,1421,181
2026-01-23,43,31842,A,32533,29792,4444,6417,0,22364,0,91,5388,331,185,476,56,0,341,1329,125,1421,200
2026-01-23,44,30526,A,31292,28615,4397,6417,0,22364,0,166,5384,277,164,467,11,0,342,1291,101,1421,200
2026-01-23,45,28610,A,29410,26933,4278,6417,0,22364,0,200,5333,37,6,252,0,0,79,919,77,1421,200
2026-01-23,46,27698,A,28596,26163,4203,6417,0,22364,0,295,5497,6,-3,240,0,0,69,843,77,1420,200
2026-01-23,47,25985,A,27690,24509,4135,6417,0,22364,0,659,5466,145,38,-217,68,-52,-177,469,98,1360,200
2026-01-23,48,25232,A,27422,23736,4047,6417,0,22364,0,1157,5308,164,48,-238,189,-9,-186,395,105,1354,200
2026-01-24,1,25649,A,27972,24123,3990,6417,0,22364,0,1176,5086,604,312,-365,200,0,-182,40,318,1318,200
2026-01-24,2,25919,A,28162,24387,3979,6417,0,22364,0,1088,4850,663,334,-369,200,0,-182,-4,337,1314,200
2026-01-24,3,25785,A,28233,24221,3995,6417,0,22364,0,1229,4686,905,486,-494,200,0,-121,-4,541,1246,200
2026-01-24,4,25054,A,27500,23522,4009,6417,0,22364,0,1190,4753,938,508,-501,200,0,-120,-35,564,1237,195
2026-01-24,5,24531,A,28019,23065,3991,6417,0,22364,0,1177,4794,1391,927,-853,200,0,-446,-412,923,1186,89
2026-01-24,6,23899,A,27417,22571,3989,6417,0,22364,0,1108,4834,1452,956,-868,200,0,-458,-484,947,1176,87
2026-01-24,7,23348,A,27331,22165,3936,6417,0,22364,0,1093,5296,1502,990,-1066,200,0,-420,-804,995,1017,12
2026-01-24,8,22598,A,26617,21435,3936,6417,0,22364,0,1108,5307,1508,985,-1074,200,0,-419,-818,989,1004,97
2026-01-24,9,22019,A,25979,20908,3844,6417,0,22364,0,1097,5445,1060,726,-1054,200,0,-711,-498,681,1003,129
2026-01-24,10,21854,A,25746,20748,3853,6417,0,22364,0,1088,5576,1000,695,-1054,200,0,-722,-428,650,997,182
2026-01-24,11,21725,A,25405,20587,3838,6417,0,22364,0,1081,5493,721,272,-1074,200,0,-874,-51,266,874,200
2026-01-24,12,21744,A,25378,20536,3845,6417,0,22364,0,1077,5208,683,241,-1074,200,0,-879,-4,240,866,200
2026-01-24,13,22862,A,26193,21454,3857,6417,0,22364,0,768,4915,533,178,-1044,200,0,-914,-5,206,913,200
2026-01-24,14,23827,A,26698,22393,3919,6417,0,22364,0,326,4897,512,173,-1030,200,0,-915,13,207,911,190
2026-01-24,15,25129,A,27058,23728,3904,6417,0,22364,0,173,4893,564,141,-269,200,0,-887,224,328,690,193
2026-01-24,16,26182,A,28050,24748,3952,6417,0,22364,0,169,5049,571,147,-216,199,0,-883,266,338,687,82
2026-01-24,17,27668,A,28928,26059,3901,6417,97,22364,0,169,4799,648,409,95,109,0,-458,464,413,1123,-33
2026-01-24,18,28613,A,30028,26856,3907,6417,651,22364,0,169,4851,661,438,102,-40,0,-431,477,426,1141,-175
2026-01-24,19,29388,A,30564,27392,3871,6417,1705,22364,0,16,4569,1174,822,639,-190,-45,187,335,692,660,-325
2026-01-24,20,29584,A,30929,27433,3865,6417,2789,22364,0,13,4781,1245,848,729,-260,-2,217,330,714,628,-470
2026-01-24,21,29921,A,31393,27664,3826,6417,3428,22364,0,13,4645,1313,839,692,-345,0,417,493,878,741,-514
2026-01-24,22,29717,A,31301,27417,3804,6417,4046,22364,0,10,4713,1322,837,691,-448,0,424,530,875,750,-526
2026-01-24,23,29542,A,31182,27231,3853,6417,4373,22364,0,10,4758,1151,786,909,-452,-64,578,736,428,771,-514
2026-01-24,24,29270,A,30993,26961,3909,6417,4468,22364,0,10,5000,1128,788,918,-383,-216,583,740,416,766,-514
2026-01-24,25,29446,A,31200,27123,3911,6417,4660,22364,0,10,5165,1461,978,1010,-263,-367,767,478,962,433,-514
2026-01-24,26,29273,A,31154,26926,3918,6417,4997,22364,0,10,5200,1507,992,1013,-252,-505,774,416,998,415,-514
2026-01-24,27,29283,A,31189,26964,3869,6417,4437,22364,0,10,5119,1507,992,1054,-251,-531,1007,42,997,648,-514
2026-01-24,28,29726,A,31641,27322,3829,6417,3719,22364,0,13,4832,1507,992,1047,-252,-531,1015,-5,997,657,-514
2026-01-24,29,29848,A,31683,27454,3823,6417,2954,22364,0,15,4863,1505,992,420,-251,-451,690,-4,998,385,-514
2026-01-24,30,30498,A,32202,28147,3907,6417,2240,22364,0,15,4950,1506,992,370,-251,-311,654,-13,997,354,-514
2026-01-24,31,30968,A,33471,28630,3949,6417,1112,22364,0,15,5263,1507,992,-549,-251,-201,-210,-124,998,-39,-514
2026-01-24,32,31595,A,34337,29209,3959,6417,368,22364,0,15,5072,1507,992,-644,-251,-262,-264,-129,998,-63,-514
2026-01-24,33,33197,A,35374,30769,4026,6417,48,22364,0,13,5099,1507,992,-587,-300,-144,51,-19,998,29,-514
2026-01-24,34,34744,A,37061,32215,4071,6417,0,22364,0,13,5113,1507,992,-548,-431,-206,63,-5,998,47,-514
2026-01-24,35,36107,A,38035,33383,4160,6417,0,22364,0,13,5117,1507,983,324,-452,-345,2,-5,998,468,-513
2026-01-24,36,36221,A,38282,33489,4235,6417,0,22364,0,13,5326,1508,979,363,-452,-482,0,26,994,504,-514
2026-01-24,37,36153,A,38221,33545,4328,6417,0,22364,0,11,5393,1265,859,678,-452,-491,29,400,815,780,-514
2026-01-24,38,35458,A,37568,33004,4365,6417,0,22364,0,13,5357,1233,852,691,-452,-531,31,432,808,801,-514
2026-01-24,39,34452,A,36564,32171,4377,6417,0,22364,0,15,5429,1406,894,666,-452,-531,332,259,927,876,-514
2026-01-24,40,33304,A,35367,31089,4397,6417,0,22364,0,13,5399,1428,896,665,-452,-485,343,237,933,882,-513
2026-01-24,41,32388,A,34318,30239,4364,6417,0,22364,0,9,5480,1364,865,462,-452,-355,13,233,895,902,-514
2026-01-24,42,31310,A,33202,29186,4432,6417,0,22364,0,9,5484,1354,847,454,-451,-312,-6,247,878,902,-514
2026-01-24,43,29992,A,32308,28005,4533,6417,0,22364,0,26,5236,724,292,264,-451,-173,-535,424,406,863,-531
2026-01-24,44,29081,A,31555,27189,4545,6417,0,22364,0,130,5243,637,249,256,-452,-218,-560,416,370,853,-514
2026-01-24,45,27345,A,30201,25650,4439,6417,0,22364,0,130,5439,291,64,158,-452,-300,-861,42,140,595,-513
2026-01-24,46,25944,A,28823,24356,4392,6417,0,22364,0,130,5495,243,49,153,-451,-301,-873,-11,123,556,-513
2026-01-24,47,24788,A,28385,23265,4287,6417,0,22364,0,129,5545,181,-14,-646,-383,-368,-610,-98,55,-235,-514
2026-01-24,48,24507,A,28227,23025,4188,6417,0,22364,0,130,5517,172,-17,-778,-302,-363,-600,-101,57,-303,-526
2026-01-25,1,24567,A,28370,22993,4116,6417,0,22364,0,130,5418,301,46,-648,-301,-337,-506,-15,252,-753,-513
2026-01-25,2,25349,A,29080,23769,4101,6417,0,22364,0,133,5444,318,53,-643,-302,-252,-502,-5,267,-780,-514
2026-01-25,3,24904,A,28682,23422,4029,6417,0,22364,0,131,5223,876,157,-641,-302,-368,-579,-12,341,-631,-514
2026-01-25,4,24367,A,28525,23078,3971,6417,0,22364,0,397,5301,951,174,-641,-302,-453,-582,-43,347,-627,-513
2026-01-25,5,23492,A,28898,22393,3850,6417,0,22364,0,698,5412,1049,523,-793,-301,-501,-691,-420,380,-888,-514
2026-01-25,6,23070,A,28620,22047,3862,6417,0,22364,0,714,5517,1062,550,-799,-302,-531,-695,-488,386,-907,-514
2026-01-25,7,22451,A,28181,21399,3878,6417,0,22364,0,725,5460,1124,672,-794,-302,-531,-563,-748,503,-954,-513
2026-01-25,8,22145,A,27933,21126,3809,6417,0,22364,0,749,5316,1133,677,-794,-302,-531,-558,-784,518,-956,-514
2026-01-25,9,21661,A,27796,20611,3711,6417,0,22364,0,942,5651,1155,579,-868,-301,-531,-669,-829,789,-882,-513
2026-01-25,10,21352,A,27464,20379,3711,6417,0,22364,0,912,5847,1159,573,-870,-302,-531,-673,-838,799,-872,-514
2026-01-25,11,20904,A,27032,19959,3550,6417,0,22364,0,910,5892,1017,599,-901,-301,-531,-787,-887,564,-698,-513
2026-01-25,12,21041,A,26947,20138,3544,6417,0,22364,0,715,5902,999,596,-903,-301,-515,-790,-891,544,-677,-514
2026-01-25,13,21547,A,26424,20587,3499,6417,0,22364,0,645,5920,630,413,-671,-302,-387,-560,-869,389,-330,-513
2026-01-25,14,22310,A,26660,21260,3515,6417,0,22364,0,348,5885,581,399,-662,-302,-235,-551,-848,373,-305,-499
2026-01-25,15,23407,A,26965,22190,3361,6417,0,22364,0,134,5779,730,338,-587,-286,-84,-552,-631,190,-285,-399
2026-01-25,16,24269,A,27658,22955,3336,6417,0,22364,0,15,5838,750,337,-584,-295,0,-552,-574,187,-279,-490
2026-01-25,17,25616,A,27981,24103,3248,6417,22,22364,0,13,5667,835,461,-414,-195,0,-310,-193,519,-144,-496
2026-01-25,18,26843,A,29222,25165,3257,6417,202,22364,0,15,5359,847,471,-393,-303,-3,-300,-120,545,-132,-513
2026-01-25,19,28420,A,30096,26496,3248,6417,556,22364,0,17,4841,1288,537,225,-433,-104,17,226,684,-8,-514
2026-01-25,20,29475,A,31266,27440,3221,6417,925,22364,0,16,5111,1345,546,253,-450,-211,30,298,697,6,-514
2026-01-25,21,30792,A,32439,28624,3003,6417,1202,22364,0,16,4936,1323,715,837,-411,-106,75,671,846,290,-514
2026-01-25,22,31196,A,32890,28983,2935,6417,1402,22364,0,16,4919,1320,732,868,-432,-132,77,720,854,329,-514
2026-01-25,23,31994,A,33395,29710,2895,6417,1638,22364,0,16,5043,1333,947,1048,-318,-22,139,748,839,995,-445
2026-01-25,24,32648,A,33970,30324,2872,6417,1589,22364,0,16,4967,1336,963,1056,-357,0,142,749,843,1042,-349
2026-01-25,25,33335,A,34782,30949,2859,6417,1544,22364,0,16,5069,1481,990,1021,-449,-15,144,717,986,1061,-367
2026-01-25,26,33794,A,35341,31359,2759,6417,1477,22364,0,16,5128,1501,992,1019,-451,-111,150,696,996,1061,-369
2026-01-25,27,34476,A,36078,32033,2585,6417,1460,22364,0,16,5066,1500,992,1031,-451,-176,693,473,996,957,-359
2026-01-25,28,34649,A,36281,32071,2533,6417,1141,22364,0,19,4832,1500,992,1020,-451,-138,711,416,996,931,-424
2026-01-25,29,34281,A,35925,31676,2376,6417,860,22364,0,13,4776,1502,992,254,-451,-176,110,42,997,240,-404
2026-01-25,30,34825,A,36586,32251,2372,6417,601,22364,0,16,4714,1504,992,200,-451,-184,80,-31,998,185,-479
2026-01-25,31,35501,A,37760,32816,2276,6417,368,22364,0,16,4725,1505,992,122,-451,-291,118,-367,998,-66,-468
2026-01-25,32,36379,A,38829,33596,2210,6417,197,22364,0,16,4559,1505,992,119,-451,-442,120,-395,998,-81,-465
2026-01-25,33,37544,A,39805,34608,2091,6417,48,22364,0,14,4215,1504,992,151,-451,-530,227,-220,998,-3,-443
2026-01-25,34,38398,A,40672,35336,2054,6417,0,22364,0,13,4053,1504,990,152,-451,-530,231,-168,995,14,-512
2026-01-25,35,39605,A,41617,36405,1950,6417,0,22364,0,7,4194,1493,942,103,-450,-468,167,208,900,501,-487
2026-01-25,36,39465,A,41492,36251,1888,6417,0,22364,0,5,4192,1491,933,103,-451,-519,164,260,890,543,-452
2026-01-25,37,38911,A,40932,35768,1888,6417,0,22364,0,8,4283,1178,722,435,-450,-527,378,319,733,871,-436
2026-01-25,38,38102,A,40105,35044,1882,6417,0,22364,0,8,4099,1136,705,472,-451,-498,386,340,722,893,-446
2026-01-25,39,37208,A,39246,34279,1825,6417,0,22364,0,10,4116,1133,618,320,-451,-529,163,506,671,887,-448
2026-01-25,40,36296,A,38349,33491,1790,6417,0,22364,0,12,4192,1133,611,315,-451,-521,155,521,673,880,-469
2026-01-25,41,35261,A,37160,32583,1687,6417,0,22364,0,12,4261,1131,567,188,-451,-399,130,452,835,630,-437
2026-01-25,42,34108,A,35747,31472,1640,6417,0,22364,0,13,3919,1129,559,183,-412,-248,129,419,837,608,-366
2026-01-25,43,32867,A,34306,30342,1631,6417,0,22364,0,10,3942,639,382,285,-408,-96,60,125,548,444,-325
2026-01-25,44,31251,A,32344,28865,1603,6417,0,22364,0,12,3933,571,369,283,-264,-1,58,83,529,435,-216
2026-01-25,45,29763,A,30650,27510,1440,6417,0,22364,0,12,4099,621,333,-97,-113,0,2,5,554,541,-65
2026-01-25,46,28494,A,29215,26374,1404,6417,0,22364,0,12,4190,628,338,-104,-5,0,0,26,555,543,68
2026-01-25,47,27501,A,28522,25394,1271,6417,0,22364,0,11,3965,1061,613,-341,-55,0,-14,400,524,321,84
2026-01-25,48,26694,A,27772,24596,1236,6417,0,22368,0,21,4077,1120,633,-362,-16,0,-15,459,526,304,-64
2026-01-26,1,26989,A,28251,24905,1196,6417,0,22368,0,256,4071,1198,704,-213,-60,0,-90,617,668,493,-43
2026-01-26,2,27598,A,28767,25506,1158,6417,0,22368,0,276,4113,1208,708,-200,38,0,-93,630,678,509,68
2026-01-26,3,27299,A,28393,25227,1128,6417,0,22368,0,279,4063,1273,698,-106,33,0,-109,543,706,610,189
2026-01-26,4,26605,A,27702,24602,1143,6417,0,22368,0,283,4086,1283,699,-104,0,0,-110,526,708,614,200
2026-01-26,5,26256,A,27723,24296,1179,6417,0,22368,0,535,4192,1452,770,-104,0,0,-228,455,718,508,198
2026-01-26,6,25776,A,27253,23870,1192,6417,0,22368,0,541,4142,1475,772,-104,26,0,-232,416,719,506,200
2026-01-26,7,25650,A,26901,23803,1193,6417,0,22368,0,539,4362,1428,665,95,27,0,-112,42,659,738,200
2026-01-26,8,25203,A,26468,23346,1192,6417,0,22368,0,538,4243,1420,655,102,159,0,-108,-19,654,749,200
2026-01-26,9,24682,A,26521,22856,1162,6417,0,22368,0,537,4360,1079,553,-166,200,44,-342,-194,609,532,200
2026-01-26,10,24696,A,26628,22745,1159,6417,0,22368,0,542,4430,1025,530,-192,200,177,-352,-246,592,525,200
2026-01-26,11,24959,A,27974,22985,1152,6417,0,22368,0,106,4285,80,-63,-905,200,203,-715,-626,100,907,200
2026-01-26,12,26101,A,29145,24043,1201,6417,0,22368,0,19,4254,-48,-106,-837,200,202,-730,-704,57,930,200
2026-01-26,13,28687,A,32948,26460,1267,6417,0,22368,0,20,4270,-1026,-218,474,200,202,-985,-1094,-318,699,200
2026-01-26,14,31332,A,35836,28878,1306,6417,0,22368,0,23,4256,-1166,-232,547,200,203,-985,-1156,-342,681,200
2026-01-26,15,33861,A,38168,31154,1317,6417,0,22368,0,17,4123,-1193,-424,682,200,202,-355,-1330,-388,619,200
2026-01-26,16,35751,A,40003,32945,1351,6417,0,22368,0,10,4269,-1194,-426,679,200,203,-319,-1321,-382,622,200
2026-01-26,17,37429,A,39664,34423,1419,6417,7,22368,0,13,4000,-348,-39,447,200,203,-246,-929,-60,929,200
2026-01-26,18,38528,A,40502,35438,1468,6417,91,22368,0,12,4219,-228,2,429,200,202,-245,-865,-24,950,200
2026-01-26,19,40045,A,42284,36927,1482,6417,286,22368,0,13,4092,648,506,-336,200,203,-624,-666,512,944,200
2026-01-26,20,40544,A,42820,37398,1554,6417,512,22368,0,12,3858,793,544,-379,200,202,-640,-645,549,936,201
2026-01-26,21,39904,A,43098,36778,1593,6417,854,22368,0,15,3817,1199,674,-887,200,203,-993,-699,641,676,200
2026-01-26,22,39596,A,42855,36556,1728,6417,1078,22368,0,14,4020,1253,688,-911,200,203,-1007,-727,655,656,200
2026-01-26,23,39510,A,42734,36625,1792,6417,1253,22368,0,18,4184,1329,845,-597,200,161,-1021,-988,934,576,200
2026-01-26,24,39407,A,42677,36502,1987,6417,1422,22368,0,15,4276,1339,857,-585,200,24,-1021,-1049,953,580,200
2026-01-26,25,40157,A,44189,37141,2045,6417,1398,22368,0,9,4190,1491,905,-996,199,0,-1021,-1406,997,967,200
2026-01-26,26,39899,A,44001,36893,2156,6417,1441,22368,0,13,4328,1512,910,-1016,115,0,-1022,-1451,999,990,167
2026-01-26,27,39967,A,44129,37077,2156,6417,1463,22368,0,13,4231,1512,940,-1077,5,0,-1021,-1451,980,831,34
2026-01-26,28,39669,A,43963,36752,2202,6417,1236,22368,0,19,3939,1511,941,-1080,-55,0,-1021,-1452,979,801,-67
2026-01-26,29,39336,A,43741,36528,2170,6417,903,22368,0,19,4128,1429,905,-1066,-28,0,-1022,-1452,972,121,-218
2026-01-26,30,39117,A,43784,36321,2232,6417,607,22368,0,12,4030,1417,904,-1065,-148,0,-1022,-1453,972,56,-367
2026-01-26,31,39024,A,44632,36264,2355,6417,365,22368,0,54,4161,1471,933,-1064,-268,-66,-1021,-1452,972,-587,-496
2026-01-26,32,39588,A,45432,36795,2470,6417,145,22368,0,6,4372,1478,932,-1062,-346,-216,-1021,-1453,967,-626,-514
2026-01-26,33,40400,A,46211,37493,2490,6417,13,22368,0,5,4464,1373,829,-1061,-448,-367,-911,-1453,799,-452,-514
2026-01-26,34,41475,A,47390,38408,2636,6417,0,22368,0,2,4624,1358,808,-1061,-451,-505,-899,-1453,773,-430,-514
2026-01-26,35,41981,A,46866,38788,2761,6417,0,22368,0,3,4794,802,317,-970,-451,-531,-284,-1453,231,-79,-514
2026-01-26,36,41820,A,46657,38773,2897,6417,0,22368,0,0,5173,727,280,-967,-451,-531,-253,-1453,201,-68,-514
2026-01-26,37,41386,A,46705,38406,2982,6417,0,22368,0,3,5357,716,198,-1058,-451,-531,-181,-1453,364,-528,-514
2026-01-26,38,40834,A,46208,37810,3113,6417,0,22368,0,2,5242,716,199,-1060,-451,-531,-195,-1453,382,-568,-514
2026-01-26,39,39811,A,46253,36968,3292,6417,0,22368,0,3,5061,1040,429,-1041,-451,-531,-975,-1451,662,-876,-514
2026-01-26,40,39087,A,45603,36344,3512,6417,0,22368,0,5,4771,1085,455,-1040,-451,-531,-1022,-1451,685,-902,-514
2026-01-26,41,37907,A,44449,35300,3468,6417,0,22368,0,14,4700,1369,830,-1059,-451,-531,-841,-1453,864,-1079,-514
2026-01-26,42,35665,A,42159,33226,3619,6417,0,22368,0,12,5048,1407,850,-1061,-451,-531,-834,-1421,874,-1080,-504
2026-01-26,43,34399,A,39839,32151,3699,6417,0,22368,0,12,5256,1256,636,-1008,-433,-511,-861,-1027,824,-604,-384
2026-01-26,44,31984,A,36938,29818,3894,6417,0,22368,0,12,5292,1235,621,-1006,-307,-377,-862,-980,816,-577,-233
2026-01-26,45,29792,A,34355,27817,3978,6417,0,22368,0,12,5446,1129,601,-888,-210,-225,-719,-996,647,-783,-130
2026-01-26,46,27762,A,32069,25901,4163,6417,0,22368,0,96,5366,1116,610,-883,-63,-73,-715,-993,646,-804,-80
2026-01-26,47,26158,A,31434,24304,4207,6417,0,22368,0,372,5334,1461,967,-1067,-66,-50,-1010,-924,977,-1073,-114
2026-01-26,48,25205,A,30689,23428,4400,6417,0,22372,0,657,5401,1509,992,-1074,-33,-9,-1022,-918,998,-1089,-82
2026-01-27,1,25563,A,30878,23801,4486,6417,0,22372,0,985,5563,1509,992,-941,115,0,-848,-944,998,-997,0
2026-01-27,2,26091,A,31417,24398,4624,6417,0,22372,0,981,5608,1509,992,-937,195,57,-842,-978,998,-988,67
2026-01-27,3,25349,A,31290,23755,4730,6417,0,22372,0,1201,5818,1509,992,-1020,195,11,-845,-1373,998,-902,189
2026-01-27,4,24950,A,30943,23437,4950,6417,0,22372,0,1199,5940,1509,992,-1024,195,0,-845,-1425,998,-900,200
2026-01-27,5,24313,A,30444,22929,5022,6417,0,22372,0,1108,6138,1509,992,-1037,195,0,-856,-1449,997,-1081,200
2026-01-27,6,23714,A,29941,22363,5157,6417,0,22372,0,1188,6081,1509,992,-1038,195,0,-856,-1452,997,-1093,200
2026-01-27,7,23123,A,29543,21839,5198,6417,0,22372,0,1183,6164,1509,992,-1076,195,0,-1016,-1452,998,-1093,200
2026-01-27,8,22896,A,29049,21692,5345,6417,0,22372,0,909,6076,1509,992,-1077,195,0,-1021,-1453,998,-1093,200
2026-01-27,9,22738,A,29064,21560,5405,6417,0,22372,0,1083,5985,1509,992,-1077,195,0,-1022,-1453,998,-1091,200
2026-01-27,10,22984,A,29398,21733,5477,6417,0,22372,0,1172,5736,1509,990,-1077,195,0,-1022,-1453,994,-1090,200
2026-01-27,11,23274,A,29677,22039,5456,6417,0,22372,0,1161,5732,1509,901,-1077,195,0,-1022,-1453,858,-1090,200
2026-01-27,12,23831,A,30056,22535,5557,6417,0,22372,0,983,5682,1509,889,-1077,195,0,-1022,-1453,853,-1090,200
2026-01-27,13,26235,A,31679,24790,5541,6417,0,22372,0,279,5619,1506,661,-1003,195,0,-1022,-1453,942,-1087,200
2026-01-27,14,29016,A,34409,27338,5581,6417,0,22372,0,235,5622,1504,650,-999,197,54,-1022,-1453,949,-1084,200
2026-01-27,15,32332,A,37345,30304,5527,6417,0,22372,0,28,5571,1150,790,-915,151,4,-1022,-1453,981,-995,169
2026-01-27,16,33949,A,38923,31712,5540,6417,0,22372,0,6,5815,1099,803,-908,21,0,-1022,-1453,983,-985,35
2026-01-27,17,35451,A,39739,33050,5437,6417,1,22372,0,10,5608,1370,953,-437,0,0,-883,-1453,997,-837,-68
2026-01-27,18,35951,A,40322,33614,5470,6417,48,22372,0,13,5548,1408,964,-413,0,0,-878,-1453,998,-820,-194
2026-01-27,19,37380,A,41102,35090,5476,6417,186,22372,0,9,5993,1407,990,-152,0,0,-637,-1453,998,-553,-318
2026-01-27,20,37912,A,41623,35577,5527,6417,342,22372,0,10,5947,1408,992,-133,0,0,-626,-1445,998,-522,-375
2026-01-27,21,38049,A,40825,35603,5453,6417,692,22372,0,25,5647,1495,992,139,0,0,-266,-1352,999,-36,-497
2026-01-27,22,38072,A,40795,35519,5457,6417,1075,22372,0,40,5624,1507,991,155,0,0,-252,-1334,998,0,-497
2026-01-27,23,38417,A,40999,35769,5404,6417,1317,22372,0,39,4933,1418,944,637,-18,0,-213,-1252,999,96,-460
2026-01-27,24,37967,A,40546,35262,5378,6417,1344,22372,0,55,4816,1406,937,661,0,0,-212,-1210,999,107,-502
2026-01-27,25,38243,A,40272,35464,5332,6417,1429,22372,0,30,4830,1186,784,923,0,0,-42,-820,999,187,-537
2026-01-27,26,38272,A,40214,35520,5333,6417,1429,22372,0,5,4984,1156,774,933,0,0,-35,-789,996,184,-513
2026-01-27,27,38235,A,40487,35436,5344,6417,1420,22372,0,5,4960,1166,772,1022,0,0,337,-1007,896,-138,-502
2026-01-27,28,37556,A,39806,34750,5315,6417,1396,22372,0,14,4968,1167,772,1026,0,0,339,-1061,888,-156,-419
2026-01-27,29,37398,A,40123,34588,5193,6417,1629,22372,0,8,4974,1186,770,1017,0,0,-371,-1399,829,-8,-339
2026-01-27,30,36906,A,39690,34139,5086,6417,1561,22372,0,17,5127,1188,767,1017,0,0,-411,-1442,827,5,-314
2026-01-27,31,36702,A,39905,33903,5020,6417,1335,22372,0,6,5135,1060,651,976,0,0,-725,-1451,878,190,-421
2026-01-27,32,37485,A,40560,34695,4984,6417,802,22372,0,5,5283,1043,651,970,0,0,-737,-1446,884,203,-287
2026-01-27,33,38453,A,41451,35598,4873,6417,265,22372,0,5,5302,1426,944,392,0,0,-862,-1364,991,237,-167
2026-01-27,34,39600,A,42627,36734,4854,6417,3,22372,0,5,5602,1477,948,365,0,0,-864,-1323,986,249,-235
2026-01-27,35,40787,A,42909,37846,4819,6417,0,22372,0,8,5579,1305,390,831,0,0,-435,-930,539,588,-149
2026-01-27,36,40708,A,42752,37761,4796,6417,0,22372,0,11,5453,1281,351,852,0,0,-417,-851,507,614,-165
2026-01-27,37,40458,A,42108,37583,4691,6417,0,22372,0,11,5417,1066,344,1016,0,0,-349,-466,386,714,-224
2026-01-27,38,40129,A,41564,37321,4637,6417,0,22372,0,11,5393,1037,350,1023,0,0,-347,-391,393,734,-86
2026-01-27,39,39574,A,40378,36879,4512,6417,0,22372,0,10,4951,985,582,787,0,0,-107,-47,878,1203,-40
2026-01-27,40,38223,A,38933,35673,4440,6417,0,22372,0,8,5008,978,603,776,0,0,-98,-4,907,1228,8
2026-01-27,41,37282,A,37939,34779,4226,6417,0,22372,0,8,5225,1050,793,365,0,0,-3,-5,861,943,-41
2026-01-27,42,36105,A,36796,33723,4104,6417,0,22372,0,8,5129,1060,793,347,0,0,0,-4,851,926,-79
2026-01-27,43,34519,A,35131,32290,3915,6417,0,22372,0,7,5030,700,336,245,0,0,75,-5,601,1045,5
2026-01-27,44,32706,A,33316,30607,3718,6417,0,22372,0,5,5050,652,300,241,0,0,77,-5,582,1054,68
2026-01-27,45,30795,A,31484,28945,3538,6417,0,22372,0,7,4987,537,121,240,0,0,-77,-5,446,1054,173
2026-01-27,46,29452,A,30143,27747,3409,6417,0,22372,0,4,4732,522,111,236,0,0,-82,-5,435,1059,200
2026-01-27,47,27786,A,29130,26116,3146,6417,0,22372,0,4,4319,788,202,-362,0,-52,-322,-4,365,1243,200
2026-01-27,48,26811,A,28157,25227,2937,6417,0,22377,0,7,4739,825,211,-393,0,-15,-331,23,358,1259,173
2026-01-28,1,27642,A,28564,25873,2677,6417,0,22377,0,4,4592,772,304,96,0,-82,-236,355,277,1315,35
2026-01-28,2,27920,A,28828,26099,2511,6417,0,22377,0,4,4761,765,316,105,0,-7,-232,426,279,1322,-65
2026-01-28,3,28050,A,28858,26125,2314,6417,0,22377,0,6,4488,1006,501,348,0,0,55,798,547,1415,-202
2026-01-28,4,27369,A,28216,25557,2234,6417,0,22377,0,8,4456,1039,522,360,0,0,66,833,572,1421,-239
2026-01-28,5,27173,A,28125,25323,2048,6417,0,22377,0,73,4071,1425,825,437,0,0,313,695,833,1421,-279
2026-01-28,6,26728,A,27604,24846,1932,6417,0,22377,0,70,3584,1477,849,439,0,0,322,682,854,1421,-206
2026-01-28,7,26504,A,27322,24643,1795,6417,0,22377,0,69,3500,1504,954,627,0,0,326,740,989,1421,-149
2026-01-28,8,25850,A,26732,24095,1693,6417,0,22377,0,213,3295,1507,957,634,0,0,324,743,998,1419,-69
2026-01-28,9,25370,A,26436,23660,1503,6417,0,22377,0,286,3219,1476,805,540,0,0,-102,693,999,1316,-78
2026-01-28,10,25766,A,26772,23912,1413,6417,0,22377,0,284,2875,1469,780,506,0,0,-120,657,980,1297,-2
2026-01-28,11,25938,A,27499,24009,1393,6417,0,22377,0,177,2939,780,243,-400,0,56,-384,285,350,913,68
2026-01-28,12,27440,A,29082,25307,1346,6417,0,22377,0,187,2590,682,183,-454,0,11,-401,209,296,884,177
2026-01-28,13,30045,A,33205,27633,1333,6417,0,22377,0,19,2772,-27,-641,-517,0,0,-978,-168,-210,801,195
2026-01-28,14,32559,A,35981,29904,1288,6417,0,22377,0,15,2629,-139,-699,-493,0,18,-1005,-230,-241,789,195
2026-01-28,15,36117,A,38773,33193,1241,6417,0,22377,0,8,2497,194,-748,-3,0,122,-693,-434,-170,568,195
2026-01-28,16,37373,A,39991,34230,1190,6417,0,22377,0,6,2378,263,-743,0,0,32,-681,-429,-159,549,195
2026-01-28,17,38777,A,40473,35433,1075,6417,114,22377,0,9,2175,288,-450,267,0,1,-585,-52,79,420,195
2026-01-28,18,38908,A,40514,35550,971,6417,985,22377,0,7,1997,291,-412,286,0,64,-582,-5,107,421,152
2026-01-28,19,38950,A,40402,35605,904,6417,2324,22377,0,10,1792,513,218,-97,0,5,-739,-6,528,819,23
2026-01-28,20,38063,A,39531,34693,816,6417,3552,22377,0,13,1714,544,273,-104,0,0,-745,-6,559,842,0
2026-01-28,21,37136,A,39100,33732,741,6417,4609,22377,0,13,1580,1000,710,-596,0,0,-749,-6,701,613,55
2026-01-28,22,36492,A,38551,33157,685,6417,5480,22377,0,12,1453,1062,737,-672,0,0,-749,-26,710,591,104
2026-01-28,23,35900,A,38532,32495,644,6417,6054,22377,0,9,1276,1260,668,-869,0,0,-877,-277,683,371,138
2026-01-28,24,35425,A,38128,31951,634,6417,6620,22377,0,9,1380,1287,667,-876,0,0,-882,-336,686,358,181
2026-01-28,25,35432,A,38608,31873,643,6417,6764,22377,0,9,1195,1361,823,-952,0,0,-923,-692,883,464,195
2026-01-28,26,35156,A,38367,31619,638,6417,6776,22377,0,9,1247,1372,824,-956,0,0,-925,-721,890,463,200
2026-01-28,27,35287,A,38188,31815,619,6417,6059,22377,0,9,1231,1230,481,-803,0,0,-954,-535,732,124,200
2026-01-28,28,35217,A,38071,31741,610,6417,5439,22377,0,9,1301,1211,460,-798,0,0,-956,-491,719,107,200
2026-01-28,29,35276,A,37705,31762,613,6417,4362,22377,0,9,1150,1260,556,-645,0,0,-949,-226,633,349,200
2026-01-28,30,35519,A,37926,32055,649,6417,3168,22377,0,9,1273,1266,573,-639,0,51,-948,-211,637,366,169
2026-01-28,31,36621,A,38825,33161,672,6417,2357,22377,0,9,1455,1303,966,-472,0,20,-692,-431,931,390,37
2026-01-28,32,38001,A,40203,34484,710,6417,1392,22377,0,5,1536,1308,986,-455,0,14,-682,-429,951,400,-31
2026-01-28,33,39364,A,40724,35736,736,6417,328,22377,0,5,1366,982,761,-107,0,112,-589,-51,996,717,-8
2026-01-28,34,40627,A,42018,36895,787,6417,6,22377,0,3,1628,936,728,-104,0,22,-584,21,978,745,-100
2026-01-28,35,41854,A,42758,37920,838,6417,0,22377,0,8,1402,531,91,555,0,0,-221,327,255,958,-75
2026-01-28,36,42173,A,43170,38269,915,6417,0,22377,0,8,1508,476,42,654,0,0,-207,383,209,977,-182
2026-01-28,37,41957,A,42975,38195,1014,6417,0,22377,0,13,1573,271,-144,868,0,0,-39,609,200,1134,-222
2026-01-28,38,41586,A,42519,37917,1064,6417,0,22377,0,12,1759,243,-151,876,0,0,-32,637,199,1142,-138
2026-01-28,39,40979,A,41888,37414,1079,6417,0,22377,0,9,1692,687,45,1013,0,-53,376,639,203,1035,-247
2026-01-28,40,40460,A,41363,36942,1107,6417,0,22377,0,10,1709,748,58,1018,0,-10,393,644,204,1029,-283
2026-01-28,41,39131,A,39936,35703,1125,6417,0,22377,0,9,1630,938,54,1056,0,-32,138,711,197,1088,-164
2026-01-28,42,37394,A,38030,34063,1107,6417,0,22377,0,9,2064,964,55,1057,0,0,128,731,194,1095,-27
2026-01-28,43,35720,A,36334,32600,1131,6417,0,22377,0,9,2101,817,91,1058,0,0,168,882,120,1165,-5
2026-01-28,44,33880,A,34490,30872,1149,6417,0,22377,0,10,2064,797,93,1058,0,0,170,909,123,1167,67
2026-01-28,45,32223,A,32838,29502,1143,6417,0,22377,0,15,2032,733,84,935,0,0,271,1019,377,1031,56
2026-01-28,46,30218,A,30831,27658,1190,6417,0,22377,0,13,2298,724,94,930,0,0,274,1026,395,1018,62
2026-01-28,47,28681,A,29292,26203,1259,6417,0,22377,0,11,2184,955,476,871,0,17,82,942,455,958,139
2026-01-28,48,28145,A,28863,25695,1259,6417,0,22382,0,118,2326,986,505,868,0,0,75,937,457,955,200
2026-01-29,1,28173,A,28938,25804,1303,6417,0,22382,0,165,2484,986,615,653,0,0,124,1006,395,1054,200
2026-01-29,2,28754,A,29578,26433,1273,6417,0,22382,0,224,2665,986,619,645,0,62,126,1008,391,1067,200
2026-01-29,3,28482,A,29502,26238,1286,6417,0,22382,0,420,2764,625,496,716,0,5,118,915,395,1244,200
2026-01-29,4,27608,A,28907,25472,1330,6417,0,22382,0,699,2922,576,486,718,0,35,118,883,392,1257,194
2026-01-29,5,26744,A,28326,24709,1470,6417,0,22382,0,982,2939,526,447,758,0,0,56,623,256,1280,84
2026-01-29,6,26115,A,27693,24160,1581,6417,0,22382,0,978,2744,520,444,759,0,0,54,561,248,1278,79
2026-01-29,7,25942,A,27305,23980,1674,6417,0,22382,0,763,2867,553,457,572,0,0,71,188,300,1125,56
2026-01-29,8,25513,A,26988,23613,1694,6417,0,22382,0,875,2806,558,449,554,0,0,72,112,298,1110,67
2026-01-29,9,24975,A,26709,23101,1772,6417,0,22382,0,728,3156,338,116,111,0,0,-140,-266,111,980,145
2026-01-29,10,25083,A,26864,23111,1866,6417,0,22382,0,685,2897,309,91,104,0,47,-153,-343,97,954,173
2026-01-29,11,25183,A,27547,23158,1812,6417,0,22382,0,85,3124,35,1,-266,0,180,-680,-727,-6,330,200
2026-01-29,12,26403,A,28915,24274,1869,6417,0,22382,0,51,2908,-12,-26,-287,0,203,-704,-805,-27,282,200
2026-01-29,13,28947,A,33725,26672,2009,6417,0,22382,0,99,3283,-1156,-807,215,0,203,-439,-1195,-482,64,200
2026-01-29,14,31282,A,36294,28836,2040,6417,0,22382,0,22,3284,-1330,-858,203,0,203,-429,-1258,-515,32,200
2026-01-29,15,34331,A,39536,31615,2065,6417,0,22382,0,13,3563,-921,-766,765,0,202,-262,-1429,-644,-570,200
2026-01-29,16,35994,A,40821,33172,2137,6417,0,22382,0,10,3916,-510,-746,793,0,202,-266,-1451,-635,-609,200
2026-01-29,17,37387,A,41632,34404,2131,6417,40,22382,0,10,3704,-371,-280,600,0,203,-934,-1452,-68,-530,200
2026-01-29,18,37498,A,41781,34528,2183,6417,278,22382,0,10,3734,-458,-242,557,0,140,-970,-1452,-32,-519,200
2026-01-29,19,38081,A,41999,35128,2214,6417,563,22382,0,3,3737,-52,-20,-473,0,30,-1020,-1452,-6,-292,200
2026-01-29,20,37826,A,41739,34807,2264,6417,883,22382,0,6,3660,2,-5,-546,0,145,-1022,-1452,-3,-279,200
2026-01-29,21,37892,A,42152,34853,2268,6417,1248,22382,0,3,3385,2,-5,-814,0,203,-1022,-1453,-4,-359,191
2026-01-29,22,37540,A,41819,34486,2328,6417,1582,22382,0,5,3308,2,-5,-824,0,200,-1022,-1453,-4,-366,190
2026-01-29,23,37374,A,41826,34423,2377,6417,1802,22382,0,5,3208,2,-5,-923,0,194,-1022,-1453,-4,-440,190
2026-01-29,24,37342,A,41797,34444,2441,6417,1782,22382,0,10,3430,2,15,-926,0,194,-1022,-1453,13,-444,190
2026-01-29,25,37895,A,42273,35037,2444,6417,2188,22382,0,10,3438,383,706,-882,0,193,-1022,-1453,566,-411,190
2026-01-29,26,37618,A,41993,34787,2460,6417,2246,22382,0,10,3506,437,748,-880,0,194,-1022,-1453,604,-410,190
2026-01-29,27,37607,A,42263,34709,2449,6417,1736,22382,0,6,3528,627,559,-1068,12,193,-1022,-1453,685,-507,190
2026-01-29,28,37495,A,42156,34497,2507,6417,1388,22382,0,5,3454,652,552,-1075,150,193,-1022,-1453,689,-506,190
2026-01-29,29,37712,A,42096,34699,2505,6417,1036,22382,0,11,3635,627,760,-1076,201,194,-1022,-1453,630,-222,190
2026-01-29,30,37798,A,42161,34884,2528,6417,685,22382,0,14,3642,624,775,-1070,197,129,-1022,-1453,625,-204,190
2026-01-29,31,37862,A,41445,34935,2624,6417,431,22382,0,15,3507,956,805,-322,131,55,-922,-1453,592,-271,190
2026-01-29,32,38766,A,42278,35787,2709,6417,174,22382,0,16,3853,1001,802,-254,58,16,-919,-1453,577,-270,190
2026-01-29,33,39311,A,42638,36362,2729,6417,23,22382,0,16,4192,829,635,-303,1,114,-872,-1453,128,-83,190
2026-01-29,34,40927,A,44203,37820,2813,6417,0,22382,0,14,4252,804,611,-305,71,23,-870,-1439,106,-48,147
2026-01-29,35,42129,A,45349,38816,2832,6417,0,22382,0,14,4444,270,149,-320,49,0,-1017,-1269,346,752,19
2026-01-29,36,42235,A,45431,38888,2869,6417,0,22382,0,14,4430,197,115,-321,19,0,-1022,-1217,353,812,-22
2026-01-29,37,42090,A,45281,38761,2896,6417,0,22382,0,14,4623,23,26,-521,0,-54,-1022,-824,81,1006,-156
2026-01-29,38,41543,A,44756,38308,2972,6417,0,22382,0,14,4738,2,20,-529,0,-10,-1021,-755,62,1009,-284
2026-01-29,39,40828,A,43304,37697,2985,6417,0,22382,0,14,4769,2,12,-303,0,0,-765,-491,14,595,-303
2026-01-29,40,39383,A,41665,36373,3044,6417,0,22382,0,10,4972,4,28,-293,0,0,-754,-428,21,565,-197
2026-01-29,41,38773,A,40050,35892,3017,6417,0,22382,0,6,4941,850,616,-106,-15,0,-415,-51,345,571,-84
2026-01-29,42,37425,A,38541,34629,3041,6417,0,22382,0,6,4943,973,649,-104,0,54,-401,-5,361,577,24
2026-01-29,43,35347,A,36787,32708,3030,6417,0,22382,0,6,5033,703,395,-271,0,10,-504,-5,138,777,-54
2026-01-29,44,33935,A,35418,31482,3107,6417,0,22382,0,9,5075,666,371,-278,-9,0,-509,-5,124,791,-73
2026-01-29,45,31873,A,33079,29588,3065,6417,0,22382,0,86,5101,563,182,141,-90,0,-377,-5,89,781,-48
2026-01-29,46,30217,A,31208,28086,3108,6417,0,22382,0,11,5304,548,171,152,-9,4,-371,26,91,785,68
2026-01-29,47,28193,A,29157,26243,3138,6417,0,22382,0,293,5109,906,253,104,0,1,-71,400,202,990,82
2026-01-29,48,26709,A,27676,24927,3245,6417,0,22387,0,307,4896,954,260,102,0,0,-60,450,215,1009,39
2026-01-30,1,27224,A,28199,25350,3161,6417,0,22387,0,340,4814,955,318,2,0,0,40,505,416,1176,-35
2026-01-30,2,27990,A,29022,26125,3179,6417,0,22387,0,432,4663,955,325,0,0,0,44,482,434,1187,84
2026-01-30,3,27933,A,29345,26116,3220,6417,0,22387,0,812,4739,984,458,0,0,0,65,109,615,1123,82
2026-01-30,4,27150,A,28892,25396,3204,6417,0,22387,0,1112,5132,988,476,0,-1,0,62,47,636,1116,-29
2026-01-30,5,26545,A,29244,24901,3163,6417,0,22387,0,1017,5276,994,833,-283,-64,0,-417,-150,952,1018,-168
2026-01-30,6,26405,A,29311,24858,3182,6417,0,22387,0,1103,5435,995,859,-310,-5,0,-439,-203,971,1006,-246
2026-01-30,7,25514,A,29118,23953,3192,6417,0,22387,0,1114,5294,995,918,-447,0,0,-645,-580,944,807,-218
2026-01-30,8,25154,A,28787,23654,3159,6417,0,22387,0,1107,5376,995,913,-452,-13,0,-653,-630,940,791,-178
2026-01-30,9,24836,A,28854,23375,3085,6417,0,22387,0,991,5519,900,611,-567,-120,0,-840,-673,830,831,-227
2026-01-30,10,24769,A,28822,23319,3119,6417,0,22387,0,1221,5405,886,575,-571,-81,0,-847,-649,802,841,-84
2026-01-30,11,25064,A,28622,23638,3094,6417,0,22387,0,1113,5184,307,32,-562,56,0,-1016,-267,63,1105,16
2026-01-30,12,25952,A,29267,24449,3166,6417,0,22387,0,912,5060,228,-5,-562,36,13,-1021,-215,16,1121,143
2026-01-30,13,28423,A,31028,26716,3252,6417,0,22387,0,309,5140,27,-5,-524,145,112,-1021,-146,44,1002,200
2026-01-30,14,30723,A,33282,28839,3347,6417,0,22387,0,266,4993,4,-4,-522,108,22,-1021,-146,46,989,200
2026-01-30,15,33494,A,36006,31381,3315,6417,0,22387,0,246,5257,509,22,-557,196,43,-853,-256,21,804,197
2026-01-30,16,34823,A,37107,32580,3348,6417,0,22387,0,28,5650,583,30,-556,90,2,-847,-253,32,792,200
2026-01-30,17,36222,A,37669,33812,3336,6417,52,22387,0,18,5613,712,287,-162,1,0,-635,-32,448,832,176
2026-01-30,18,36908,A,38286,34372,3327,6417,364,22387,0,14,5607,730,320,-144,0,0,-620,10,488,840,43
2026-01-30,19,38077,A,38849,35433,3323,6417,928,22387,0,17,5197,963,858,113,-59,0,-29,178,925,995,-67
2026-01-30,20,37837,A,38688,35163,3319,6417,1647,22387,0,17,4894,994,896,122,-16,0,0,221,954,1004,-218
2026-01-30,21,37596,A,38575,34828,3308,6417,2088,22387,0,17,4847,994,941,151,0,0,242,504,995,961,-362
2026-01-30,22,37390,A,38385,34599,3346,6417,2603,22387,0,17,5010,994,945,152,0,0,251,569,998,958,-378
2026-01-30,23,37232,A,38225,34432,3334,6417,2789,22387,0,17,4788,995,975,212,-1,0,80,936,998,987,-375
2026-01-30,24,36605,A,37569,33813,3324,6417,3155,22387,0,9,4812,994,977,212,-89,0,74,1005,999,989,-266
2026-01-30,25,36556,A,37759,33729,3268,6417,3056,22387,0,9,4611,994,991,2,-241,0,218,1295,999,926,-353
2026-01-30,26,36423,A,37674,33647,3241,6417,3313,22387,0,9,4493,994,992,0,-280,0,223,1325,999,923,-362
2026-01-30,27,36494,A,37855,33712,3221,6417,2804,22387,0,9,4364,995,992,214,-379,-1,172,1237,999,1012,-372
2026-01-30,28,36084,A,37624,33235,3169,6417,2431,22387,0,9,4140,994,992,231,-431,-61,170,1196,999,1024,-439
2026-01-30,29,36079,A,37422,33188,3161,6417,2107,22387,0,9,4170,995,992,392,-319,-4,73,824,999,1235,-411
2026-01-30,30,35983,A,37529,33157,3134,6417,1250,22387,0,8,4128,994,992,398,-400,-35,69,769,999,1254,-503
2026-01-30,31,36115,A,37864,33258,3272,6417,733,22387,0,8,4031,994,992,552,-450,-177,67,671,999,1347,-514
2026-01-30,32,36558,A,38459,33740,3352,6417,426,22387,0,8,4140,994,992,559,-451,-328,67,689,998,1350,-514
2026-01-30,33,37375,A,39394,34510,3308,6417,86,22387,0,8,4019,993,992,887,-450,-447,161,1061,998,1170,-514
2026-01-30,34,38340,A,40442,35398,3470,6417,3,22387,0,8,4086,993,993,901,-450,-531,164,1127,998,1162,-513
2026-01-30,35,39931,A,42035,36826,3514,6417,0,22387,0,8,4199,992,992,1055,-451,-531,340,1367,987,1351,-514
2026-01-30,36,40040,A,42145,36923,3671,6417,0,22387,0,8,4162,993,984,1061,-452,-531,352,1397,982,1367,-514
2026-01-30,37,39511,A,41614,36449,3673,6417,0,22387,0,8,3939,992,679,1061,-451,-531,900,1397,829,1419,-513
2026-01-30,38,38483,A,40587,35501,3708,6417,0,22387,0,8,3941,992,667,1061,-451,-531,926,1397,824,1422,-514
2026-01-30,39,37647,A,39751,34736,3756,6417,0,22387,0,8,3962,992,969,1061,-451,-531,834,1397,987,1359,-514
2026-01-30,40,36368,A,38471,33516,3810,6417,0,22387,0,8,3942,992,990,1054,-451,-531,831,1397,998,1356,-513
2026-01-30,41,35422,A,37526,32687,3664,6417,0,22387,0,8,4179,992,992,1062,-451,-531,934,1397,997,1418,-514
2026-01-30,42,34211,A,36315,31586,3685,6417,0,22387,0,8,3912,992,990,1061,-451,-531,938,1397,992,1422,-514
2026-01-30,43,32454,A,34558,30002,3681,6417,0,22387,0,8,3867,992,901,1061,-451,-531,804,1397,807,1359,-514
2026-01-30,44,30865,A,32969,28571,3715,6417,0,22387,0,8,3894,991,883,1062,-451,-531,800,1370,783,1354,-514
2026-01-30,45,29123,A,31221,26944,3599,6417,0,22387,0,7,4045,664,469,1061,-446,-531,791,1026,380,1418,-514
2026-01-30,46,27730,A,29738,25707,3598,6417,0,22387,0,10,4180,618,434,1060,-354,-531,790,981,353,1423,-513
2026-01-30,47,26853,A,29144,24740,3518,6417,0,22387,0,315,4378,203,216,1063,-332,-531,530,943,301,1423,-513
2026-01-30,48,25983,A,28371,23923,3468,6417,0,22388,0,412,4267,147,206,1064,-332,-531,520,945,303,1423,-513
2026-01-31,1,26015,A,28464,23970,3437,6417,0,22388,0,472,4309,139,400,932,-332,-531,297,1025,528,1423,-514
2026-01-31,2,26760,A,29206,24710,3466,6417,0,22388,0,470,4302,138,410,929,-332,-531,288,1035,536,1422,-513
2026-01-31,3,26072,A,28704,24225,3459,6417,0,22388,0,655,4218,374,267,980,-332,-531,474,1029,334,1382,-514
2026-01-31,4,25570,A,28230,23805,3463,6417,0,22388,0,735,4312,406,262,983,-332,-479,481,1028,325,1380,-514
2026-01-31,5,25029,A,27793,23321,3341,6417,0,22388,0,796,4298,343,418,942,-332,-522,467,1019,445,1416,-514
2026-01-31,6,24682,A,27450,23039,3292,6417,0,22388,0,792,4343,335,423,940,-332,-531,465,1022,449,1421,-513
2026-01-31,7,24120,A,26787,22548,3208,6417,0,22388,0,730,4360,515,222,912,-332,-491,137,1079,344,1379,-514
2026-01-31,8,22948,A,25752,21529,3218,6417,0,22388,0,928,4255,540,209,912,-332,-431,124,1087,338,1376,-513
2026-01-31,9,22917,A,25849,21619,3147,6417,0,22388,0,1027,4255,459,277,884,-332,-459,181,1088,378,1421,-514
2026-01-31,10,22839,A,25797,21499,3105,6417,0,22388,0,1068,4203,448,277,883,-332,-445,183,1104,379,1426,-513
2026-01-31,11,22705,A,25443,21335,2955,6417,0,22388,0,1018,4042,232,96,842,-329,-294,326,1303,299,1426,-497
2026-01-31,12,22851,A,25512,21520,2903,6417,0,22388,0,1009,4217,203,85,840,-397,-142,333,1332,292,1426,-513
2026-01-31,13,24001,A,26021,22582,2847,6417,0,22388,0,546,4169,187,118,675,-346,-14,678,1390,257,1426,-514
2026-01-31,14,24945,A,26863,23500,2806,6417,0,22388,0,395,4156,184,125,669,-409,0,692,1397,257,1424,-514
2026-01-31,15,26220,A,27898,24663,2745,6417,0,22388,0,289,4641,373,299,474,-301,-1,620,1397,367,1357,-487
2026-01-31,16,27315,A,29168,25583,2711,6417,1,22388,0,275,4537,399,319,466,-369,-96,617,1397,376,1353,-513
2026-01-31,17,28885,A,30816,26941,2625,6417,255,22388,0,119,4813,785,617,392,-450,-248,433,1397,451,1368,-514
2026-01-31,18,30003,A,31975,27880,2537,6417,1043,22388,0,13,4678,837,644,389,-451,-394,426,1397,462,1372,-514
2026-01-31,19,30674,A,32771,28331,2462,6417,1997,22388,0,13,4232,804,882,557,-451,-519,487,1397,660,1416,-514
2026-01-31,20,30661,A,32770,28175,2356,6417,2819,22388,0,13,3845,800,897,564,-451,-531,489,1397,679,1419,-514
2026-01-31,21,30936,A,33045,28378,2232,6417,3865,22388,0,13,3599,927,870,849,-451,-531,613,1397,912,1419,-514
2026-01-31,22,30921,A,33030,28267,2196,6417,4396,22388,0,13,3526,944,870,862,-451,-531,618,1398,927,1419,-514
2026-01-31,23,30454,A,32562,27760,2040,6417,4684,22388,0,12,3331,853,930,705,-451,-531,667,1397,931,1419,-514
2026-01-31,24,30274,A,32382,27532,1961,6417,5114,22388,0,12,3202,841,935,700,-451,-531,669,1397,933,1419,-514
2026-01-31,25,30606,A,32714,27852,1854,6417,4608,22388,0,12,3158,975,989,991,-451,-531,851,1397,994,1419,-514
2026-01-31,26,30714,A,32822,27949,1816,6417,4391,22388,0,12,2964,993,992,1003,-451,-531,857,1397,998,1419,-514
2026-01-31,27,30997,A,33105,28179,1817,6417,4258,22388,0,12,2866,993,992,1041,-451,-531,1011,1397,998,1419,-514
2026-01-31,28,31197,A,33306,28261,1771,6417,3558,22388,0,13,2703,993,992,1043,-451,-531,1017,1397,999,1419,-514
2026-01-31,29,31427,A,33537,28493,1733,6417,2836,22388,0,14,2270,993,992,1043,-451,-531,998,1397,998,1405,-514
2026-01-31,30,31904,A,34014,28979,1634,6417,2213,22388,0,14,1964,992,989,1042,-451,-531,989,1397,996,1403,-514
2026-01-31,31,32721,A,34834,29780,1629,6417,1210,22388,0,17,2146,912,863,683,-451,-531,388,1397,924,1389,-514
2026-01-31,32,33534,A,35646,30539,1681,6417,535,22388,0,16,1923,900,858,665,-451,-531,358,1397,921,1389,-514
2026-01-31,33,34395,A,36509,31399,1672,6417,191,22388,0,18,1969,982,984,223,-451,-531,395,1397,994,1419,-514
2026-01-31,34,35657,A,37765,32624,1736,6417,13,22388,0,12,2123,994,991,205,-451,-531,398,1397,998,1425,-514
2026-01-31,35,37262,A,39367,34102,1806,6417,0,22388,0,10,2174,993,944,647,-450,-531,707,1397,984,1425,-514
2026-01-31,36,37329,A,39434,34209,1832,6417,0,22388,0,10,2265,993,942,667,-450,-531,719,1397,984,1425,-514
2026-01-31,37,37350,A,39453,34270,1807,6417,0,22388,0,8,2238,967,962,853,-450,-531,894,1397,983,1425,-514
2026-01-31,38,36381,A,38488,33292,1800,6417,0,22388,0,11,1864,963,964,861,-451,-531,900,1397,983,1425,-514
2026-01-31,39,35731,A,37836,32700,1708,6417,0,22388,0,9,1677,985,990,1005,-451,-531,993,1397,997,1425,-514
2026-01-31,40,35076,A,37180,32091,1718,6417,0,22388,0,8,1867,989,992,1011,-451,-531,997,1397,998,1425,-514
2026-01-31,41,34250,A,36354,31371,1610,6417,0,22388,0,8,2095,992,992,1010,-451,-531,987,1397,998,1425,-514
2026-01-31,42,33042,A,35144,30199,1602,6417,0,22388,0,6,2267,992,992,1010,-451,-531,987,1397,997,1425,-514
2026-01-31,43,31962,A,34064,29208,1666,6417,0,22388,0,6,2323,992,991,950,-451,-531,997,1397,984,1425,-514
2026-01-31,44,30762,A,32851,28069,1698,6417,0,22388,0,6,2364,992,986,947,-451,-518,997,1397,979,1423,-514
2026-01-31,45,29547,A,31511,27010,1552,6417,0,22388,0,6,2366,992,805,893,-451,-393,997,1397,812,1424,-514
2026-01-31,46,28354,A,30145,26007,1494,6417,0,22388,0,6,2357,992,793,890,-430,-241,997,1397,804,1425,-514
2026-01-31,47,27099,A,28892,24875,1430,6417,0,22388,0,6,2218,829,833,612,-446,-227,799,1397,885,1425,-514
2026-01-31,48,26002,A,27810,23863,1401,6417,0,22458,0,6,2107,806,837,600,-451,-238,792,1397,891,1425,-513
2026-02-01,1,26646,A,28354,24441,1370,6417,0,22458,0,6,2328,915,891,734,-451,-137,871,1397,926,1425,-514
2026-02-01,2,27044,A,28631,24834,1344,6417,0,22458,0,6,2354,930,897,739,-451,-16,873,1397,930,1425,-514
2026-02-01,3,26561,A,28167,24417,1274,6417,0,22458,0,6,2441,986,959,827,-451,-35,850,1397,994,1425,-514
2026-02-01,4,26043,A,27621,23924,1233,6417,0,22458,0,6,2279,993,963,831,-451,-7,850,1397,998,1425,-514
2026-02-01,5,25708,A,27364,23610,1156,6417,0,22458,0,6,2242,993,945,865,-451,-86,859,1397,998,1425,-513
2026-02-01,6,25235,A,26813,23190,1095,6417,0,22458,0,6,2163,994,944,866,-451,-7,860,1397,998,1425,-514
2026-02-01,7,24708,A,26372,22667,1097,6417,0,22458,0,117,2070,994,962,824,-433,0,827,1397,998,1425,-514
2026-02-01,8,24171,A,26066,22081,1107,6417,0,22458,0,540,2251,993,964,820,-304,0,826,1397,997,1425,-451
2026-02-01,9,23829,A,25613,21817,1046,6417,0,22458,0,546,2489,995,990,450,-189,0,680,1397,952,1425,-449
2026-02-01,10,23589,A,25213,21607,1059,6417,0,22458,0,543,2402,994,992,426,-167,0,675,1397,949,1424,-314
2026-02-01,11,23261,A,24598,21308,974,6417,0,22458,0,545,2450,995,992,105,-28,0,519,1397,949,1377,-164
2026-02-01,12,23044,A,24144,21091,936,6417,0,22458,0,474,2498,995,992,102,0,0,514,1397,950,1374,-26
2026-02-01,13,23612,A,24522,21602,902,6417,0,22458,0,142,2313,986,992,-168,0,0,527,1397,950,1403,56
2026-02-01,14,24097,A,24888,22101,910,6417,0,22458,0,10,2225,985,989,-181,0,0,527,1397,948,1406,118
2026-02-01,15,25128,A,25737,23072,920,6417,0,22458,0,9,2247,912,901,359,56,0,264,1397,889,1420,200
2026-02-01,16,26070,A,26679,23922,907,6417,0,22458,0,9,2062,901,896,403,25,0,253,1397,888,1420,177
2026-02-01,17,27738,A,28347,25436,858,6417,33,22458,0,9,1983,983,940,534,109,0,395,1397,992,1420,152
2026-02-01,18,28936,A,29546,26487,838,6417,279,22458,0,10,1669,994,945,540,21,0,400,1397,999,1420,26
2026-02-01,19,30407,A,31180,27779,796,6417,698,22458,0,12,1523,993,989,750,-68,0,644,1397,998,1420,-93
2026-02-01,20,31389,A,32352,28592,743,6417,1120,22458,0,12,1390,993,992,758,-154,0,654,1397,998,1420,-197
2026-02-01,21,32306,A,33086,29271,674,6417,1665,22458,0,12,1223,992,992,1017,-31,0,1003,1397,998,1420,-137
2026-02-01,22,32769,A,33621,29668,678,6417,2000,22458,0,10,1215,992,992,1027,0,0,1017,1397,998,1420,-242
2026-02-01,23,33088,A,34145,29945,697,6417,2313,22458,0,10,1104,992,992,1052,-68,0,1017,1397,998,1420,-379
2026-02-01,24,33629,A,34907,30441,734,6417,2352,22458,0,10,950,992,992,1053,-166,0,1017,1397,998,1420,-502
2026-02-01,25,33802,A,35121,30618,742,6417,2250,22458,0,11,938,992,992,1055,-194,0,1017,1397,999,1419,-514
2026-02-01,26,34466,A,35876,31222,729,6417,1909,22458,0,10,848,992,992,1056,-286,0,1017,1397,998,1417,-514
2026-02-01,27,34682,A,36231,31405,664,6417,1782,22458,0,10,542,992,992,1056,-425,0,1017,1397,998,1420,-514
2026-02-01,28,34724,A,36329,31316,621,6417,1706,22458,0,10,499,992,992,1056,-451,-30,1017,1397,998,1420,-514
2026-02-01,29,34560,A,36309,31200,543,6417,1331,22458,0,12,467,992,992,1059,-451,-172,997,1397,999,1420,-514
2026-02-01,30,34415,A,36273,31055,510,6417,1138,22458,0,11,383,992,992,1060,-451,-282,997,1397,999,1420,-514
2026-02-01,31,35015,A,36993,31658,520,6417,859,22458,0,12,682,992,992,1060,-451,-401,997,1397,999,1420,-514
2026-02-01,32,36144,A,38237,32763,481,6417,461,22458,0,7,774,992,992,1061,-451,-521,997,1397,999,1421,-514
2026-02-01,33,36688,A,38790,33164,449,6417,154,22458,0,6,538,992,992,1059,-451,-531,997,1397,999,1420,-514
2026-02-01,34,38039,A,40141,34438,471,6417,8,22458,0,6,707,992,992,1060,-451,-531,997,1397,999,1420,-514
2026-02-01,35,39287,A,41389,35601,488,6417,0,22458,0,6,837,992,992,1058,-451,-531,997,1397,999,1420,-514
2026-02-01,36,40064,A,42166,36319,507,6417,0,22458,0,6,938,992,992,1058,-451,-531,997,1397,999,1420,-514
2026-02-01,37,39636,A,41738,35909,515,6417,0,22458,0,6,784,992,992,1061,-451,-531,997,1397,999,1424,-514
2026-02-01,38,38454,A,40556,34824,493,6417,0,22458,0,6,764,992,992,1059,-451,-531,997,1397,999,1424,-514
2026-02-01,39,37752,A,39860,34161,448,6417,0,22458,0,12,798,992,992,1060,-451,-531,997,1397,999,1424,-514
2026-02-01,40,36451,A,38558,32951,443,6417,0,22458,0,11,637,992,992,1059,-451,-531,997,1397,999,1424,-514
2026-02-01,41,35152,A,37256,31780,443,6417,0,22458,0,8,478,992,992,1057,-451,-531,996,1397,999,1424,-514
2026-02-01,42,34440,A,36542,31200,476,6417,0,22458,0,6,482,992,992,1058,-451,-531,996,1397,999,1424,-514
2026-02-01,43,32909,A,35011,29888,495,6417,0,22458,0,6,471,992,992,1058,-451,-531,913,1397,999,1424,-514
2026-02-01,44,31743,A,33845,28771,487,6417,0,22458,0,6,416,992,992,1056,-451,-531,910,1397,999,1424,-514
2026-02-01,45,30181,A,32283,27394,472,6417,0,22458,0,6,549,992,992,1055,-451,-531,981,1397,1000,1424,-514
2026-02-01,46,28794,A,30898,26213,493,6417,0,22458,0,8,679,992,992,1056,-451,-531,984,1397,999,1424,-514
2026-02-01,47,26999,A,29083,24500,503,6417,0,22458,0,8,750,992,992,1056,-451,-511,898,1397,999,1424,-514
2026-02-01,48,25702,A,27594,23354,524,6417,0,22463,0,8,978,992,992,1056,-394,-376,895,1397,999,1423,-514
2026-02-02,1,26130,A,27762,23779,555,6417,0,22463,0,8,1087,992,991,1052,-286,-224,936,1397,999,1359,-514
2026-02-02,2,26908,A,28264,24610,634,6417,0,22463,0,8,1454,992,991,1051,-214,-71,937,1397,998,1356,-463
2026-02-02,3,26665,A,28122,24436,685,6417,0,22463,0,8,1401,989,991,1050,-339,0,899,1397,984,1418,-510
2026-02-02,4,26086,A,27523,23931,768,6417,0,22463,0,8,1410,988,990,1050,-315,0,896,1381,982,1420,-514
2026-02-02,5,25591,A,27146,23493,823,6417,0,22463,0,8,1369,965,965,1049,-421,0,628,1178,947,1322,-526
2026-02-02,6,25349,A,26869,23072,881,6417,0,22463,0,11,1218,961,963,1048,-395,0,618,1126,943,1313,-514
2026-02-02,7,24559,A,26179,22407,916,6417,0,22463,0,271,1536,800,943,1044,-247,0,543,793,880,1313,-502
2026-02-02,8,24128,A,25495,22005,966,6417,0,22463,0,285,1695,777,941,1043,-100,0,533,722,876,1312,-382
2026-02-02,9,23728,A,25007,21614,1010,6417,0,22463,0,281,2076,470,905,716,-107,66,-61,350,924,1292,-230
2026-02-02,10,23880,A,24951,21728,1087,6417,0,22463,0,283,2229,427,883,648,-19,144,-90,302,911,1286,-79
2026-02-02,11,23926,A,25097,21809,1196,6417,0,22463,0,24,2554,-99,166,-159,56,144,-289,279,319,1216,67
2026-02-02,12,24961,A,26226,22780,1327,6417,0,22463,0,7,2502,-189,122,-173,11,144,-296,258,280,1207,171
2026-02-02,13,27164,A,28719,24818,1479,6417,0,22463,0,7,2465,-411,328,-116,0,144,-421,24,220,1077,153
2026-02-02,14,30022,A,31616,27394,1529,6417,0,22463,0,7,2617,-441,339,-114,0,144,-426,-6,218,1065,197
2026-02-02,15,33119,A,34173,30310,1568,6417,0,22463,0,8,2968,197,256,-160,0,81,-281,-5,252,982,197
2026-02-02,16,34649,A,35696,31866,1659,6417,0,22463,0,10,3171,309,255,-161,0,0,-276,26,256,977,197
2026-02-02,17,36324,A,37234,33341,1823,6417,15,22463,0,10,3163,398,414,199,0,0,-300,400,306,1030,197
2026-02-02,18,36753,A,37663,33724,1917,6417,136,22463,0,10,3291,411,426,221,0,0,-300,475,319,1035,197
2026-02-02,19,37776,A,38386,34662,1976,6417,404,22463,0,10,3035,560,458,715,0,0,19,849,659,1071,197
2026-02-02,20,37860,A,38472,34727,2096,6417,654,22463,0,12,2795,580,469,739,0,0,32,890,678,1080,198
2026-02-02,21,38014,A,38626,34834,2191,6417,874,22463,0,12,2827,513,774,944,1,0,38,825,593,1295,200
2026-02-02,22,37644,A,38301,34500,2276,6417,1169,22463,0,57,2883,504,793,952,90,0,38,830,591,1303,200
2026-02-02,23,37579,A,38348,34438,2494,6417,1391,22463,0,169,3127,809,723,1056,196,8,201,996,742,1072,200
2026-02-02,24,37625,A,38392,34457,2683,6417,1436,22463,0,167,3533,852,724,1062,200,0,207,1009,755,1055,200
2026-02-02,25,37816,A,38583,34636,2682,6417,1314,22463,0,167,3361,954,950,1062,149,0,221,908,874,1036,200
2026-02-02,26,37784,A,38548,34665,2815,6417,1351,22463,0,164,3437,969,963,1062,191,0,221,866,880,1034,200
2026-02-02,27,37532,A,38296,34484,2932,6417,1464,22463,0,164,3666,872,863,1060,200,0,201,492,793,994,200
2026-02-02,28,37459,A,38223,34411,3080,6417,1304,22463,0,164,3722,859,852,1060,200,0,200,417,787,990,200
2026-02-02,29,37725,A,38487,34662,3182,6417,797,22463,0,162,4079,828,712,1056,200,0,167,42,784,997,200
2026-02-02,30,37986,A,38756,34979,3271,6417,645,22463,0,165,4223,824,708,913,200,0,165,-5,788,994,200
2026-02-02,31,37496,A,38739,34544,3344,6417,370,22463,0,167,4345,910,901,-379,200,1,-92,-5,951,811,200
2026-02-02,32,38308,A,39612,35292,3385,6417,177,22463,0,169,4549,922,916,-428,200,89,-102,-5,962,787,200
2026-02-02,33,39149,A,40409,36171,3455,6417,48,22463,0,169,4739,985,987,-411,200,198,-75,-5,987,457,200
2026-02-02,34,39888,A,41124,36853,3503,6417,3,22463,0,166,4857,994,985,-396,200,143,-74,16,983,447,200
2026-02-02,35,41485,A,42253,38171,3621,6417,0,22463,0,166,4883,889,742,352,200,23,-2,261,787,1040,200
2026-02-02,36,41660,A,42427,38226,3659,6417,0,22463,0,167,4759,874,722,395,200,0,1,289,773,1085,200
2026-02-02,37,41258,A,42166,37977,3571,6417,0,22463,0,308,4638,843,620,740,200,0,265,266,723,1225,200
2026-02-02,38,40362,A,41299,37280,3638,6417,0,22463,0,337,4614,838,622,754,200,0,275,266,726,1224,200
2026-02-02,39,38883,A,39999,35978,3657,6417,0,22463,0,516,4007,974,951,532,200,63,10,296,967,801,200
2026-02-02,40,37366,A,38537,34574,3659,6417,0,22463,0,571,3036,993,973,523,200,165,5,324,983,761,200
2026-02-02,41,36619,A,37792,33957,3592,6417,0,22463,0,573,2568,981,953,805,200,203,502,638,969,614,200
2026-02-02,42,34999,A,36174,32442,3620,6417,0,22463,0,575,2378,978,943,816,200,202,521,662,965,605,200
2026-02-02,43,32750,A,33918,30457,3674,6417,0,22463,0,568,2425,853,686,775,200,203,82,470,870,686,200
2026-02-02,44,31218,A,32387,29083,3669,6417,0,22463,0,569,2512,836,664,723,200,203,63,417,857,697,200
2026-02-02,45,29269,A,30435,27212,3618,6417,0,22463,0,566,2507,719,537,105,200,202,271,42,605,797,200
2026-02-02,46,28082,A,29736,26097,3655,6417,0,22463,0,1018,2635,703,524,102,200,148,277,-36,585,791,200
2026-02-02,47,25832,A,28878,23985,3683,6417,0,22463,0,1348,3157,659,349,-608,200,41,-110,-380,452,290,200
2026-02-02,48,25059,A,28449,23262,3720,6417,0,22467,0,1490,3221,653,342,-725,200,0,-126,-449,447,257,200
2026-02-03,1,25068,A,28511,23254,3613,6417,0,22467,0,1435,2893,952,535,-723,200,34,116,-685,580,388,200
2026-02-03,2,25942,A,29347,24138,3611,6417,0,22467,0,1336,3283,994,558,-723,200,147,126,-746,593,390,200
2026-02-03,3,25922,A,29165,24085,3585,6417,0,22467,0,1347,3448,993,914,-564,200,96,196,-732,758,118,200
2026-02-03,4,25257,A,27874,23420,3621,6417,0,22467,0,1352,2953,994,940,-560,200,147,199,-105,775,104,179
2026-02-03,5,24466,A,28281,22790,3681,6417,0,22467,0,1318,3445,994,988,-954,200,25,123,-943,985,325,200
2026-02-03,6,24123,A,28471,22417,3748,6417,0,22467,0,1327,3697,994,992,-971,200,0,120,-1450,997,347,200
2026-02-03,7,23956,A,28211,22196,3844,6417,0,22467,0,1336,3744,994,992,-868,199,0,122,-1451,993,574,200
2026-02-03,8,23459,A,27692,21807,3900,6417,0,22467,0,1317,3988,994,984,-865,197,0,116,-1451,982,585,200
2026-02-03,9,23009,A,27449,21505,3951,6417,0,22467,0,1302,4131,995,700,-643,200,70,-443,-1452,615,377,200
2026-02-03,10,22829,A,27275,21231,4031,6417,0,22467,0,1319,4056,990,669,-634,200,137,-470,-1423,580,362,200
2026-02-03,11,22663,A,26704,21204,3991,6417,0,22467,0,1195,3835,61,242,-718,200,127,-477,-1051,181,382,200
2026-02-03,12,23534,A,27437,21930,4008,6417,0,22467,0,1059,3426,-75,207,-717,200,81,-478,-974,155,382,200
2026-02-03,13,26222,A,28548,24473,3971,6417,0,22467,0,511,3393,146,10,-240,200,81,-387,-588,130,313,200
2026-02-03,14,28855,A,30996,26911,4004,6417,0,22467,0,414,3276,194,-6,-217,200,104,-385,-519,129,317,200
2026-02-03,15,32092,A,34522,29824,3976,6417,0,22467,0,405,3150,197,-82,-400,200,146,-686,-257,179,675,200
2026-02-03,16,34435,A,36815,31857,4007,6417,0,22467,0,407,3056,199,-71,-393,158,19,-698,-211,193,707,200
2026-02-03,17,36638,A,38031,33847,3995,6417,5,22467,0,259,3076,704,523,206,25,0,-507,-27,571,903,191
2026-02-03,18,36935,A,38297,34160,3949,6417,70,22467,0,261,3149,777,574,228,0,0,-496,-5,605,920,82
2026-02-03,19,38443,A,39350,35526,3908,6417,217,22467,0,261,3251,966,939,587,0,0,4,-5,973,1064,-41
2026-02-03,20,38743,A,39689,35680,3899,6417,389,22467,0,261,3308,992,964,605,0,0,27,-5,998,1072,-80
2026-02-03,21,39092,A,39955,35952,3616,6417,497,22467,0,258,3351,993,990,1035,0,0,26,-5,998,1115,12
2026-02-03,22,39450,A,40271,36313,3528,6417,584,22467,0,221,3304,993,992,1055,0,0,37,3,998,1125,22
2026-02-03,23,39914,A,40794,36723,3339,6417,688,22467,0,89,3250,992,992,1058,-69,-54,701,84,998,1336,-68
2026-02-03,24,40030,A,41084,36760,3276,6417,752,22467,0,12,3258,992,992,1059,-212,-10,734,103,998,1353,-220
2026-02-03,25,40389,A,41521,37080,3159,6417,829,22467,0,11,3400,992,992,1059,-150,0,351,216,998,1369,-371
2026-02-03,26,40516,A,41630,37191,3063,6417,822,22467,0,13,3439,993,992,1058,-19,0,336,240,998,1372,-482
2026-02-03,27,40675,A,41703,37371,2926,6417,726,22467,0,17,3334,992,992,1050,0,0,666,367,998,1420,-411
2026-02-03,28,40568,A,41564,37329,2903,6417,627,22467,0,136,3154,992,992,1050,56,0,673,373,998,1425,-260
2026-02-03,29,40957,A,41960,37723,2791,6417,511,22467,0,241,3125,993,992,1036,11,0,140,248,998,1425,-162
2026-02-03,30,40810,A,41864,37634,2752,6417,369,22467,0,254,3221,993,992,1033,0,0,113,256,998,1424,-200
2026-02-03,31,41115,A,42419,37954,2696,6417,229,22467,0,254,3013,993,992,624,-69,0,-289,560,998,1415,-92
2026-02-03,32,41932,A,43380,38722,2575,6417,113,22467,0,253,2976,995,992,566,-211,0,-307,616,999,1410,-77
2026-02-03,33,42165,A,44046,38899,2368,6417,43,22467,0,246,2747,995,992,-96,-215,0,-724,832,998,1263,7
2026-02-03,34,42851,A,44950,39449,2277,6417,4,22467,0,245,2398,996,981,-104,-350,0,-740,889,992,1254,-60
2026-02-03,35,43503,A,45541,39982,2239,6417,0,22467,0,247,2406,995,595,-348,-449,0,-332,1261,782,1411,-62
2026-02-03,36,43643,A,45763,40162,2214,6417,0,22467,0,246,2463,995,567,-359,-451,-79,-315,1313,766,1423,-70
2026-02-03,37,43677,A,45551,40185,2156,6417,0,22467,0,249,2288,947,526,787,-451,-170,-339,1388,658,1423,-65
2026-02-03,38,43066,A,44872,39604,2089,6417,0,22467,0,245,2313,940,526,991,-451,-155,-340,1395,651,1421,-15
2026-02-03,39,42349,A,44147,38995,2095,6417,0,22467,0,244,2281,988,639,1052,-451,-242,-261,1376,681,1362,67
2026-02-03,40,41301,A,43000,38012,2101,6417,0,22467,0,246,2219,994,655,1024,-451,-146,-256,1346,691,1344,67
2026-02-03,41,39880,A,41309,36728,1976,6417,0,22467,0,251,2100,993,971,587,-451,-127,131,973,980,926,119
2026-02-03,42,38816,A,40160,35749,1960,6417,0,22467,0,167,2492,993,988,586,-451,-126,146,903,997,897,115
2026-02-03,43,36906,A,38277,34096,1886,6417,0,22467,0,14,2683,995,829,226,-451,-126,-180,601,952,913,189
2026-02-03,44,35003,A,36385,32415,1899,6417,0,22467,0,8,2843,995,818,211,-451,-126,-197,538,944,917,190
2026-02-03,45,33161,A,34915,30782,1911,6417,0,22467,0,7,2955,996,826,373,-383,-65,-699,222,738,996,190
2026-02-03,46,31388,A,32944,29088,1927,6417,0,22467,0,7,2929,995,827,367,-233,0,-716,153,728,1000,192
2026-02-03,47,29516,A,31314,27355,1810,6417,0,22467,0,7,3177,822,821,-686,-124,0,-155,-226,843,921,153
2026-02-03,48,28916,A,30904,26856,1804,6417,0,22471,0,7,3260,797,821,-836,-119,0,-129,-297,848,922,3
2026-02-04,1,28970,A,31175,26789,1800,6417,0,22471,0,7,3153,780,817,-706,-119,0,-54,-592,759,1198,-127
2026-02-04,2,29174,A,31361,27106,1796,6417,0,22471,0,5,3446,777,822,-701,-119,0,-51,-635,759,1219,-76
2026-02-04,3,29098,A,31752,27073,1801,6417,0,22471,0,60,3453,955,981,-870,-119,0,-111,-702,983,1138,-192
2026-02-04,4,28469,A,31283,26455,1824,6417,0,22471,0,65,3583,980,992,-876,-95,0,-114,-722,998,1133,-342
2026-02-04,5,28045,A,31228,26132,1837,6417,0,22471,0,171,3695,993,992,-867,-145,0,-55,-863,998,1160,-482
2026-02-04,6,27763,A,31039,25847,1881,6417,0,22471,0,222,3750,995,992,-860,-124,0,-53,-903,998,1162,-514
2026-02-04,7,27266,A,30236,25381,1926,6417,0,22471,0,222,3757,995,992,-248,-171,0,-31,-1184,998,1162,-514
2026-02-04,8,26682,A,29715,24701,1920,6417,0,22471,0,221,3764,995,992,-225,-207,0,-32,-1234,998,1160,-514
2026-02-04,9,26121,A,30189,24230,1820,6417,0,22471,0,221,4232,993,992,-873,-60,0,-386,-1427,998,1066,-501
2026-02-04,10,25710,A,29825,23833,1774,6417,0,22471,0,221,4244,992,983,-909,-35,0,-407,-1430,992,1056,-513
2026-02-04,11,25811,A,30249,23940,1751,6417,0,22471,0,164,4198,562,642,-1075,-16,0,-993,-1158,772,929,-432
2026-02-04,12,26688,A,31084,24756,1795,6417,0,22471,0,159,3890,502,609,-1082,-117,0,-1022,-1135,741,919,-281
2026-02-04,13,28871,A,33208,26653,1839,6417,0,22471,0,160,3974,565,265,-1085,-42,39,-1022,-1268,198,852,-160
2026-02-04,14,31408,A,35944,28976,1870,6417,0,22471,0,161,3825,574,254,-1085,-144,0,-1022,-1257,169,858,-267
2026-02-04,15,34861,A,39382,32135,1840,6417,0,22471,0,160,3574,506,689,-1058,-296,-53,-1022,-913,316,1299,-419
2026-02-04,16,36095,A,40707,33225,1862,6417,3,22471,0,161,3419,497,725,-1058,-416,-12,-1013,-840,343,1330,-512
2026-02-04,17,37275,A,40748,34269,1857,6417,128,22471,0,160,3189,934,944,-812,-451,-91,-390,-455,941,1331,-514
2026-02-04,18,37632,A,40947,34664,1867,6417,504,22471,0,160,3138,995,960,-729,-450,-149,-336,-377,980,1327,-514
2026-02-04,19,38525,A,40534,35362,1778,6417,1136,22471,0,153,2707,993,990,539,-450,-293,523,0,997,1190,-513
2026-02-04,20,38251,A,40239,34993,1771,6417,1817,22471,0,5,2673,992,992,634,-450,-419,579,44,998,1180,-514
2026-02-04,21,37882,A,39944,34556,1724,6417,2519,22471,0,3,2526,992,992,922,-450,-495,925,1,998,1196,-514
2026-02-04,22,37229,A,39306,33932,1745,6417,3399,22471,0,3,2357,992,992,936,-450,-505,934,-5,998,1193,-514
2026-02-04,23,36837,A,38925,33566,1712,6417,4098,22471,0,3,2451,992,992,1045,-450,-516,424,-5,998,1007,-514
2026-02-04,24,36507,A,38610,33189,1705,6417,4736,22471,0,4,2293,993,992,1047,-450,-531,400,-4,999,991,-514
2026-02-04,25,36422,A,38467,32980,1714,6417,5092,22471,0,5,2082,993,992,1025,-449,-473,448,-4,999,910,-514
2026-02-04,26,36305,A,38310,32842,1743,6417,5147,22471,0,5,1936,993,992,1022,-450,-432,450,-4,998,904,-514
2026-02-04,27,35298,A,37236,31898,1722,6417,4996,22471,0,5,1706,993,992,607,-450,-365,216,-4,998,957,-514
2026-02-04,28,35058,A,36872,31550,1683,6417,4912,22471,0,7,1284,993,992,550,-450,-213,201,-30,998,955,-514
2026-02-04,29,34614,A,36964,31142,1635,6417,4480,22471,0,9,1210,995,992,3,-450,-68,-356,-353,998,617,-514
2026-02-04,30,34877,A,37327,31466,1602,6417,3495,22471,0,9,1146,995,992,0,-450,-81,-387,-409,999,595,-514
2026-02-04,31,34658,A,38504,31225,1665,6417,3034,22471,0,6,1288,563,992,-554,-450,-223,-896,-603,998,666,-514
2026-02-04,32,35822,A,39864,32312,1725,6417,1739,22471,0,6,1663,501,992,-648,-450,-273,-915,-637,998,683,-513
2026-02-04,33,37449,A,41124,33874,1827,6417,582,22471,0,6,1694,501,991,-570,-450,-350,-429,-756,998,1053,-514
2026-02-04,34,39192,A,42867,35514,1975,6417,51,22471,0,4,1499,502,991,-536,-450,-422,-408,-741,999,1081,-514
2026-02-04,35,41411,A,44303,37618,2074,6417,0,22471,0,4,1330,1251,992,426,-450,-526,-440,-358,998,1167,-514
2026-02-04,36,41979,A,44808,38138,2205,6417,0,22471,0,4,1316,1356,985,486,-450,-531,-440,-290,995,1168,-514
2026-02-04,37,41461,A,43669,37657,2322,6417,0,22471,0,5,1446,1050,712,214,-450,-505,-98,-36,896,975,-514
2026-02-04,38,41089,A,43108,37334,2460,6417,0,22471,0,6,1658,1006,702,203,-442,-367,-85,-5,893,953,-514
2026-02-04,39,39940,A,42009,36330,2588,6417,0,22471,0,6,1720,1017,974,434,-405,-216,-324,-4,992,637,-514
2026-02-04,40,38764,A,40879,35295,2721,6417,0,22471,0,6,1950,1019,992,444,-450,-226,-315,-4,998,617,-514
2026-02-04,41,37639,A,39472,34308,2847,6417,0,22471,0,6,2301,1445,992,770,-450,-258,477,-5,997,715,-514
2026-02-04,42,35987,A,37659,32715,2918,6417,0,22471,0,6,2447,1505,992,783,-433,-107,524,-19,996,721,-507
2026-02-04,43,33854,A,35470,30813,3035,6417,0,22471,0,6,2577,1505,992,486,-382,-41,292,-192,997,593,-395
2026-02-04,44,31983,A,33309,29205,3218,6417,0,22471,0,5,2610,1505,992,452,-234,0,282,-244,997,576,-243
2026-02-04,45,29513,A,31083,27101,3313,6417,0,22471,0,113,2892,1506,992,3,-83,0,-59,-624,997,262,-91
2026-02-04,46,27880,A,29414,25664,3478,6417,0,22471,0,189,2931,1506,992,0,23,0,-71,-674,997,247,55
2026-02-04,47,26239,A,28544,24149,3588,6417,0,22471,0,522,2736,1223,992,-471,-15,0,221,-697,996,487,69
2026-02-04,48,25188,A,27940,23262,3655,6417,0,22476,0,814,2699,1183,991,-543,-13,0,232,-717,996,505,-65
2026-02-05,1,25232,A,29005,23260,3762,6417,0,22476,0,1185,2728,1096,960,-980,-60,0,325,-935,983,491,-13
2026-02-05,2,25710,A,29502,23814,3914,6417,0,22476,0,1207,3067,1083,959,-1000,0,0,328,-985,982,484,68
2026-02-05,3,25316,A,29494,23512,3964,6417,0,22476,0,1210,3150,1454,990,-1089,0,0,483,-1279,995,269,188
2026-02-05,4,24694,A,28917,23011,4034,6417,0,22476,0,1207,3404,1505,992,-1092,0,0,487,-1324,996,254,192
2026-02-05,5,24268,A,28591,22707,4100,6417,0,22476,0,1196,3524,1506,992,-1090,8,0,175,-1437,996,271,199
2026-02-05,6,24004,A,28344,22450,4210,6417,0,22476,0,1199,3400,1506,992,-1090,87,0,162,-1451,996,287,156
2026-02-05,7,23529,A,28024,22002,4103,6417,0,22476,0,1205,3762,1507,992,-1090,9,0,-147,-1453,996,826,25
2026-02-05,8,22964,A,27477,21483,4229,6417,0,22476,0,1197,3702,1506,992,-1092,0,0,-171,-1453,995,848,0
2026-02-05,9,22662,A,27854,21154,4359,6417,0,22476,0,1179,3946,1356,992,-1092,0,0,-868,-1453,995,251,4
2026-02-05,10,22632,A,27868,21060,4488,6417,0,22476,0,1185,3777,1333,984,-1091,0,0,-907,-1453,991,221,87
2026-02-05,11,22841,A,28342,21299,4513,6417,0,22476,0,1339,3791,752,702,-1091,0,0,-1018,-1453,844,645,152
2026-02-05,12,23635,A,29079,22051,4627,6417,0,22476,0,1280,3765,668,675,-1090,23,0,-1021,-1453,830,669,188
2026-02-05,13,25728,A,30354,24022,4770,6417,0,22476,0,595,3557,493,388,-1073,143,0,-905,-1453,630,379,175
2026-02-05,14,28126,A,32569,26218,4823,6417,0,22476,0,417,3522,467,373,-1072,92,0,-901,-1453,621,368,200
2026-02-05,15,31617,A,35948,29479,4846,6417,0,22476,0,358,3632,560,546,-1059,141,28,-861,-1453,751,755,193
2026-02-05,16,33129,A,37359,30811,4909,6417,0,22476,0,259,3840,574,567,-1058,31,0,-860,-1453,766,779,81
2026-02-05,17,34532,A,38784,32184,4900,6417,25,22476,0,254,3832,952,913,-1029,0,0,-916,-1453,984,665,121
2026-02-05,18,35346,A,39546,32934,4891,6417,154,22476,0,255,3976,1006,938,-1011,0,0,-906,-1428,998,656,113
2026-02-05,19,36984,A,39388,34509,4820,6417,300,22476,0,255,4281,1444,989,-224,0,0,-213,-1112,997,614,6
2026-02-05,20,37215,A,39482,34736,4832,6417,505,22476,0,256,4310,1507,992,-173,0,0,-174,-1064,997,608,24
2026-02-05,21,37515,A,39344,34971,4850,6417,738,22476,0,258,4188,1506,992,520,0,0,185,-960,997,548,-11
2026-02-05,22,37612,A,39398,35033,4840,6417,812,22476,0,256,4236,1506,992,605,0,0,200,-921,997,536,-9
2026-02-05,23,37739,A,39222,35079,4642,6417,902,22476,0,259,4089,1290,992,323,0,0,74,-602,997,371,-22
2026-02-05,24,37553,A,38998,34932,4628,6417,1091,22476,0,254,4060,1261,987,309,0,0,69,-540,997,357,-51
2026-02-05,25,37530,A,38713,34833,4618,6417,1142,22476,0,254,3759,1024,807,105,0,0,140,-256,997,298,-73
2026-02-05,26,37576,A,38780,34824,4562,6417,1170,22476,0,251,3731,990,796,102,0,0,139,-251,998,299,-102
2026-02-05,27,37588,A,39478,34859,4518,6417,1078,22476,0,248,3954,896,853,102,0,0,-307,-633,998,500,-102
2026-02-05,28,37740,A,39714,34933,4510,6417,839,22476,0,246,4012,883,854,102,0,0,-326,-700,998,512,-102
2026-02-05,29,37466,A,40059,34647,4439,6417,719,22476,0,252,3956,751,749,-427,0,0,-269,-943,998,401,-102
2026-02-05,30,37752,A,40518,34998,4439,6417,583,22476,0,254,4256,733,748,-492,0,0,-271,-980,998,391,-169
2026-02-05,31,38027,A,42080,35298,4336,6417,429,22476,0,268,4337,1086,938,-1053,0,0,-759,-1064,998,341,-309
2026-02-05,32,38866,A,43140,36093,4328,6417,219,22476,0,397,4126,1137,953,-1081,0,0,-782,-1087,998,332,-327
2026-02-05,33,39186,A,43731,36340,4235,6417,75,22476,0,409,3981,1225,990,-1089,0,0,-837,-1240,998,149,-370
2026-02-05,34,39905,A,44391,37067,4275,6417,6,22476,0,229,4235,1237,986,-1088,-16,0,-839,-1229,998,129,-485
2026-02-05,35,40782,A,45163,37728,4233,6417,0,22476,0,161,3846,924,772,-1051,-146,0,-963,-838,987,-138,-484
2026-02-05,36,40833,A,45211,37705,4194,6417,0,22476,0,26,3770,879,753,-1050,-298,0,-968,-767,972,-157,-512
2026-02-05,37,40379,A,44433,37252,4135,6417,0,22476,0,3,3550,698,618,-1046,-365,0,-899,-480,507,-147,-514
2026-02-05,38,39645,A,43647,36560,4147,6417,0,22476,0,5,3344,672,614,-1042,-354,0,-889,-444,484,-154,-514
2026-02-05,39,39410,A,42692,36562,4000,6417,0,22476,0,15,3305,691,821,-617,-377,0,-279,-437,728,-444,-513
2026-02-05,40,38465,A,41561,35751,3997,6417,0,22476,0,13,3381,695,838,-598,-232,0,-248,-456,749,-467,-482
2026-02-05,41,36762,A,40300,34214,3941,6417,0,22476,0,11,3481,1186,958,-560,-117,0,-445,-714,918,-578,-513
2026-02-05,42,35177,A,38885,32750,3897,6417,0,22476,0,11,3410,1257,965,-558,-223,0,-452,-761,930,-589,-514
2026-02-05,43,33350,A,37300,31078,3823,6417,0,22476,0,9,3430,1175,942,-540,-245,0,-403,-954,915,-709,-490
2026-02-05,44,31722,A,35865,29573,3790,6417,0,22476,0,9,3338,1163,941,-539,-350,0,-402,-1009,916,-721,-513
2026-02-05,45,29789,A,34642,27806,3704,6417,0,22476,0,8,3678,1193,970,-684,-245,0,-569,-1401,981,-833,-513
2026-02-05,46,28176,A,32860,26316,3672,6417,0,22476,0,9,3811,1198,973,-690,-95,0,-574,-1446,986,-842,-428
2026-02-05,47,26442,A,30383,24703,3569,6417,0,22476,0,9,3780,1469,990,-544,15,0,-254,-1390,997,-841,-303
2026-02-05,48,25802,A,29587,24081,3500,6417,0,22481,0,9,3743,1507,992,-542,1,0,-242,-1368,998,-835,-189
2026-02-06,1,25995,A,29379,24314,3372,6417,0,22481,0,9,3518,1507,992,-542,-55,0,-139,-1183,998,-590,-266
2026-02-06,2,26679,A,29866,25135,3361,6417,0,22481,0,9,3682,1507,992,-542,-10,0,-135,-1150,998,-578,-163
2026-02-06,3,26220,A,29394,24678,3367,6417,0,22481,0,366,3480,1507,992,-314,0,0,37,-1017,998,-773,-104
2026-02-06,4,25692,A,28948,24153,3378,6417,0,22481,0,480,3306,1507,992,-305,0,0,43,-1030,998,-789,-52
2026-02-06,5,25306,A,29070,23785,3389,6417,0,22481,0,491,3518,1507,992,-319,0,0,167,-1405,998,-897,-52
2026-02-06,6,25172,A,28911,23631,3379,6417,0,22481,0,467,3858,1507,992,-320,0,0,170,-1451,997,-892,-9
2026-02-06,7,24705,A,28350,23242,3385,6417,0,22481,0,625,3783,1507,992,-357,0,0,-134,-1451,998,-434,-44
2026-02-06,8,24153,A,27836,22694,3412,6417,0,22481,0,624,3779,1507,992,-359,0,0,-147,-1452,997,-410,-91
2026-02-06,9,23756,A,28231,22330,3387,6417,0,22481,0,622,3767,1508,992,-578,0,0,-507,-1453,998,-684,-31
2026-02-06,10,23635,A,28460,22110,3374,6417,0,22481,0,881,3646,1507,992,-590,0,0,-525,-1453,998,-705,-71
2026-02-06,11,24216,A,29944,22674,3239,6417,0,22481,0,803,3489,1508,992,-1068,0,0,-1000,-1453,998,-804,23
2026-02-06,12,25118,A,31056,23500,3198,6417,0,22481,0,888,3704,1508,992,-1091,0,0,-1022,-1453,996,-816,-68
2026-02-06,13,27383,A,33128,25588,3120,6417,0,22481,0,367,3710,1365,974,-1092,-15,-19,-1022,-1453,941,-982,-195
2026-02-06,14,29680,A,35702,27715,3076,6417,0,22481,0,246,3971,1344,971,-1091,-144,-129,-1022,-1453,936,-995,-342
2026-02-06,15,32920,A,38989,30750,2990,6417,0,22481,0,18,4051,1100,921,-1069,-285,-64,-1022,-1453,912,-1076,-482
2026-02-06,16,34230,A,40396,31900,2908,6417,0,22481,0,17,3944,1065,919,-1067,-282,-129,-1022,-1453,912,-1082,-514
2026-02-06,17,35703,A,42176,33194,2832,6417,31,22481,0,20,3878,1453,987,-1092,-410,-280,-1022,-1453,993,-1082,-514
2026-02-06,18,36417,A,43055,33839,2770,6417,173,22481,0,19,4238,1509,992,-1092,-451,-407,-1020,-1453,998,-1082,-514
2026-02-06,19,37299,A,43542,34640,2846,6417,375,22481,0,14,4427,1508,992,-1092,-451,-354,-675,-1453,998,-1090,-514
2026-02-06,20,37717,A,44114,34839,2858,6417,622,22481,0,67,4339,1508,992,-1092,-451,-467,-661,-1453,998,-1092,-514
2026-02-06,21,37771,A,44092,34947,2820,6417,880,22481,0,169,4338,1507,992,-1093,-451,-526,-423,-1453,997,-1092,-514
2026-02-06,22,37821,A,44097,34936,2787,6417,1043,22481,0,167,4302,1507,992,-1093,-451,-497,-411,-1451,998,-1092,-514
2026-02-06,23,37830,A,43519,34974,2749,6417,1197,22481,0,166,4023,1507,992,-922,-451,-531,12,-1422,998,-1092,-505
2026-02-06,24,37688,A,43371,34860,2676,6417,1305,22481,0,166,4027,1507,992,-916,-451,-531,25,-1414,998,-1092,-513
2026-02-06,25,37535,A,43471,34619,2581,6417,1372,22481,0,165,3900,1508,992,-688,-451,-531,-553,-1355,999,-1079,-514
2026-02-06,26,37286,A,43237,34337,2475,6417,1625,22481,0,166,3894,1508,992,-678,-451,-531,-581,-1354,998,-1076,-514
2026-02-06,27,37369,A,43458,34432,2348,6417,1623,22481,0,165,3812,1508,992,-669,-392,-531,-749,-1442,999,-1027,-514
2026-02-06,28,37267,A,43325,34263,2299,6417,1523,22481,0,165,3748,1509,992,-670,-361,-531,-755,-1453,998,-1009,-514
2026-02-06,29,37125,A,42982,34027,2246,6417,1293,22481,0,164,3746,1508,992,-1053,-361,-531,-706,-1453,998,-475,-514
2026-02-06,30,36795,A,42641,33763,2267,6417,1145,22481,0,168,3832,1508,992,-1064,-361,-531,-705,-1453,998,-450,-514
2026-02-06,31,36446,A,42062,33453,2230,6417,819,22481,0,169,3889,1508,992,-462,-361,-531,-635,-1453,998,-891,-514
2026-02-06,32,36963,A,42582,33964,2234,6417,477,22481,0,166,3903,1507,992,-429,-385,-531,-631,-1448,998,-916,-513
2026-02-06,33,37833,A,42794,34800,2208,6417,218,22481,0,168,3911,1507,992,-216,-451,-531,-325,-1397,998,-759,-514
2026-02-06,34,38953,A,43840,35852,2254,6417,47,22481,0,168,4136,1507,992,-208,-452,-531,-313,-1362,998,-739,-514
2026-02-06,35,39859,A,44243,36680,2294,6417,0,22481,0,21,4026,1507,992,-304,-451,-531,-534,-1006,998,-423,-514
2026-02-06,36,40281,A,44557,37101,2298,6417,0,22481,0,11,4055,1507,992,-306,-452,-531,-542,-942,997,-378,-514
2026-02-06,37,40629,A,44083,37491,2213,6417,0,22481,0,11,3914,1357,974,-106,-452,-531,-556,-684,972,456,-514
2026-02-06,38,39998,A,43414,36910,2174,6417,0,22481,0,12,3912,1336,973,-104,-451,-531,-555,-649,970,511,-514
2026-02-06,39,39692,A,42553,36701,2095,6417,0,22481,0,11,3939,1485,991,247,-451,-531,-136,-618,995,397,-514
2026-02-06,40,37718,A,40553,34792,2110,6417,0,22481,0,10,3774,1507,992,271,-451,-531,-118,-611,997,390,-514
2026-02-06,41,36380,A,39068,33654,2081,6417,0,22481,0,12,3604,1506,992,223,-451,-531,8,-580,997,443,-514
2026-02-06,42,35407,A,38080,32794,2085,6417,0,22481,0,11,3510,1506,992,221,-452,-531,13,-565,997,430,-514
2026-02-06,43,33833,A,36552,31353,2065,6417,0,22481,0,11,3470,1506,992,104,-452,-531,52,-414,997,-197,-514
2026-02-06,44,31955,A,34854,29623,2045,6417,0,22481,0,139,3313,1507,992,102,-452,-531,53,-426,998,-237,-514
2026-02-06,45,30303,A,33730,28049,2012,6417,0,22481,0,244,3185,1506,992,-162,-451,-531,98,-809,998,-117,-513
2026-02-06,46,28921,A,32463,26756,2004,6417,0,22481,0,410,2937,1506,992,-176,-452,-531,100,-830,997,-108,-435
2026-02-06,47,27854,A,31041,25707,1927,6417,0,22481,0,407,3107,1506,992,-189,-452,-531,78,-471,997,-88,-449
2026-02-06,48,27004,A,30190,24874,1900,6417,0,22481,0,410,2895,1506,992,-189,-452,-531,80,-408,997,-82,-514
2026-02-07,1,27374,A,30042,25269,1778,6417,0,22481,0,409,2733,1504,992,344,-451,-531,507,-163,997,46,-514
2026-02-07,2,27935,A,30582,25905,1765,6417,0,22481,0,409,2732,1504,992,385,-451,-531,525,-143,997,54,-513
2026-02-07,3,27305,A,30092,25325,1758,6417,0,22481,0,411,2725,1504,992,520,-451,-531,718,-280,997,2,-514
2026-02-07,4,26715,A,29532,24833,1775,6417,0,22481,0,409,2897,1504,992,524,-452,-531,725,-311,996,0,-514
2026-02-07,5,25718,A,28909,23888,1797,6417,0,22481,0,612,3128,1504,992,145,-452,-531,870,-482,996,0,-514
2026-02-07,6,25248,A,28310,23424,1758,6417,0,22481,0,440,3169,1504,992,129,-452,-531,876,-525,997,0,-514
2026-02-07,7,24833,A,28167,23058,1772,6417,0,22481,0,441,3577,1504,992,103,-452,-531,993,-796,997,0,-514
2026-02-07,8,24381,A,27764,22636,1740,6417,0,22481,0,439,3709,1504,992,103,-451,-531,997,-848,996,0,-514
2026-02-07,9,24108,A,27823,22332,1717,6417,0,22481,0,436,3751,1505,992,-97,-452,-531,779,-1085,996,0,-514
2026-02-07,10,23850,A,27606,22012,1682,6417,0,22481,0,436,3634,1504,992,-104,-451,-531,770,-1113,997,-7,-514
2026-02-07,11,23600,A,27942,21712,1644,6417,0,22481,0,211,3554,1506,992,-608,-452,-531,435,-1097,996,-329,-514
2026-02-07,12,23649,A,28024,21740,1640,6417,0,22481,0,171,3485,1505,992,-688,-452,-531,415,-1065,997,-354,-514
2026-02-07,13,24413,A,28836,22438,1645,6417,0,22481,0,169,3356,1507,992,-932,-452,-475,-154,-677,997,-450,-514
2026-02-07,14,25446,A,29672,23368,1694,6417,0,22481,0,15,3243,1506,992,-942,-426,-468,-182,-637,997,-454,-502
2026-02-07,15,27086,A,31224,24875,1672,6417,0,22481,0,15,3217,1507,992,-1003,-303,-328,-370,-751,996,-351,-417
2026-02-07,16,27750,A,31865,25448,1695,6417,16,22481,0,15,3064,1506,992,-986,-300,-239,-365,-768,996,-341,-501
2026-02-07,17,29474,A,32689,27031,1659,6417,175,22481,0,15,2661,1504,992,-203,-432,-372,311,-817,997,-262,-514
2026-02-07,18,30770,A,34059,28148,1634,6417,387,22481,0,15,2437,1504,992,-161,-450,-508,350,-795,997,-247,-513
2026-02-07,19,32275,A,34825,29473,1640,6417,774,22481,0,15,2142,1503,992,445,-450,-531,711,-440,996,83,-514
2026-02-07,20,32754,A,35270,29895,1632,6417,1244,22481,0,15,2137,1503,992,512,-450,-531,726,-406,997,110,-514
2026-02-07,21,33241,A,35869,30279,1627,6417,1339,22481,0,15,1744,1502,992,950,-450,-510,1006,-539,997,256,-514
2026-02-07,22,33355,A,36020,30305,1648,6417,1553,22481,0,15,1531,1503,992,970,-450,-531,1017,-555,997,265,-514
2026-02-07,23,33937,A,36591,30854,1690,6417,1876,22481,0,14,1479,1502,992,1006,-450,-531,1016,-545,997,212,-514
2026-02-07,24,34112,A,36773,30931,1706,6417,1929,22481,0,13,1353,1502,992,1008,-450,-531,1017,-553,997,208,-514
2026-02-07,25,34291,A,37061,31012,1684,6417,1973,22481,0,10,1134,1503,992,1076,-450,-531,1017,-665,996,195,-514
2026-02-07,26,34220,A,37031,30937,1691,6417,2008,22481,0,8,1035,1503,992,1079,-450,-531,1017,-708,997,187,-514
2026-02-07,27,33940,A,37161,30639,1673,6417,1912,22481,0,8,943,1503,992,936,-450,-531,892,-1068,997,-50,-514
2026-02-07,28,33789,A,37076,30426,1646,6417,1549,22481,0,8,805,1503,992,900,-450,-531,886,-1114,997,-70,-514
2026-02-07,29,33330,A,36783,29969,1657,6417,1573,22481,0,10,1095,1504,992,130,-450,-531,596,-1118,997,-230,-514
2026-02-07,30,33198,A,36693,29882,1697,6417,1446,22481,0,14,947,1504,992,102,-450,-531,570,-1117,997,-257,-526
2026-02-07,31,33231,A,38105,29975,1691,6417,1089,22481,0,12,1297,1507,992,-634,-450,-531,-189,-1099,998,-845,-514
2026-02-07,32,33375,A,38430,30144,1711,6417,644,22481,0,13,1243,1506,992,-762,-450,-531,-234,-1066,997,-885,-514
2026-02-07,33,33792,A,38552,30562,1734,6417,311,22481,0,18,1234,1505,992,-1047,-450,-531,-30,-678,997,-892,-514
2026-02-07,34,34933,A,39613,31654,1787,6417,49,22481,0,19,1471,1506,992,-1058,-450,-531,-22,-599,997,-887,-514
2026-02-07,35,36348,A,39938,33011,1860,6417,0,22481,0,16,1611,1505,992,-637,-450,-531,64,-220,997,-622,-514
2026-02-07,36,36779,A,40254,33423,1909,6417,0,22481,0,14,1758,1506,992,-618,-450,-531,67,-162,996,-586,-514
2026-02-07,37,36912,A,39594,33641,1906,6417,0,22481,0,14,1805,1506,992,-509,-450,-531,-42,-22,996,35,-514
2026-02-07,38,36550,A,39232,33371,1951,6417,0,22481,0,14,1749,1506,992,-505,-450,-531,-47,-21,998,67,-514
2026-02-07,39,35651,A,39063,32597,1990,6417,0,22481,0,16,1991,1506,992,-766,-450,-531,18,-224,997,-311,-514
2026-02-07,40,34577,A,38086,31644,2009,6417,0,22481,0,17,1886,1506,992,-777,-450,-531,20,-280,997,-340,-514
2026-02-07,41,33593,A,37508,30808,1972,6417,0,22481,0,18,2040,1506,992,-637,-450,-531,-57,-662,997,-446,-514
2026-02-07,42,32453,A,36423,29726,2062,6417,0,22481,0,16,1941,1506,992,-631,-450,-531,-60,-723,996,-445,-514
2026-02-07,43,31324,A,35028,28687,2173,6417,0,22481,0,16,1793,1507,992,-301,-450,-531,-254,-889,978,-150,-513
2026-02-07,44,30082,A,33826,27590,2274,6417,0,22481,0,16,1993,1507,992,-287,-450,-531,-261,-937,977,-129,-533
2026-02-07,45,28410,A,32555,26019,2245,6417,0,22481,0,16,2010,1507,992,-261,-450,-531,-360,-1277,996,-136,-514
2026-02-07,46,27325,A,31481,24986,2290,6417,0,22481,0,13,2311,1507,992,-260,-450,-531,-360,-1289,997,-140,-513
2026-02-07,47,26049,A,29733,23833,2229,6417,0,22481,0,262,2302,1507,992,-150,-450,-531,105,-897,980,-280,-514
2026-02-07,48,25660,A,29283,23485,2212,6417,0,22481,0,280,2305,1507,992,-146,-450,-531,126,-817,979,-285,-514
2026-02-08,1,26297,A,29343,24156,2105,6417,0,22481,0,286,2177,1506,992,-106,-450,-531,375,-434,996,-125,-514
2026-02-08,2,26688,A,29658,24666,2103,6417,0,22481,0,284,2210,1506,992,-104,-450,-531,385,-362,997,-125,-514
2026-02-08,3,26385,A,29717,24509,2032,6417,0,22481,0,537,2097,1506,992,-106,-450,-531,687,-62,997,-532,-514
2026-02-08,4,25381,A,28732,23600,2047,6417,0,22481,0,555,1895,1506,992,-106,-450,-531,699,-30,996,-566,-513
2026-02-08,5,24784,A,28303,23056,2003,6417,0,22481,0,550,1879,1506,992,-2,-450,-531,835,-93,997,-779,-514
2026-02-08,6,24227,A,27770,22500,1979,6417,0,22481,0,550,1830,1506,992,0,-450,-531,840,-103,997,-795,-514
2026-02-08,7,23245,A,26839,21609,1913,6417,0,22481,0,544,1857,1506,992,0,-450,-531,572,-118,997,-837,-514
2026-02-08,8,22850,A,26446,21198,1864,6417,0,22481,0,544,1927,1507,992,0,-450,-531,561,-124,998,-833,-514
2026-02-08,9,22435,A,25574,20762,1707,6417,0,22481,0,294,1821,1507,992,0,-450,-531,431,-185,998,-565,-514
2026-02-08,10,22223,A,25330,20511,1662,6417,0,22481,0,279,1812,1507,992,0,-450,-531,410,-189,998,-544,-514
2026-02-08,11,22054,A,25802,20334,1573,6417,0,22481,0,277,1953,1509,992,-398,-450,-531,-369,-159,998,-461,-503
2026-02-08,12,21898,A,25605,20222,1550,6417,0,22481,0,279,2099,1509,992,-448,-450,-531,-415,-146,998,-456,-382
2026-02-08,13,22453,A,26075,20743,1529,6417,0,22481,0,277,2073,1509,992,-497,-450,-531,-488,-22,998,-527,-230
2026-02-08,14,23344,A,26841,21622,1547,6417,0,22481,0,277,2229,1508,992,-499,-450,-531,-491,-34,998,-536,-79
2026-02-08,15,24319,A,27895,22560,1521,6417,0,22481,0,21,2265,1500,992,-592,-450,-531,-331,-387,997,-663,-1
2026-02-08,16,25120,A,28721,23315,1519,6417,21,22481,0,11,2385,1499,992,-595,-450,-531,-324,-418,997,-672,0
2026-02-08,17,26442,A,29663,24518,1472,6417,333,22481,0,11,2277,1506,992,-671,-450,-531,43,-253,998,-705,0
2026-02-08,18,27400,A,30532,25369,1424,6417,821,22481,0,13,2133,1283,992,-625,-450,-531,59,-217,998,-696,0
2026-02-08,19,28777,A,30655,26505,1477,6417,1306,22481,0,13,2084,1002,992,94,-451,-531,337,-30,998,-253,0
2026-02-08,20,29484,A,31299,27040,1401,6417,1783,22481,0,13,1974,1340,992,105,-451,-531,349,-7,998,-213,0
2026-02-08,21,30320,A,31919,27734,1255,6417,2375,22481,0,12,1832,1502,992,826,-451,-531,631,-5,998,110,0
2026-02-08,22,30464,A,32062,27877,1243,6417,2628,22481,0,11,1832,1502,992,906,-451,-531,642,-5,998,133,0
2026-02-08,23,30803,A,32400,28150,1271,6417,2863,22481,0,9,1880,1502,992,903,-451,-531,704,-5,998,173,-1
2026-02-08,24,31394,A,32989,28700,1298,6417,3119,22481,0,6,1741,1502,992,903,-451,-531,706,-6,998,184,-1
2026-02-08,25,31962,A,33556,29225,1330,6417,3016,22481,0,6,1747,1502,992,749,-451,-531,694,-5,998,469,-1
2026-02-08,26,32287,A,33876,29580,1322,6417,2777,22481,0,6,1739,1503,992,743,-451,-531,693,16,998,481,-1
2026-02-08,27,32363,A,33952,29668,1288,6417,3013,22481,0,6,1759,1502,992,906,-451,-531,825,270,998,197,-1
2026-02-08,28,32605,A,34194,29845,1279,6417,2427,22481,0,7,1590,1502,992,911,-451,-531,825,282,997,165,0
2026-02-08,29,32534,A,34291,29744,1281,6417,2132,22481,0,11,1658,1503,992,687,-451,-531,303,28,997,-164,0
2026-02-08,30,32929,A,34734,30176,1260,6417,1734,22481,0,11,1566,1503,992,680,-451,-531,279,-16,999,-196,0
2026-02-08,31,33571,A,35840,30844,1291,6417,1243,22481,0,12,1509,1503,992,172,-451,-531,556,-163,998,-511,-1
2026-02-08,32,34316,A,36597,31501,1289,6417,695,22481,0,15,1288,1503,992,147,-451,-531,566,-152,998,-532,0
2026-02-08,33,35139,A,37449,32198,1272,6417,302,22481,0,12,1192,1503,992,-197,-451,-531,183,224,998,-519,0
2026-02-08,34,36194,A,38517,33058,1291,6417,62,22481,0,12,1109,1503,992,-214,-451,-531,167,295,998,-515,0
2026-02-08,35,37506,A,39924,34148,1253,6417,0,22481,0,9,1255,1504,992,-321,-451,-531,-64,609,998,-421,-21
2026-02-08,36,38167,A,40561,34769,1284,6417,0,22481,0,9,1304,1503,990,-325,-451,-531,-73,664,998,-405,0
2026-02-08,37,37635,A,39791,34306,1246,6417,0,22481,0,10,1213,1504,923,-123,-451,-531,-397,870,995,-44,0
2026-02-08,38,37278,A,39417,34012,1324,6417,0,22481,0,11,1164,1504,921,-115,-451,-531,-409,866,996,-22,0
2026-02-08,39,36560,A,38464,33358,1307,6417,0,22481,0,15,1247,1502,988,-1,-451,-531,-130,493,998,-176,0
2026-02-08,40,35904,A,37836,32834,1331,6417,0,22481,0,14,1422,1501,992,0,-451,-531,-119,416,998,-198,-19
2026-02-08,41,34438,A,37161,31530,1328,6417,0,22481,0,17,1332,1504,992,-103,-451,-531,-352,41,999,-669,0
2026-02-08,42,33086,A,35888,30205,1359,6417,0,22481,0,20,1258,1504,991,-108,-451,-531,-361,-36,996,-695,0
2026-02-08,43,31603,A,34712,28852,1372,6417,0,22481,0,17,1386,1472,959,-173,-451,-531,-470,-404,906,-463,0
2026-02-08,44,30198,A,33374,27578,1354,6417,0,22481,0,19,1365,1468,955,-176,-451,-531,-474,-477,899,-448,0
2026-02-08,45,28786,A,32251,26335,1277,6417,0,22481,0,19,1412,1335,892,-288,-451,-531,-301,-808,851,-467,0
2026-02-08,46,27261,A,30827,24891,1258,6417,0,22481,0,56,1296,1316,886,-294,-452,-531,-295,-872,849,-466,0
2026-02-08,47,25568,A,29709,23238,1226,6417,0,22481,0,125,1401,1304,826,-699,-451,-463,-258,-1148,883,-330,-67
2026-02-08,48,25006,A,29402,22724,1215,6417,0,22486,0,279,1440,1303,824,-717,-452,-360,-257,-1193,887,-321,-217
2026-02-09,1,25496,A,29707,23178,1190,6417,0,22486,0,90,1211,1347,880,-600,-451,-277,-185,-1322,922,-320,-366
2026-02-09,2,26303,A,30902,23987,1152,6417,0,22486,0,278,1757,1353,887,-595,-452,-332,-183,-1342,926,-321,-496
2026-02-09,3,26010,A,30494,23708,1108,6417,0,22486,0,278,1656,1484,985,-485,-451,-354,-107,-1377,993,-318,-514
2026-02-09,4,25446,A,29910,23207,1103,6417,0,22486,0,280,1504,1503,992,-481,-452,-340,-105,-1384,998,-308,-514
2026-02-09,5,25156,A,29087,22988,1085,6417,0,22486,0,99,1522,1503,992,-377,-451,-445,55,-1445,997,12,-514
2026-02-09,6,24920,A,28936,22770,1099,6417,0,22486,0,279,1560,1503,992,-373,-452,-345,61,-1453,998,30,-514
2026-02-09,7,24193,A,27925,22124,1210,6417,0,22486,0,134,1241,1504,992,-248,-452,-225,-44,-1453,998,-62,-514
2026-02-09,8,24078,A,27950,22019,1224,6417,0,22486,0,277,1373,1503,992,-243,-451,-199,-47,-1452,998,-89,-514
2026-02-09,9,23889,A,28528,21882,1158,6417,0,22486,0,140,1622,1504,992,-394,-452,-78,-282,-1453,997,-726,-514
2026-02-09,10,23741,A,28560,21659,1162,6417,0,22486,0,283,1626,1504,983,-418,-452,-19,-302,-1453,990,-778,-514
2026-02-09,11,23730,A,29897,21636,1171,6417,0,22486,0,35,2197,1099,677,-1070,-409,-47,-985,-1453,721,-1072,-496
2026-02-09,12,24761,A,30738,22589,1184,6417,0,22486,0,22,2064,1040,651,-1093,-264,-66,-1021,-1453,699,-1093,-365
2026-02-09,13,27468,A,33235,25051,1220,6417,0,22486,0,136,2344,577,467,-1093,-121,0,-1021,-1453,487,-1093,-250
2026-02-09,14,30033,A,35902,27419,1317,6417,0,22486,0,81,2263,508,451,-1091,-184,0,-1018,-1453,466,-1093,-349
2026-02-09,15,33118,A,38163,30257,1387,6417,0,22486,0,17,2077,58,337,-688,-281,0,-538,-1453,181,-1093,-375
2026-02-09,16,34108,A,39336,31079,1407,6417,8,22486,0,12,1663,2,342,-671,-400,0,-517,-1453,180,-1093,-482
2026-02-09,17,35698,A,40994,32456,1380,6417,187,22486,0,11,1474,893,777,-705,-333,0,-587,-1453,753,-1093,-514
2026-02-09,18,36321,A,41717,33012,1390,6417,607,22486,0,11,1286,1026,811,-708,-427,0,-590,-1453,795,-1093,-514
2026-02-09,19,36864,A,42792,33491,1437,6417,1217,22486,0,10,1209,1448,980,-1078,-450,0,-730,-1453,986,-1093,-514
2026-02-09,20,36758,A,42755,33411,1435,6417,1847,22486,0,9,1116,1508,992,-1094,-450,-49,-735,-1453,998,-1093,-514
2026-02-09,21,36300,A,42698,32983,1441,6417,2173,22486,0,9,1064,1508,992,-1094,-450,-192,-993,-1453,998,-1093,-514
2026-02-09,22,35999,A,42413,32664,1444,6417,2736,22486,0,9,1061,1508,992,-1094,-421,-227,-1003,-1453,999,-1093,-514
2026-02-09,23,35794,A,42272,32466,1408,6417,2974,22486,0,9,1223,1508,992,-1016,-450,-371,-972,-1453,999,-1093,-514
2026-02-09,24,35161,A,41772,31797,1467,6417,2886,22486,0,9,1163,1508,992,-1014,-450,-507,-971,-1453,999,-1093,-514
2026-02-09,25,35061,A,41698,31679,1468,6417,3164,22486,0,9,1062,1508,992,-1000,-450,-531,-987,-1453,999,-1093,-514
2026-02-09,26,34927,A,41563,31530,1480,6417,2950,22486,0,9,1153,1508,992,-999,-450,-531,-987,-1453,998,-1093,-514
2026-02-09,27,35191,A,41851,31780,1478,6417,2767,22486,0,9,1194,1508,992,-1024,-450,-531,-986,-1453,998,-1093,-514
2026-02-09,28,35379,A,42038,31934,1451,6417,2335,22486,0,11,1107,1508,992,-1025,-450,-531,-982,-1453,999,-1093,-514
2026-02-09,29,35585,A,41840,32257,1430,6417,2295,22486,0,13,1161,1507,992,-1091,-450,-531,-510,-1453,998,-1093,-514
2026-02-09,30,35410,A,41646,32133,1451,6417,1617,22486,0,13,1173,1507,992,-1093,-450,-531,-489,-1453,998,-1093,-514
2026-02-09,31,35368,A,41816,32142,1483,6417,964,22486,0,15,1274,1507,992,-1079,-450,-531,-713,-1453,998,-1093,-514
2026-02-09,32,36059,A,42513,32853,1533,6417,608,22486,0,12,1498,1507,992,-1078,-450,-531,-723,-1453,999,-1093,-514
2026-02-09,33,37205,A,43962,33943,1585,6417,277,22486,0,17,1335,1508,992,-1089,-450,-531,-1010,-1453,998,-1093,-514
2026-02-09,34,38528,A,45292,35247,1623,6417,50,22486,0,11,1566,1508,992,-1091,-450,-531,-1021,-1453,998,-1093,-514
2026-02-09,35,39693,A,46448,36150,1648,6417,0,22486,0,11,1500,1507,992,-1090,-450,-531,-1013,-1453,998,-1093,-514
2026-02-09,36,40747,A,47501,37030,1682,6417,0,22486,0,11,1591,1508,992,-1089,-450,-531,-1013,-1453,998,-1093,-514
2026-02-09,37,40494,A,47266,36829,1724,6417,0,22486,0,18,1621,1507,992,-1092,-450,-531,-1021,-1453,982,-1093,-514
2026-02-09,38,39749,A,46519,36246,1786,6417,0,22486,0,16,1770,1508,992,-1091,-450,-531,-1022,-1453,981,-1093,-514
2026-02-09,39,38831,A,45554,35505,1838,6417,0,22486,0,15,1816,1507,992,-1089,-450,-531,-978,-1453,997,-1093,-514
2026-02-09,40,37331,A,44053,34180,1838,6417,0,22486,0,14,1915,1508,992,-1090,-450,-531,-977,-1453,998,-1093,-514
2026-02-09,41,36086,A,42852,33093,1833,6417,0,22486,0,13,2132,1508,992,-1092,-450,-531,-1020,-1453,998,-1093,-514
2026-02-09,42,34910,A,41676,32043,1813,6417,0,22486,0,11,2183,1508,992,-1092,-450,-531,-1022,-1453,998,-1093,-514
2026-02-09,43,33559,A,40217,30721,1836,6417,0,22486,0,12,2216,1507,992,-1026,-450,-531,-992,-1453,998,-1080,-514
2026-02-09,44,31538,A,38190,28903,1830,6417,0,22486,0,12,2538,1507,992,-1024,-450,-531,-991,-1453,998,-1077,-514
2026-02-09,45,29965,A,36386,27502,1807,6417,0,22486,0,12,2696,1507,992,-983,-450,-531,-863,-1453,998,-1015,-514
2026-02-09,46,28269,A,34613,25961,1718,6417,0,22486,0,12,2888,1507,992,-981,-450,-480,-842,-1453,998,-1012,-514
2026-02-09,47,27023,A,32418,24826,1562,6417,0,22486,0,12,2974,1506,992,-942,-382,-379,-71,-1453,997,-1085,-471
2026-02-09,48,26013,A,31205,23930,1538,6417,0,22490,0,12,3022,1506,992,-940,-330,-246,-24,-1439,997,-1090,-511
2026-02-10,1,26280,A,31334,24179,1475,6417,0,22490,0,12,2997,1505,991,-932,-351,-292,318,-1263,997,-1090,-514
2026-02-10,2,27046,A,31980,25024,1478,6417,0,22490,0,12,3330,1505,991,-932,-351,-195,331,-1240,997,-1090,-514
2026-02-10,3,27271,A,32553,25285,1550,6417,0,22490,0,271,3397,1504,991,-966,-351,-251,500,-1239,997,-1090,-514
2026-02-10,4,26737,A,32128,24806,1595,6417,0,22490,0,443,3309,1505,991,-968,-351,-186,506,-1239,997,-1090,-514
2026-02-10,5,26282,A,31827,24448,1555,6417,0,22490,0,613,3441,1505,991,-834,-351,-304,523,-1239,997,-1090,-514
2026-02-10,6,25918,A,31404,24061,1570,6417,0,22490,0,611,3441,1504,991,-829,-351,-252,523,-1239,996,-1090,-514
2026-02-10,7,25287,A,30864,23496,1540,6417,0,22490,0,611,3397,1505,991,-901,-413,-209,253,-1239,997,-1090,-514
2026-02-10,8,24597,A,30287,22864,1601,6417,0,22490,0,694,3516,1506,991,-904,-450,-184,230,-1254,996,-1090,-514
2026-02-10,9,24077,A,30582,22388,1573,6417,0,22490,0,662,3567,1508,991,-1063,-450,-221,-474,-1431,997,-1090,-514
2026-02-10,10,23817,A,30264,22157,1569,6417,0,22490,0,647,3541,1507,991,-1068,-432,-139,-516,-1453,997,-1090,-502
2026-02-10,11,24325,A,30895,22631,1498,6417,0,22490,0,627,3605,1508,991,-1075,-303,-16,-1000,-1453,998,-1090,-406
2026-02-10,12,25272,A,31889,23504,1536,6417,0,22490,0,687,3844,1508,991,-1075,-201,0,-1021,-1453,995,-1093,-487
2026-02-10,13,27688,A,34091,25840,1585,6417,0,22490,0,491,4049,1298,964,-1093,-220,0,-1021,-1453,900,-1094,-431
2026-02-10,14,30346,A,36467,28346,1622,6417,0,22490,0,17,4169,1267,948,-1093,-349,0,-1022,-1453,895,-1094,-493
2026-02-10,15,32764,A,38742,30563,1662,6417,0,22490,0,11,4164,814,462,-1090,-305,0,-1021,-1453,931,-1093,-405
2026-02-10,16,34188,A,40367,31848,1678,6417,3,22490,0,12,4015,749,439,-1089,-419,0,-1022,-1453,929,-1094,-490
2026-02-10,17,35306,A,41564,32686,1801,6417,89,22490,0,14,4022,791,796,-1088,-450,-25,-1021,-1453,792,-1093,-514
2026-02-10,18,35990,A,42274,33315,1801,6417,349,22490,0,9,4058,798,825,-1088,-450,-55,-1021,-1453,789,-1094,-514
2026-02-10,19,36744,A,42865,33980,1839,6417,708,22490,0,15,3968,1418,981,-1087,-450,-144,-765,-1453,985,-1093,-514
2026-02-10,20,36876,A,42993,34126,1856,6417,1066,22490,0,13,3974,1508,991,-1087,-450,-152,-755,-1453,998,-1093,-514
2026-02-10,21,36895,A,42668,34140,1842,6417,1320,22490,0,10,3988,1508,991,-968,-451,-124,-559,-1453,999,-1094,-514
2026-02-10,22,36714,A,42448,33986,1837,6417,1356,22490,0,9,4033,1508,991,-956,-451,-106,-552,-1453,998,-1093,-514
2026-02-10,23,36627,A,41859,33875,1853,6417,1598,22490,0,11,3801,1507,991,-351,-451,-255,-504,-1453,999,-1093,-514
2026-02-10,24,36712,A,41974,33956,1895,6417,1712,22490,0,12,3898,1507,991,-318,-451,-325,-501,-1453,999,-1088,-514
2026-02-10,25,37205,A,42040,34448,1889,6417,1677,22490,0,11,3969,1507,992,-319,-451,-390,-213,-1453,999,-884,-514
2026-02-10,26,37056,A,41992,34304,1944,6417,1633,22490,0,9,3899,1505,992,-319,-451,-513,-202,-1453,998,-875,-514
2026-02-10,27,37170,A,42399,34418,1922,6417,1403,22490,0,12,3881,1506,991,-390,-451,-531,-202,-1453,998,-1076,-514
2026-02-10,28,37204,A,42452,34339,1921,6417,1094,22490,0,13,3828,1506,990,-393,-451,-531,-204,-1453,998,-1089,-514
2026-02-10,29,36697,A,42583,33887,1925,6417,910,22490,0,9,3871,1360,927,-652,-451,-531,-587,-1453,981,-1089,-514
2026-02-10,30,36792,A,42710,34026,1946,6417,632,22490,0,12,3947,1339,925,-665,-451,-531,-603,-1453,980,-1089,-514
2026-02-10,31,36881,A,43297,34123,1941,6417,544,22490,0,11,4113,1486,987,-1066,-451,-531,-701,-1453,997,-1089,-514
2026-02-10,32,37571,A,44005,34796,1964,6417,326,22490,0,8,4373,1507,991,-1083,-451,-531,-705,-1453,998,-1089,-514
2026-02-10,33,38200,A,44577,35342,2018,6417,152,22490,0,15,4367,1507,991,-1069,-451,-531,-655,-1453,998,-1089,-514
2026-02-10,34,39240,A,45606,36309,2100,6417,22,22490,0,12,4662,1507,990,-1064,-451,-531,-654,-1453,998,-1087,-514
2026-02-10,35,40489,A,46168,37475,2169,6417,0,22490,0,11,4683,1502,927,-563,-451,-531,-556,-1453,983,-1000,-514
2026-02-10,36,41313,A,46947,38289,2197,6417,0,22490,0,2,4703,1502,925,-538,-451,-531,-551,-1453,982,-994,-514
2026-02-10,37,41036,A,46110,38043,2200,6417,0,22490,0,9,4576,1505,988,-356,-451,-531,-182,-1453,997,-978,-514
2026-02-10,38,40367,A,45414,37456,2212,6417,0,22490,0,12,4518,1505,992,-350,-451,-531,-166,-1446,998,-977,-514
2026-02-10,39,39730,A,44753,36904,2178,6417,0,22490,0,14,4358,1505,992,-542,-451,-531,207,-1364,998,-1007,-514
2026-02-10,40,38643,A,43670,35900,2170,6417,0,22490,0,12,4422,1505,992,-549,-451,-531,221,-1360,998,-1010,-514
2026-02-10,41,37236,A,42406,34669,2120,6417,0,22490,0,12,4404,1505,992,-587,-451,-531,349,-1443,998,-1032,-514
2026-02-10,42,36029,A,41195,33515,2123,6417,0,22490,0,12,4508,1504,992,-588,-451,-531,353,-1434,997,-1036,-514
2026-02-10,43,34361,A,39427,32021,2085,6417,0,22490,0,10,4231,1505,992,-678,-451,-531,321,-1196,997,-1086,-514
2026-02-10,44,32474,A,37535,30312,2073,6417,0,22490,0,10,4068,1505,991,-682,-451,-531,319,-1185,997,-1088,-514
2026-02-10,45,30595,A,35795,28563,2004,6417,0,22490,0,10,4057,1506,992,-680,-451,-525,355,-1423,997,-998,-513
2026-02-10,46,28856,A,33968,26988,2021,6417,0,22490,0,10,4000,1506,992,-676,-452,-413,363,-1453,998,-994,-514
2026-02-10,47,27582,A,32086,25674,1953,6417,0,22490,0,9,3998,1504,992,-200,-383,-274,920,-1453,997,-1086,-499
2026-02-10,48,26794,A,31098,24927,1955,6417,0,22495,0,9,4073,1504,992,-177,-300,-297,947,-1439,997,-1082,-400
2026-02-11,1,26958,A,30976,25113,1959,6417,0,22495,0,9,3936,1504,991,-106,-423,-409,812,-1263,997,-721,-487
2026-02-11,2,27445,A,31358,25654,1991,6417,0,22495,0,8,3913,1504,991,-104,-447,-305,807,-1241,997,-694,-514
2026-02-11,3,26892,A,30854,25177,1952,6417,0,22495,0,9,3870,1505,991,-143,-450,-378,608,-1241,997,-627,-514
2026-02-11,4,26452,A,30533,24788,1994,6417,0,22495,0,9,3891,1505,992,-145,-450,-491,601,-1241,997,-631,-514
2026-02-11,5,25660,A,30248,24031,1958,6417,0,22495,0,9,3938,1505,992,-297,-450,-531,512,-1241,997,-946,-514
2026-02-11,6,25279,A,29897,23667,2003,6417,0,22495,0,9,4019,1505,992,-303,-450,-531,510,-1241,997,-970,-514
2026-02-11,7,24746,A,29605,23179,2080,6417,0,22495,0,9,4103,1505,992,-476,-450,-531,780,-1240,997,-1039,-514
2026-02-11,8,24288,A,29128,22700,2140,6417,0,22495,0,9,4162,1505,992,-484,-450,-484,786,-1255,997,-1044,-514
2026-02-11,9,23729,A,28932,22177,2199,6417,0,22495,0,9,4231,1506,992,-825,-430,-336,310,-1431,997,-1058,-514
2026-02-11,10,23640,A,28758,22025,2254,6417,0,22495,0,9,4206,1506,992,-839,-433,-224,267,-1453,997,-1061,-499
2026-02-11,11,24174,A,29752,22622,2178,6417,0,22495,0,9,4586,1508,992,-1081,-303,-74,-577,-1453,998,-1089,-392
2026-02-11,12,24776,A,30265,23146,2206,6417,0,22495,0,9,4566,1508,992,-1091,-160,-24,-631,-1453,997,-1092,-429
2026-02-11,13,27200,A,32662,25337,2245,6417,0,22495,0,9,4682,1508,992,-1090,-39,0,-857,-1453,997,-1092,-322
2026-02-11,14,29902,A,35547,27811,2282,6417,0,22495,0,9,4707,1508,992,-1090,-145,0,-866,-1453,998,-1092,-390
2026-02-11,15,32408,A,38322,30177,2292,6417,0,22495,0,9,4522,1508,992,-1071,-296,0,-1016,-1453,998,-1092,-377
2026-02-11,16,33274,A,39438,30883,2385,6417,4,22495,0,9,4306,1508,992,-1070,-430,0,-1022,-1453,998,-1092,-488
2026-02-11,17,34717,A,40832,32204,2354,6417,125,22495,0,10,4549,1508,992,-1040,-451,-40,-915,-1453,998,-1092,-514
2026-02-11,18,34987,A,41170,32402,2403,6417,395,22495,0,6,4341,1507,992,-1038,-451,-139,-890,-1453,998,-1092,-514
2026-02-11,19,35400,A,40874,32703,2408,6417,742,22495,0,8,4094,1506,992,-1070,-450,-253,-34,-1453,998,-1092,-514
2026-02-11,20,35324,A,40719,32547,2501,6417,1307,22495,0,8,3866,1505,992,-1071,-450,-207,20,-1453,998,-1092,-514
2026-02-11,21,35088,A,40716,32252,2438,6417,1941,22495,0,6,3845,1506,992,-1069,-451,-260,-188,-1453,998,-1087,-514
2026-02-11,22,35224,A,40906,32376,2515,6417,2219,22495,0,5,3876,1506,992,-1068,-450,-312,-195,-1453,997,-1085,-514
2026-02-11,23,34479,A,40370,31611,2535,6417,3039,22495,0,5,3658,1507,992,-883,-450,-436,-459,-1453,998,-1091,-514
2026-02-11,24,34370,A,40358,31389,2577,6417,2980,22495,0,5,3715,1506,992,-876,-450,-530,-469,-1453,998,-1091,-514
2026-02-11,25,34094,A,40340,31177,2481,6417,3361,22495,0,5,3777,1070,992,-869,-450,-531,-733,-1453,998,-1091,-514
2026-02-11,26,33914,A,40170,31067,2451,6417,3502,22495,0,5,3661,1003,992,-869,-450,-531,-743,-1453,998,-1091,-514
2026-02-11,27,34153,A,40195,31285,2418,6417,3368,22495,0,5,3648,1003,992,-865,-450,-531,-533,-1453,998,-1091,-514
2026-02-11,28,34163,A,40197,31239,2418,6417,3535,22495,0,5,3639,1003,992,-864,-450,-531,-526,-1453,998,-1091,-514
2026-02-11,29,33982,A,40026,31058,2328,6417,3054,22495,0,7,3651,1002,992,-849,-450,-531,-549,-1453,998,-1091,-514
2026-02-11,30,34168,A,40183,31307,2241,6417,2421,22495,0,9,3667,1003,992,-849,-450,-531,-518,-1453,998,-1091,-514
2026-02-11,31,34752,A,40202,31922,2100,6417,1547,22495,0,10,3739,1001,992,-801,-450,-531,463,-1453,998,-1091,-514
2026-02-11,32,35994,A,41440,33179,2070,6417,837,22495,0,8,3797,1009,992,-799,-450,-531,531,-1453,998,-1091,-514
2026-02-11,33,36830,A,42430,33984,2005,6417,456,22495,0,10,3894,1488,992,-950,-450,-531,687,-1453,998,-1092,-514
2026-02-11,34,37875,A,43364,35004,1981,6417,78,22495,0,10,4008,1502,992,-840,-450,-531,694,-1453,998,-1091,-514
2026-02-11,35,39409,A,44059,36445,1955,6417,0,22495,0,10,4071,1501,992,206,-450,-531,976,-1453,998,-1092,-514
2026-02-11,36,40187,A,44812,37247,1989,6417,0,22495,0,13,4227,1501,992,226,-450,-531,987,-1422,998,-1095,-514
2026-02-11,37,40156,A,44362,37202,2019,6417,0,22495,0,9,4069,1501,992,487,-450,-531,996,-1027,998,-1076,-513
2026-02-11,38,39699,A,43869,36748,2073,6417,0,22495,0,8,4125,1501,992,503,-450,-531,997,-996,998,-1071,-514
2026-02-11,39,39003,A,43419,36225,2055,6417,0,22495,0,9,4162,1501,992,1007,-450,-531,997,-1221,997,-1091,-514
2026-02-11,40,38304,A,42737,35639,2077,6417,0,22495,0,8,4390,1501,992,1032,-450,-531,997,-1238,997,-1092,-514
2026-02-11,41,37152,A,41383,34608,2021,6417,0,22495,0,10,4321,1501,992,940,-450,-524,888,-1095,998,-1038,-514
2026-02-11,42,35644,A,39756,33205,2039,6417,0,22495,0,9,4365,1502,992,931,-450,-445,884,-1061,998,-1033,-514
2026-02-11,43,33813,A,37741,31520,2021,6417,0,22495,0,9,4299,1502,992,359,-447,-496,742,-849,998,-1013,-514
2026-02-11,44,31964,A,35769,29878,2021,6417,0,22495,0,158,4146,1502,992,326,-345,-365,737,-816,998,-1007,-514
2026-02-11,45,30549,A,34025,28545,2048,6417,0,22495,0,371,4149,1502,992,105,-199,-212,987,-726,998,-854,-514
2026-02-11,46,28898,A,32457,27039,2064,6417,0,22495,0,564,4210,1502,992,102,-233,-65,997,-746,998,-837,-514
2026-02-11,47,27298,A,31245,25492,2080,6417,0,22495,0,566,4465,1502,992,-186,-328,0,997,-1135,997,-618,-514
2026-02-11,48,26319,A,30373,24543,2091,6417,0,22500,0,566,4467,1502,992,-202,-414,0,997,-1156,998,-602,-514
2026-02-12,1,26651,A,30446,24848,1994,6417,0,22500,0,562,4249,1502,992,-329,-416,0,997,-812,998,-562,-514
2026-02-12,2,27275,A,30926,25518,2020,6417,0,22500,0,562,4455,1502,992,-326,-298,0,997,-800,998,-551,-514
2026-02-12,3,27269,A,30638,25485,2025,6417,0,22500,0,561,4671,1502,992,108,-244,0,997,-1191,997,-259,-514
2026-02-12,4,26616,A,29939,24870,2066,6417,0,22500,0,564,4638,1502,992,117,-158,0,997,-1239,997,-248,-514
2026-02-12,5,25803,A,29671,24114,2044,6417,0,22500,0,564,4809,1502,992,-165,-206,0,997,-1239,997,-580,-514
2026-02-12,6,25609,A,29568,23897,2126,6417,0,22500,0,562,4832,1502,992,-180,-260,0,997,-1239,997,-604,-514
2026-02-12,7,24997,A,29454,23268,2059,6417,0,22500,0,563,4934,1502,992,-527,-340,0,974,-1239,997,-674,-514
2026-02-12,8,24586,A,28925,22891,2115,6417,0,22500,0,559,5184,1501,992,-541,-215,0,973,-1253,997,-684,-487
2026-02-12,9,24079,A,28916,22417,2097,6417,0,22500,0,560,5312,1502,992,-689,-175,0,933,-1431,997,-871,-511
2026-02-12,10,24079,A,28895,22352,2164,6417,0,22500,0,587,5192,1502,992,-696,-160,-17,921,-1453,997,-883,-420
2026-02-12,11,24449,A,29529,22682,2187,6417,0,22500,0,840,5215,1503,992,-1070,-24,0,263,-1453,997,-824,-269
2026-02-12,12,24941,A,29978,23152,2257,6417,0,22500,0,841,4771,1504,992,-1087,0,0,222,-1453,997,-820,-236
2026-02-12,13,27132,A,32488,25111,2304,6417,0,22500,0,834,4584,1505,992,-1087,-15,0,-338,-1453,998,-832,-197
2026-02-12,14,29617,A,35002,27346,2356,6417,0,22500,0,637,4401,1505,992,-1087,-144,-1,-366,-1453,998,-821,-276
2026-02-12,15,32599,A,37642,30037,2330,6417,0,22500,0,152,4206,1505,991,-1064,-296,-93,-640,-1453,998,-319,-426
2026-02-12,16,33852,A,39003,31051,2329,6417,32,22500,0,9,3965,1505,992,-1063,-430,-173,-632,-1453,998,-278,-513
2026-02-12,17,35217,A,39282,32224,2229,6417,272,22500,0,8,3620,1503,992,-978,-450,-41,178,-1453,998,-21,-514
2026-02-12,18,35597,A,39671,32537,2227,6417,663,22500,0,7,3042,1503,992,-971,-450,-70,232,-1453,998,-9,-514
2026-02-12,19,36316,A,40182,33142,2274,6417,1291,22500,0,7,2769,1502,992,-521,-450,-59,738,-1453,998,-262,-514
2026-02-12,20,35950,A,39872,32760,2261,6417,1483,22500,0,7,2734,1502,992,-499,-450,-106,761,-1453,998,-293,-514
2026-02-12,21,35448,A,39624,32271,2251,6417,1751,22500,0,7,2549,1502,992,-335,-404,-11,1007,-1453,998,-852,-514
2026-02-12,22,35420,A,39586,32247,2313,6417,2000,22500,0,7,2347,1502,991,-321,-384,0,997,-1453,997,-887,-514
2026-02-12,23,35387,A,38998,32186,2214,6417,2316,22500,0,7,2274,1503,992,-3,-315,0,175,-1453,998,-787,-446
2026-02-12,24,34886,A,38309,31763,2213,6417,2440,22500,0,7,2381,1503,991,0,-270,0,124,-1453,998,-783,-310
2026-02-12,25,35223,A,38730,32027,2058,6417,2450,22500,0,7,2149,1503,991,239,-249,0,177,-1453,998,-936,-262
2026-02-12,26,35275,A,38734,32136,2041,6417,2347,22500,0,7,2079,1503,992,259,-220,0,182,-1453,998,-945,-234
2026-02-12,27,35787,A,39053,32578,1913,6417,2213,22500,0,7,2282,1503,992,217,-114,0,606,-1453,998,-865,-227
2026-02-12,28,35710,A,38841,32466,1912,6417,2091,22500,0,7,2165,1503,991,215,-6,0,625,-1453,998,-858,-207
2026-02-12,29,35676,A,38723,32456,1689,6417,1936,22500,0,9,2507,1502,991,148,0,0,934,-1453,998,-831,-154
2026-02-12,30,35755,A,38725,32526,1649,6417,1687,22500,0,10,2732,1503,991,147,0,0,946,-1453,998,-829,-78
2026-02-12,31,36258,A,39248,32988,1683,6417,1201,22500,0,15,2557,1503,991,494,0,0,995,-1453,998,-815,-107
2026-02-12,32,37325,A,40313,33998,1662,6417,823,22500,0,17,2626,1502,991,508,0,0,997,-1453,998,-814,-104
2026-02-12,33,37856,A,40828,34470,1605,6417,474,22500,0,16,2284,1502,991,403,-6,0,997,-1453,998,-780,-117
2026-02-12,34,38823,A,41781,35365,1562,6417,145,22500,0,13,2622,1502,991,398,0,0,997,-1427,998,-776,-142
2026-02-12,35,40093,A,42748,36448,1402,6417,1,22500,0,14,2356,1502,991,468,-41,0,997,-1104,998,-704,-192
2026-02-12,36,40964,A,43597,37226,1380,6417,0,22500,0,10,2225,1502,991,472,-110,0,997,-1032,997,-676,-205
2026-02-12,37,41425,A,43036,37693,1316,6417,0,22500,0,14,2083,1502,991,789,-202,0,997,-644,999,128,-151
2026-02-12,38,40824,A,42321,37110,1317,6417,0,22500,0,12,2061,1502,991,797,-85,0,997,-603,998,184,-197
2026-02-12,39,40492,A,42190,36870,1237,6417,0,22500,0,8,2034,1502,991,991,-94,0,997,-687,998,220,-309
2026-02-12,40,39387,A,40998,35834,1296,6417,0,22500,0,9,2267,1501,991,999,-76,0,997,-728,997,218,-198
2026-02-12,41,37906,A,39772,34503,1227,6417,0,22500,0,13,2407,1502,991,750,-80,0,997,-1116,998,16,-57
2026-02-12,42,36962,A,38758,33673,1242,6417,0,22500,0,12,2026,1502,991,740,25,0,997,-1184,998,10,64
2026-02-12,43,35637,A,37705,32479,1269,6417,0,22500,0,12,2225,1502,991,815,-33,0,997,-1423,998,363,48
2026-02-12,44,33691,A,35755,30741,1329,6417,0,22500,0,12,2432,1502,991,814,0,0,997,-1452,998,379,65
2026-02-12,45,31920,A,34058,29146,1250,6417,0,22500,0,12,2256,1502,991,708,-36,0,997,-1453,998,88,-37
2026-02-12,46,30116,A,32167,27482,1271,6417,0,22500,0,12,2316,1502,991,703,0,0,997,-1439,998,62,41
2026-02-12,47,28610,A,30554,26059,1320,6417,0,22500,0,12,2075,1502,992,377,0,0,997,-1262,998,-70,34
2026-02-12,48,27865,A,29803,25350,1381,6417,0,22505,0,12,2162,1502,992,364,0,0,997,-1209,998,-79,-38
2026-02-13,1,28097,A,29532,25592,1367,6417,0,22505,0,12,2166,1501,992,420,0,0,950,-819,998,-4,34
2026-02-13,2,28731,A,30125,26220,1341,6417,0,22505,0,12,2190,1501,992,406,68,0,948,-772,998,-10,168
2026-02-13,3,28168,A,30046,25744,1305,6417,0,22505,0,12,2264,1503,992,-118,189,0,802,-786,998,-362,198
2026-02-13,4,27368,A,29314,24977,1272,6417,0,22505,0,12,2357,1502,992,-130,200,0,797,-813,997,-391,128
2026-02-13,5,26396,A,29211,24067,1262,6417,0,22505,0,12,2329,1502,992,-482,200,0,754,-1136,997,-585,30
2026-02-13,6,25821,A,28708,23529,1295,6417,0,22505,0,9,2483,1502,992,-497,200,0,752,-1180,996,-601,148
2026-02-13,7,25475,A,28694,23193,1271,6417,0,22505,0,9,2655,1502,992,-676,200,0,846,-1233,997,-701,183
2026-02-13,8,25277,A,28538,22943,1318,6417,0,22505,0,9,2616,1503,992,-683,200,0,850,-1253,998,-716,195
2026-02-13,9,25072,A,29063,22728,1322,6417,0,22505,0,9,2435,1502,992,-961,200,0,808,-1431,997,-990,200
2026-02-13,10,25063,A,29108,22688,1382,6417,0,22505,0,9,2316,1502,992,-972,200,0,739,-1453,997,-1011,200
2026-02-13,11,25196,A,29945,22847,1399,6417,0,22505,0,9,2535,1505,991,-1047,200,0,-556,-1453,998,-1084,200
2026-02-13,12,26160,A,31039,23773,1471,6417,0,22505,0,9,2638,1505,992,-1050,200,0,-678,-1453,998,-1089,200
2026-02-13,13,28531,A,33779,25969,1444,6417,0,22505,0,9,2537,1505,991,-1088,200,0,-1009,-1453,998,-1089,200
2026-02-13,14,31242,A,36505,28537,1465,6417,0,22505,0,9,2324,1505,983,-1090,200,0,-1022,-1453,995,-1089,200
2026-02-13,15,34011,A,39275,31002,1493,6417,0,22505,0,9,2377,1267,672,-1089,151,39,-1022,-1453,880,-1091,185
2026-02-13,16,35647,A,40901,32513,1562,6417,17,22505,0,10,1779,1226,635,-1091,21,0,-1021,-1439,865,-1093,90
2026-02-13,17,36864,A,41633,33600,1502,6417,225,22505,0,7,2267,926,85,-1090,0,0,-717,-1262,582,-1093,169
2026-02-13,18,37424,A,42145,33992,1545,6417,577,22505,0,7,2515,882,69,-1085,0,0,-697,-1239,576,-1093,91
2026-02-13,19,38186,A,41686,34645,1576,6417,1014,22505,0,7,1804,1163,824,-467,0,0,-94,-1239,954,-1093,92
2026-02-13,20,38054,A,41475,34596,1619,6417,1647,22505,0,10,1351,1204,878,-420,0,0,-61,-1239,979,-1091,11
2026-02-13,21,37791,A,40955,34351,1534,6417,2397,22505,0,15,1159,1465,939,-267,0,0,360,-1240,997,-1011,-31
2026-02-13,22,37380,A,40477,34022,1586,6417,2574,22505,0,15,876,1503,942,-260,0,0,378,-1221,998,-1001,17
2026-02-13,23,37420,A,40323,34181,1561,6417,2627,22505,0,15,1173,1407,906,-322,-55,-39,368,-991,998,-814,-67
2026-02-13,24,36903,A,39810,33733,1676,6417,2932,22505,0,13,1361,1393,905,-324,-11,-1,367,-980,998,-808,-170
2026-02-13,25,37124,A,40564,33977,1707,6417,3088,22505,0,13,1478,1484,986,-359,0,0,552,-1211,998,-1048,-209
2026-02-13,26,36753,A,40254,33673,1783,6417,2916,22505,0,13,1577,1497,986,-360,0,0,542,-1253,996,-1065,-210
2026-02-13,27,36304,A,40507,33311,1766,6417,2479,22505,0,13,1606,1386,789,-566,0,0,-240,-1430,926,-1090,-264
2026-02-13,28,36200,A,40445,33082,1914,6417,2210,22505,0,13,1502,1370,774,-574,0,0,-288,-1452,918,-1095,-223
2026-02-13,29,36100,A,40624,32933,1870,6417,2059,22505,0,13,1714,1318,713,-566,0,0,-591,-1453,828,-1095,-206
2026-02-13,30,35847,A,40348,32698,1977,6417,1828,22505,0,15,1754,1310,706,-569,0,0,-605,-1453,822,-1095,-164
2026-02-13,31,35840,A,41175,32704,1887,6417,1404,22505,0,15,1564,1051,642,-1064,54,0,-1005,-1453,808,-1095,-103
2026-02-13,32,36302,A,41804,33110,1928,6417,836,22505,0,15,1316,1014,641,-1089,11,0,-1021,-1453,802,-1095,-229
2026-02-13,33,37330,A,42993,33914,1943,6417,357,22505,0,14,1553,920,751,-1088,-68,-76,-1013,-1453,586,-1095,-256
2026-02-13,34,38422,A,44511,34903,2001,6417,87,22505,0,11,1384,905,751,-1087,-220,-228,-1011,-1453,571,-1084,-395
2026-02-13,35,39721,A,45145,36068,2018,6417,1,22505,0,7,1264,246,477,-690,-371,-380,-723,-1453,541,-693,-507
2026-02-13,36,39976,A,45558,36263,2056,6417,0,22505,0,5,1179,147,460,-672,-450,-512,-712,-1453,530,-664,-514
2026-02-13,37,40125,A,45761,36343,2008,6417,0,22505,0,5,1531,164,523,-811,-451,-531,-680,-1453,206,-591,-514
2026-02-13,38,39409,A,45068,35684,2024,6417,0,22505,0,5,1384,168,532,-816,-451,-531,-675,-1453,204,-599,-529
2026-02-13,39,39030,A,44436,35329,1992,6417,0,22505,0,14,1215,679,717,-586,-451,-531,-195,-1453,815,-1062,-514
2026-02-13,40,38326,A,43725,34664,2009,6417,0,22505,0,8,1146,756,736,-577,-451,-531,-173,-1453,857,-1093,-513
2026-02-13,41,37345,A,42403,33832,1850,6417,0,22505,0,10,738,1407,975,-406,-451,-531,200,-1453,989,-1093,-514
2026-02-13,42,35635,A,40672,32241,1883,6417,0,22505,0,11,691,1503,992,-400,-451,-531,215,-1439,998,-1092,-513
2026-02-13,43,34241,A,39034,30985,1833,6417,0,22505,0,11,919,1504,991,-330,-451,-531,-5,-1262,998,-1090,-513
2026-02-13,44,32958,A,37731,29853,1789,6417,0,22505,0,11,809,1504,991,-327,-451,-531,-9,-1240,998,-1090,-514
2026-02-13,45,31506,A,36140,28484,1682,6417,0,22505,0,11,907,1502,992,-198,-451,-531,474,-1240,998,-1090,-513
2026-02-13,46,30134,A,34763,27228,1672,6417,0,22505,0,10,956,1502,992,-193,-451,-531,496,-1240,997,-1090,-514
2026-02-13,47,28906,A,33661,26046,1611,6417,0,22505,0,8,1043,1502,992,-321,-451,-531,579,-1240,998,-1090,-514
2026-02-13,48,28119,A,32872,25304,1572,6417,0,22505,0,8,974,1502,992,-318,-451,-531,583,-1241,998,-1090,-514
2026-02-14,1,28502,A,32937,25713,1511,6417,0,22505,0,8,1055,1502,992,374,-451,-531,899,-1241,997,-1090,-514
2026-02-14,2,29056,A,33490,26361,1497,6417,0,22505,0,8,907,1502,992,421,-451,-531,911,-1240,997,-1090,-514
2026-02-14,3,28684,A,33120,26074,1416,6417,0,22505,0,8,662,1502,992,610,-451,-531,994,-1240,998,-1093,-513
2026-02-14,4,27863,A,32301,25375,1388,6417,0,22505,0,8,404,1502,992,618,-451,-531,997,-1240,998,-1094,-514
2026-02-14,5,27371,A,31807,24908,1342,6417,0,22505,0,8,446,1501,992,727,-451,-531,997,-1239,997,-1094,-513
2026-02-14,6,27060,A,31497,24606,1309,6417,0,22505,0,8,301,1501,992,730,-451,-531,997,-1240,997,-1094,-513
2026-02-14,7,26682,A,31119,24327,1236,6417,0,22505,0,8,496,1502,992,371,-451,-531,997,-1240,998,-1094,-513
2026-02-14,8,26345,A,30784,24018,1247,6417,0,22505,0,8,556,1502,992,356,-451,-531,997,-1241,997,-1094,-514
2026-02-14,9,26098,A,30536,23766,1190,6417,0,22505,0,8,627,1502,992,149,-451,-531,875,-1241,997,-1093,-514
2026-02-14,10,25880,A,30318,23517,1192,6417,0,22505,0,8,562,1502,992,140,-451,-531,871,-1241,997,-1093,-514
2026-02-14,11,25573,A,30463,23283,1082,6417,0,22505,0,8,618,1502,992,-451,-451,-531,920,-1241,997,-1094,-514
2026-02-14,12,25879,A,30814,23548,1101,6417,0,22505,0,8,754,1502,992,-490,-451,-531,922,-1254,997,-1088,-513
2026-02-14,13,27183,A,31607,24732,1084,6417,0,22505,0,8,659,1502,992,159,-451,-509,928,-1431,997,-911,-514
2026-02-14,14,28486,A,32932,25906,1026,6417,0,22505,0,11,499,1502,992,173,-451,-531,928,-1440,997,-899,-514
2026-02-14,15,29653,A,33944,26915,933,6417,0,22505,0,12,189,1502,992,127,-451,-531,975,-1284,997,-899,-514
2026-02-14,16,30163,A,34403,27294,890,6417,183,22505,0,12,79,1502,992,130,-452,-531,977,-1234,997,-897,-514
2026-02-14,17,31686,A,35436,28615,800,6417,1449,22505,0,12,98,1501,992,845,-452,-511,975,-842,997,-819,-514
2026-02-14,18,31862,A,35562,28671,711,6417,3580,22505,0,10,315,1502,992,918,-451,-521,975,-787,998,-817,-514
2026-02-14,19,31086,A,34820,27760,536,6417,5508,22505,0,10,-130,1502,992,979,-451,-531,1015,-701,997,-927,-514
2026-02-14,20,30150,A,33910,26802,469,6417,7292,22505,0,6,-411,1502,992,981,-451,-531,1017,-719,997,-939,-514
2026-02-14,21,29087,A,33355,25747,404,6417,8700,22505,0,5,-654,1503,992,1050,-452,-507,962,-1108,997,-1082,-514
2026-02-14,22,28168,A,32403,24847,361,6417,9679,22505,0,7,-687,1503,992,1052,-451,-410,959,-1162,998,-1091,-514
2026-02-14,23,27644,A,31861,24337,305,6417,10335,22505,0,7,-669,1503,992,956,-450,-324,669,-1231,998,-1091,-514
2026-02-14,24,27263,A,31336,24001,285,6417,10548,22505,0,7,-706,1503,992,953,-428,-194,658,-1239,998,-1091,-514
2026-02-14,25,27243,A,31323,23997,293,6417,10175,22505,0,7,-755,1503,992,933,-451,-178,729,-1239,998,-1091,-514
2026-02-14,26,27431,A,31280,24212,302,6417,9724,22505,0,7,-544,1503,992,931,-425,-44,732,-1239,998,-1091,-443
2026-02-14,27,27698,A,31215,24474,318,6417,8793,22505,0,7,-53,1503,992,532,-289,0,823,-1239,998,-1091,-291
2026-02-14,28,28302,A,31555,25015,381,6417,7472,22505,0,7,301,1503,992,488,-162,0,826,-1253,998,-1091,-140
2026-02-14,29,28926,A,32339,25732,416,6417,6128,22505,0,7,878,1504,991,-260,-25,0,635,-1430,998,-1091,9
2026-02-14,30,30050,A,33490,26874,469,6417,4545,22505,0,7,1217,1504,992,-289,68,0,628,-1453,998,-1091,155
2026-02-14,31,31296,A,35162,28098,563,6417,2793,22505,0,14,1607,1504,992,-708,191,70,506,-1453,998,-1091,203
2026-02-14,32,32795,A,36687,29639,625,6417,1573,22505,0,20,1989,1504,992,-728,203,194,492,-1453,999,-1091,203
2026-02-14,33,34372,A,38689,31174,707,6417,686,22505,0,10,2757,1506,991,-1023,203,207,-140,-1453,999,-1091,203
2026-02-14,34,36017,A,40366,32728,834,6417,156,22505,0,5,3006,1506,987,-1036,203,207,-179,-1438,997,-1091,203
2026-02-14,35,37835,A,42542,34490,962,6417,1,22505,0,4,3268,1054,833,-1066,203,207,-693,-1253,944,-1091,203
2026-02-14,36,38865,A,43557,35514,1119,6417,0,22505,0,4,3543,988,819,-1067,203,207,-717,-1214,931,-1090,203
2026-02-14,37,38713,A,43251,35402,1244,6417,0,22505,0,4,3722,741,663,-1029,203,206,-850,-1004,584,-1051,203
2026-02-14,38,38693,A,43234,35527,1416,6417,0,22505,0,0,4025,705,650,-1028,203,204,-855,-1009,568,-1049,203
2026-02-14,39,37785,A,42910,34726,1561,6417,0,22505,0,0,4279,277,567,-1064,203,201,-970,-1402,795,-1089,203
2026-02-14,40,36365,A,41560,33578,1812,6417,0,22505,0,10,4008,215,568,-1066,202,156,-975,-1452,806,-1092,203
2026-02-14,41,35157,A,40496,32607,1899,6417,0,22505,0,104,4313,807,825,-1069,111,22,-1021,-1453,681,-1092,203
2026-02-14,42,33948,A,39353,31525,2182,6417,0,22505,0,170,4523,894,828,-1068,4,0,-1022,-1453,664,-1092,203
2026-02-14,43,32349,A,37745,30079,2545,6417,0,22505,0,170,4848,399,298,-1059,0,0,-1022,-1453,328,-1092,203
2026-02-14,44,31077,A,36493,28959,2877,6417,0,22505,0,189,4920,325,257,-1060,0,0,-1022,-1453,306,-1092,203
2026-02-14,45,29447,A,35026,27479,3036,6417,0,22505,0,353,5084,239,82,-1059,0,0,-1022,-1453,298,-1092,203
2026-02-14,46,27837,A,33598,26096,3264,6417,0,22505,0,567,4922,227,81,-1059,0,0,-1022,-1421,303,-1092,203
2026-02-14,47,26265,A,31796,24620,3417,6417,0,22505,0,791,4225,695,506,-1070,-68,-53,-830,-1027,476,-1092,178
2026-02-14,48,24894,A,30227,23315,3678,6417,0,22505,0,647,3915,765,546,-1071,-106,-10,-823,-984,495,-1092,42
2026-02-15,1,25239,A,30778,23643,3827,6417,0,22505,0,650,3572,1346,942,-1051,-182,0,-799,-1056,749,-1092,-109
2026-02-15,2,25785,A,31357,24272,3980,6417,0,22505,0,626,3904,1432,970,-1051,-69,0,-798,-1077,771,-1092,-259
2026-02-15,3,25296,A,31123,23827,4023,6417,0,22505,0,570,3902,1497,990,-1058,-69,0,-809,-1221,984,-1092,-408
2026-02-15,4,24379,A,30628,23036,4133,6417,0,22505,0,802,3778,1507,991,-1059,-221,0,-810,-1239,997,-1092,-426
2026-02-15,5,24084,A,30909,22836,4217,6417,0,22505,0,1157,4015,1507,991,-1071,-373,0,-789,-1239,997,-1092,-504
2026-02-15,6,23694,A,30687,22426,4353,6417,0,22505,0,1225,4017,1507,991,-1071,-451,0,-788,-1253,998,-1092,-513
2026-02-15,7,22860,A,30159,21769,4300,6417,0,22505,0,1251,4045,1507,991,-1071,-425,0,-916,-1431,998,-1092,-513
2026-02-15,8,22628,A,30160,21542,4355,6417,0,22505,0,1528,4268,1507,991,-1071,-353,0,-921,-1453,998,-1092,-514
2026-02-15,9,22505,A,30039,21372,4082,6417,0,22505,0,1532,3892,1507,991,-1069,-329,0,-945,-1453,997,-1092,-514
2026-02-15,10,22128,A,29636,20869,4083,6417,0,22505,0,1526,3981,1507,991,-1069,-308,0,-946,-1453,997,-1092,-514
2026-02-15,11,21987,A,29042,20662,3887,6417,0,22505,0,1242,3695,1507,991,-1071,-157,0,-974,-1453,996,-1092,-466
2026-02-15,12,21666,A,28663,20298,3891,6417,0,22505,0,1231,3595,1507,991,-1071,-67,0,-976,-1453,997,-1091,-508
2026-02-15,13,22713,A,28752,21192,3801,6417,0,22505,0,493,3533,1507,991,-1058,0,0,-972,-1453,996,-1048,-415
2026-02-15,14,23303,A,28968,21638,3759,6417,0,22505,0,325,3265,1507,991,-1058,0,0,-909,-1453,996,-1045,-275
2026-02-15,15,24719,A,29340,22842,3506,6417,0,22505,0,326,2893,1504,991,-1011,0,0,353,-1453,997,-1089,-142
2026-02-15,16,25848,A,30450,23892,3472,6417,4,22505,0,325,2878,1504,991,-997,0,0,462,-1433,997,-1078,-169
2026-02-15,17,27773,A,30757,25567,3280,6417,37,22505,0,308,2758,1503,991,-293,0,0,649,-1178,996,-547,-58
2026-02-15,18,29241,A,31872,26688,3215,6417,164,22505,0,100,2568,1503,991,-248,-17,0,655,-1116,996,-495,-55
2026-02-15,19,31532,A,33159,28831,2997,6417,352,22505,0,18,2177,1504,991,717,-126,0,673,-727,996,45,-156
2026-02-15,20,32449,A,34060,29567,2802,6417,573,22505,0,18,1934,1504,991,884,-40,0,674,-648,996,101,-305
2026-02-15,21,33688,A,34915,30686,2595,6417,738,22505,0,15,1945,1504,991,1041,0,0,674,-267,996,755,-345
2026-02-15,22,34593,A,35596,31457,2480,6417,918,22505,0,13,2021,1504,991,1047,0,0,674,-191,995,805,-199
2026-02-15,23,35541,A,36325,32231,2406,6417,1064,22505,0,13,1515,1424,991,1048,-43,0,800,186,957,977,-128
2026-02-15,24,35907,A,36577,32586,2361,6417,1114,22505,0,13,1448,1411,991,1048,-13,0,804,261,955,989,-44
2026-02-15,25,36352,A,37062,33057,2314,6417,1482,22505,0,13,1099,1304,991,1048,-97,0,914,634,961,989,68
2026-02-15,26,36414,A,37039,33085,2385,6417,1944,22505,0,13,647,1288,991,1047,-12,0,918,676,962,989,188
2026-02-15,27,36347,A,36960,32959,2280,6417,1718,22505,0,13,416,1363,991,1047,0,0,833,620,968,989,176
2026-02-15,28,35832,A,36443,32319,2202,6417,1666,22505,0,11,126,1374,991,1047,0,0,830,583,969,989,200
2026-02-15,29,35472,A,36083,31930,2046,6417,1776,22505,0,11,90,1374,991,1046,68,0,865,211,962,989,200
2026-02-15,30,35010,A,35621,31470,2041,6417,1720,22505,0,11,35,1374,991,906,87,0,866,166,962,978,200
2026-02-15,31,35057,A,35668,31537,2028,6417,1331,22505,0,11,-136,1400,991,3,1,0,806,192,995,568,188
2026-02-15,32,35370,A,35981,31878,2037,6417,1196,22505,0,11,-209,1404,991,0,6,0,803,225,997,535,200
2026-02-15,33,35913,A,36526,32422,2004,6417,771,22505,0,13,-235,1447,991,224,61,0,850,597,997,415,195
2026-02-15,34,36653,A,37266,33149,2007,6417,300,22505,0,13,109,1453,991,243,0,0,852,673,997,415,84
2026-02-15,35,38090,A,38725,34436,1949,6417,11,22505,0,13,409,1497,991,388,0,0,739,1047,996,758,-22
2026-02-15,36,38499,A,39283,34816,1975,6417,0,22505,0,11,402,1503,991,397,-15,0,735,1113,997,783,-158
2026-02-15,37,38912,A,39942,35285,1983,6417,0,22505,0,10,124,1504,991,877,-112,0,716,1365,997,782,-308
2026-02-15,38,37894,A,38987,34318,2008,6417,0,22505,0,19,-114,1505,991,901,-21,0,715,1368,997,786,-453
2026-02-15,39,36980,A,38019,33504,1993,6417,0,22505,0,17,95,1504,991,828,0,0,756,994,996,972,-422
2026-02-15,40,35682,A,36731,32273,2090,6417,0,22505,0,15,312,1504,991,742,0,0,758,918,997,985,-434
2026-02-15,41,34600,A,35536,31288,2164,6417,0,22505,0,12,573,1504,991,3,0,0,828,546,997,985,-324
2026-02-15,42,33453,A,34251,30223,2244,6417,0,22505,0,11,367,1504,991,0,-15,0,821,494,997,985,-172
2026-02-15,43,32139,A,33021,29115,2406,6417,0,22505,0,84,305,1505,991,-99,-68,0,198,431,997,977,-31
2026-02-15,44,30444,A,31280,27573,2562,6417,0,22505,0,132,589,1506,991,-104,7,0,166,396,997,973,64
2026-02-15,45,29057,A,29741,26393,2606,6417,0,22505,0,12,740,1506,991,332,32,6,-72,39,997,985,188
2026-02-15,46,27187,A,27882,24634,2723,6417,0,22505,0,14,1007,1506,991,358,0,119,-81,13,996,987,200
2026-02-15,47,25522,A,26714,23014,2692,6417,0,22505,0,103,992,1506,991,-207,67,202,-282,259,996,987,200
2026-02-15,48,24773,A,26182,22301,2686,6417,0,22510,0,296,1117,1506,992,-223,148,202,-290,285,997,990,200
2026-02-16,1,25223,A,26173,22769,2629,6417,0,22510,0,271,1076,1507,992,395,192,203,-79,240,997,991,200
2026-02-16,2,26210,A,27032,23806,2649,6417,0,22510,0,155,1228,1506,991,451,200,202,-67,234,996,991,200
2026-02-16,3,26022,A,27488,23702,2580,6417,0,22510,0,866,1386,1505,992,919,200,202,387,224,996,991,200
2026-02-16,4,25640,A,27268,23312,2597,6417,0,22510,0,1028,1110,1505,992,941,200,203,407,208,996,991,200
2026-02-16,5,25078,A,26612,22817,2509,6417,0,22510,0,934,1062,1505,992,932,136,203,439,18,997,991,200
2026-02-16,6,24678,A,26194,22419,2632,6417,0,22510,0,910,1104,1505,992,931,83,202,440,-6,996,991,200
2026-02-16,7,24311,A,25824,22089,2649,6417,0,22510,0,906,1202,1506,991,696,35,203,462,-7,996,988,200
2026-02-16,8,23718,A,25382,21523,2715,6417,0,22510,0,1040,594,1505,992,686,86,203,463,-24,996,978,200
2026-02-16,9,23422,A,25445,21311,2580,6417,0,22510,0,1181,734,1505,991,407,194,202,419,-242,996,607,200
2026-02-16,10,23391,A,25492,21257,2672,6417,0,22510,0,1210,401,1505,991,381,200,202,417,-291,996,569,200
2026-02-16,11,23402,A,25922,21298,2637,6417,0,22510,0,920,1064,1504,991,-436,200,203,613,-564,995,104,200
2026-02-16,12,24392,A,26921,22234,2712,6417,0,22510,0,810,1134,1504,991,-497,200,202,618,-622,996,63,200
2026-02-16,13,26851,A,29495,24509,2641,6417,0,22510,0,301,943,1505,991,-558,194,178,237,-927,997,-258,200
2026-02-16,14,29105,A,31866,26558,2639,6417,0,22510,0,394,986,1506,991,-560,82,59,221,-935,997,-272,152
2026-02-16,15,31696,A,33701,28886,2572,6417,0,22510,0,141,769,1506,991,-672,-30,0,46,-549,997,-13,22
2026-02-16,16,33459,A,35462,30535,2618,6417,200,22510,0,15,741,1506,991,-624,-170,-54,44,-471,997,14,-69
2026-02-16,17,35124,A,36305,32040,2496,6417,1202,22510,0,13,369,1505,991,-3,-249,-10,527,-93,997,430,-213
2026-02-16,18,35196,A,36461,32017,2614,6417,2760,22510,0,12,558,1504,991,0,-219,0,549,-76,996,458,-358
2026-02-16,19,34475,A,36217,31221,2673,6417,4249,22510,0,11,848,1505,991,423,-187,0,483,-454,997,538,-490
2026-02-16,20,33742,A,35439,30517,2772,6417,5117,22510,0,10,1140,1505,991,478,-42,0,480,-531,997,531,-514
2026-02-16,21,33508,A,35485,30300,2824,6417,5712,22510,0,10,1583,1505,991,199,0,0,421,-916,997,68,-451
2026-02-16,22,33465,A,35445,30231,2896,6417,5511,22510,0,10,2204,1506,991,187,0,0,418,-996,997,32,-374
2026-02-16,23,33605,A,35920,30401,2864,6417,5361,22510,0,10,2370,1505,991,354,0,0,412,-1391,997,0,-314
2026-02-16,24,33658,A,36098,30546,2937,6417,5033,22510,0,142,2423,1505,991,360,0,0,411,-1442,997,-13,-243
2026-02-16,25,33856,A,36611,30817,2857,6417,4718,22510,0,166,2714,1505,991,238,0,0,241,-1451,997,-370,-168
2026-02-16,26,34165,A,37007,31174,2984,6417,4333,22510,0,163,2770,1506,991,234,0,0,235,-1453,997,-406,-220
2026-02-16,27,33729,A,36973,30839,3082,6417,5294,22510,0,102,2806,1505,991,425,0,0,387,-1453,996,-877,-212
2026-02-16,28,33237,A,36370,30350,3197,6417,4287,22510,0,15,2852,1505,991,416,0,0,382,-1453,997,-913,-152
2026-02-16,29,33215,A,36800,30462,3177,6417,4659,22510,0,45,3460,1507,991,3,0,0,-274,-1453,997,-1048,-165
2026-02-16,30,33355,A,37160,30648,3266,6417,4377,22510,0,155,3557,1507,991,0,-41,0,-309,-1433,998,-1060,-207
2026-02-16,31,33917,A,38240,31221,3202,6417,3359,22510,0,18,3834,1508,991,-800,-1,0,-544,-1179,998,-1089,-92
2026-02-16,32,34671,A,39355,32005,3181,6417,2405,22510,0,26,3995,1507,991,-1009,-72,0,-551,-1116,997,-1091,-219
2026-02-16,33,35954,A,39954,33215,2991,6417,1405,22510,0,24,3979,1507,991,-1013,-109,-24,-134,-727,998,-1091,-278
2026-02-16,34,37038,A,41347,34189,2967,6417,376,22510,0,19,3879,1507,991,-1015,-249,-146,-117,-648,997,-1091,-424
2026-02-16,35,38660,A,42751,35634,2834,6417,17,22510,0,14,3635,1506,991,-1010,-400,-125,-71,-267,997,-1091,-513
2026-02-16,36,39891,A,44096,36680,2875,6417,0,22510,0,10,3314,1507,991,-1010,-452,-256,-69,-206,997,-1088,-514
2026-02-16,37,40345,A,44256,37042,2880,6417,0,22510,0,9,3259,1507,991,-851,-452,-407,-101,-28,997,-949,-514
2026-02-16,38,39869,A,43883,36648,2934,6417,0,22510,0,9,3315,1507,991,-845,-452,-523,-98,-35,997,-938,-514
2026-02-16,39,38962,A,42905,35858,2828,6417,0,22510,0,21,3295,1505,991,-553,-451,-531,348,-412,997,-861,-514
2026-02-16,40,38092,A,42098,35033,2897,6417,0,22510,0,20,3386,1506,991,-541,-451,-531,367,-489,997,-860,-514
2026-02-16,41,36494,A,40997,33663,2966,6417,0,22510,0,20,3603,1505,991,-491,-452,-531,413,-874,997,-1021,-514
2026-02-16,42,35196,A,39782,32516,3162,6417,0,22510,0,14,3951,1506,992,-489,-452,-531,414,-954,996,-1033,-513
2026-02-16,43,33788,A,38814,31310,3220,6417,0,22510,0,20,3964,1504,991,-533,-451,-531,544,-1346,996,-1032,-513
2026-02-16,44,31824,A,36990,29623,3366,6417,0,22510,0,103,4425,1505,991,-532,-452,-531,549,-1400,996,-1034,-514
2026-02-16,45,30253,A,35106,28175,3384,6417,0,22510,0,165,4497,1504,991,-134,-383,-531,521,-1446,996,-1080,-514
2026-02-16,46,28078,A,32982,26085,3475,6417,0,22510,0,301,4501,1505,992,-119,-302,-531,520,-1453,996,-1084,-514
2026-02-16,47,26463,A,31852,24562,3430,6417,0,22510,0,322,4436,1504,991,-578,-301,-531,672,-1452,995,-1091,-514
2026-02-16,48,25843,A,31259,23941,3490,6417,0,22514,0,321,4327,1504,991,-605,-302,-531,677,-1453,996,-1091,-513
2026-02-17,1,25708,A,31202,23731,3467,6417,0,22514,0,320,3967,1504,991,-685,-301,-531,654,-1453,996,-1091,-513
2026-02-17,2,26698,A,32180,24713,3407,6417,0,22514,0,318,4078,1504,991,-688,-302,-531,653,-1439,995,-1091,-513
2026-02-17,3,26531,A,31615,24510,3276,6417,0,22514,0,318,3533,1503,991,-465,-305,-531,653,-1261,995,-1091,-513
2026-02-17,4,26198,A,31287,24298,3239,6417,0,22514,0,316,3385,1504,991,-456,-342,-531,653,-1239,996,-1091,-514
2026-02-17,5,25713,A,30843,23829,3132,6417,0,22514,0,320,3124,1504,991,-493,-342,-531,702,-1239,995,-1091,-514
2026-02-17,6,25288,A,30431,23513,3020,6417,0,22514,0,317,3359,1504,991,-494,-344,-531,704,-1253,996,-1091,-513
2026-02-17,7,24894,A,30327,23095,3020,6417,0,22514,0,317,3164,1504,992,-576,-373,-531,669,-1431,996,-1091,-514
2026-02-17,8,24443,A,29931,22675,3002,6417,0,22514,0,318,3154,1504,992,-579,-402,-531,668,-1453,996,-1091,-514
2026-02-17,9,24254,A,30023,22424,3002,6417,0,22514,0,317,3444,1504,991,-811,-452,-531,653,-1453,995,-1091,-514
2026-02-17,10,24239,A,30018,22224,2879,6417,0,22514,0,319,3464,1504,991,-820,-452,-531,641,-1453,995,-1091,-513
2026-02-17,11,24768,A,30649,22664,2632,6417,0,22514,0,318,3325,1506,991,-919,-452,-508,-26,-1453,996,-1091,-514
2026-02-17,12,25808,A,31753,23544,2540,6417,0,22514,0,323,3064,1506,988,-922,-452,-512,-65,-1453,996,-1091,-527
2026-02-17,13,28476,A,34931,26019,2433,6417,0,22514,0,209,2976,1484,897,-1075,-452,-531,-530,-1453,996,-1091,-514
2026-02-17,14,31158,A,37601,28450,2352,6417,0,22514,0,169,2706,1481,889,-1082,-452,-531,-551,-1453,996,-1091,-514
2026-02-17,15,33167,A,39703,30155,2306,6417,1,22514,0,169,2357,1426,852,-1056,-452,-531,-670,-1453,996,-1091,-514
2026-02-17,16,34332,A,40584,31173,2175,6417,423,22514,0,48,2090,1418,853,-910,-452,-531,-655,-1453,996,-1089,-514
2026-02-17,17,35426,A,39996,32074,1994,6417,1895,22514,0,15,1748,1493,983,-3,-452,-531,149,-1453,997,-1002,-514
2026-02-17,18,35675,A,40237,32238,1786,6417,3696,22514,0,15,1714,1506,991,0,-451,-531,200,-1453,997,-998,-514
2026-02-17,19,35740,A,40385,32198,1723,6417,5291,22514,0,12,1421,1505,992,649,-451,-531,651,-1453,997,-1084,-514
2026-02-17,20,34952,A,39607,31417,1668,6417,6468,22514,0,14,900,1505,992,781,-452,-531,671,-1453,997,-1091,-514
2026-02-17,21,34163,A,38815,30661,1632,6417,7248,22514,0,13,1008,1505,992,647,-451,-531,561,-1453,998,-1090,-514
2026-02-17,22,33831,A,38469,30331,1580,6417,7767,22514,0,11,796,1505,992,644,-452,-531,556,-1439,997,-1091,-514
2026-02-17,23,33551,A,37937,30172,1431,6417,7882,22514,0,10,804,1506,992,1054,-451,-531,226,-1263,997,-1085,-446
2026-02-17,24,33603,A,37858,30284,1319,6417,7677,22514,0,10,460,1506,992,1074,-452,-471,213,-1241,997,-1083,-398
2026-02-17,25,33675,A,37760,30289,1207,6417,7176,22514,0,10,34,1506,992,1074,-451,-389,260,-1239,998,-1047,-349
2026-02-17,26,34025,A,37917,30585,1092,6417,6548,22514,0,11,202,1506,992,1075,-452,-237,262,-1239,998,-1043,-310
2026-02-17,27,34706,A,38393,31246,957,6417,5761,22514,0,9,319,1506,992,1067,-451,-84,321,-1240,997,-1010,-293
2026-02-17,28,35378,A,38841,31842,897,6417,5077,22514,0,8,298,1506,992,1075,-371,0,323,-1254,997,-1008,-222
2026-02-17,29,35964,A,39308,32408,815,6417,4134,22514,0,13,437,1506,992,1075,-225,-10,378,-1431,998,-995,-70
2026-02-17,30,37013,A,40360,33456,780,6417,3201,22514,0,11,246,1506,992,1075,-187,-102,381,-1451,998,-996,34
2026-02-17,31,37825,A,41022,34220,674,6417,2241,22514,0,18,-63,1506,992,920,-50,-17,315,-1429,998,-1083,184
2026-02-17,32,38881,A,41980,35256,596,6417,1469,22514,0,17,83,1506,992,810,8,0,311,-1395,998,-1087,200
2026-02-17,33,39788,A,42404,36039,589,6417,787,22514,0,11,-31,1489,992,3,45,0,12,-1000,998,-1005,200
2026-02-17,34,40621,A,43144,36829,635,6417,226,22514,0,10,98,1476,973,0,14,0,0,-921,993,-992,200
2026-02-17,35,42044,A,43916,38097,685,6417,6,22514,0,11,439,873,287,179,137,0,0,-536,841,-725,199
2026-02-17,36,42687,A,44452,38771,718,6417,0,22514,0,11,585,830,215,196,199,0,0,-458,819,-696,200
2026-02-17,37,42317,A,44006,38432,819,6417,0,22514,0,11,1030,373,-673,650,200,0,0,-80,420,-325,200
2026-02-17,38,41654,A,43288,37810,867,6417,0,22514,0,11,1208,354,-678,672,199,65,0,-32,396,-313,200
2026-02-17,39,41088,A,42694,37450,1009,6417,0,22514,0,8,1669,788,539,730,200,129,-188,-8,434,-802,200
2026-02-17,40,40132,A,41807,36552,1081,6417,0,22514,0,13,1577,822,653,730,200,202,-195,-34,451,-833,170
2026-02-17,41,39203,A,41314,35728,1155,6417,0,22514,0,20,1289,1397,947,644,200,203,-306,-411,965,-774,200
2026-02-17,42,38412,A,40596,35019,1207,6417,0,22514,0,18,1466,1431,968,641,200,203,-310,-489,998,-767,200
2026-02-17,43,36398,A,38810,33220,1241,6417,0,22514,0,19,1647,1503,991,843,200,150,-221,-875,998,-697,200
2026-02-17,44,34174,A,36645,31204,1314,6417,0,22514,0,17,1971,1507,992,849,200,193,-218,-945,997,-691,200
2026-02-17,45,32479,A,35029,29583,1417,6417,0,22514,0,15,2283,1506,992,412,200,115,33,-1207,998,-728,200
2026-02-17,46,31013,A,33551,28273,1473,6417,0,22514,0,12,2686,1506,992,391,200,188,54,-1209,998,-717,200
2026-02-17,47,29205,A,30778,26605,1552,6417,0,22514,0,14,2899,1505,992,344,200,203,732,-819,997,-140,200
2026-02-17,48,27846,A,29323,25367,1604,6417,0,22521,0,14,2958,1505,991,342,200,203,769,-761,997,-102,200
2026-02-18,1,28102,A,29538,25688,1742,6417,0,22521,0,12,3099,1504,991,283,200,203,878,-642,997,-182,200
2026-02-18,2,28647,A,30117,26290,1848,6417,0,22521,0,12,3291,1504,991,279,200,203,881,-658,997,-200,200
2026-02-18,3,28114,A,30414,25819,1957,6417,0,22521,0,12,4073,1505,992,104,200,203,573,-1046,997,-642,175
2026-02-18,4,27542,A,29955,25334,2086,6417,0,22521,0,12,4266,1505,992,102,200,203,560,-1118,996,-683,200
2026-02-18,5,26842,A,30094,24719,2369,6417,0,22521,0,12,4601,1505,991,-163,200,203,509,-1415,997,-1062,200
2026-02-18,6,26403,A,29864,24393,2492,6417,0,22521,0,134,4976,1505,991,-187,200,202,507,-1452,997,-1088,200
2026-02-18,7,25677,A,29817,23628,2440,6417,0,22521,0,124,5040,1505,991,-875,200,203,341,-1453,997,-1088,200
2026-02-18,8,25227,A,29496,23162,2517,6417,0,22521,0,211,5201,1505,991,-915,200,203,320,-1453,996,-1090,200
2026-02-18,9,24842,A,29577,22858,2649,6417,0,22521,0,106,5208,1507,991,-1043,200,198,-441,-1453,996,-1092,200
2026-02-18,10,24880,A,29741,22872,2733,6417,0,22521,0,176,5327,1507,991,-1049,200,134,-491,-1453,997,-1092,200
2026-02-18,11,25447,A,30972,23508,2867,6417,0,22521,0,316,5392,1508,991,-1066,200,14,-998,-1453,997,-1092,200
2026-02-18,12,26067,A,31764,24099,3017,6417,0,22521,0,463,5286,1508,992,-1067,200,0,-1022,-1453,997,-1092,200
2026-02-18,13,28048,A,33584,25960,3204,6417,0,22521,0,301,5429,1500,992,-1068,200,0,-1022,-1453,997,-1092,200
2026-02-18,14,30057,A,35549,27795,3303,6417,0,22521,0,258,5339,1494,988,-1067,175,0,-1022,-1453,992,-1092,200
2026-02-18,15,32128,A,37595,29644,3330,6417,0,22521,0,238,5245,1211,848,-1062,88,0,-1022,-1453,779,-1092,199
2026-02-18,16,33682,A,39134,31130,3376,6417,101,22521,0,224,5255,1201,842,-1061,14,0,-1022,-1453,771,-1092,117
2026-02-18,17,35425,A,40718,32742,3529,6417,507,22521,0,293,5229,1491,982,-1060,106,0,-795,-1453,965,-1092,142
2026-02-18,18,36126,A,41396,33414,3553,6417,1180,22521,0,290,5218,1507,991,-1060,19,0,-775,-1453,978,-1092,35
2026-02-18,19,36819,A,41389,34095,3624,6417,1579,22521,0,245,5194,1506,991,-1008,0,0,-105,-1453,995,-1092,-67
2026-02-18,20,36890,A,41516,34161,3881,6417,2074,22521,0,173,5227,1507,991,-1000,-25,0,-70,-1453,997,-1092,-213
2026-02-18,21,36818,A,41017,34120,4055,6417,2365,22521,0,172,5334,1506,991,-493,-31,0,51,-1453,997,-1092,-358
2026-02-18,22,36319,A,40741,33724,4267,6417,2537,22521,0,171,5341,1506,991,-468,-165,0,59,-1453,996,-1092,-473
2026-02-18,23,36183,A,40637,33615,4398,6417,2810,22521,0,170,5014,1505,991,-262,-310,-54,485,-1453,996,-1092,-513
2026-02-18,24,35955,A,40464,33485,4511,6417,2666,22521,0,170,4989,1506,991,-251,-419,-10,503,-1453,996,-1092,-514
2026-02-18,25,36701,A,41051,34227,4569,6417,2453,22521,0,169,4879,1505,991,584,-451,-71,623,-1453,996,-1092,-514
2026-02-18,26,37142,A,41561,34680,4570,6417,2277,22521,0,170,4907,1505,991,693,-451,-139,627,-1453,996,-1092,-514
2026-02-18,27,37367,A,41897,34885,4520,6417,1987,22521,0,170,4776,1505,991,924,-452,-249,594,-1453,997,-1092,-514
2026-02-18,28,37604,A,42197,35096,4498,6417,1661,22521,0,171,4568,1505,991,822,-451,-312,593,-1453,997,-1092,-514
2026-02-18,29,37806,A,42484,35231,4404,6417,1291,22521,0,171,4945,1506,991,-107,-452,-289,400,-1453,997,-1092,-514
2026-02-18,30,37861,A,42676,35439,4415,6417,1022,22521,0,168,5184,1505,991,-118,-451,-419,393,-1453,996,-1092,-514
2026-02-18,31,37811,A,43067,35425,4374,6417,744,22521,0,166,5112,1505,991,-508,-452,-471,308,-1453,997,-1092,-514
2026-02-18,32,38280,A,43613,35860,4332,6417,483,22521,0,164,5041,1505,992,-527,-452,-531,305,-1453,996,-1092,-514
2026-02-18,33,38586,A,43946,35919,4278,6417,255,22521,0,172,5021,1506,991,-547,-451,-531,260,-1453,997,-1092,-514
2026-02-18,34,39501,A,44858,36744,4229,6417,53,22521,0,168,5228,1506,991,-547,-452,-531,257,-1453,996,-1092,-514
2026-02-18,35,40266,A,45415,37402,4133,6417,1,22521,0,166,4758,1507,991,-204,-451,-531,-139,-1453,996,-1092,-513
2026-02-18,36,40945,A,46096,38043,4103,6417,0,22521,0,164,4816,1506,992,-190,-452,-531,-155,-1453,997,-1092,-514
2026-02-18,37,40838,A,46057,37958,4161,6417,0,22521,0,165,4964,1506,992,-412,-452,-531,102,-1453,997,-1092,-514
2026-02-18,38,40057,A,45263,37316,4126,6417,0,22521,0,165,4871,1505,992,-405,-451,-531,112,-1453,997,-1087,-514
2026-02-18,39,39709,A,44329,36964,4048,6417,0,22521,0,164,4614,1504,991,674,-451,-531,383,-1453,995,-908,-513
2026-02-18,40,38718,A,43324,36031,4013,6417,0,22521,0,165,4377,1505,992,822,-452,-531,396,-1453,996,-891,-514
2026-02-18,41,37349,A,41812,34736,3926,6417,0,22521,0,169,4176,1504,992,619,-452,-531,825,-1453,996,-744,-514
2026-02-18,42,35885,A,40455,33318,3915,6417,0,22521,0,286,4070,1501,992,611,-452,-531,843,-1453,996,-734,-514
2026-02-18,43,34218,A,38833,31763,3888,6417,0,22521,0,318,4009,1411,992,626,-452,-531,819,-1453,996,-747,-514
2026-02-18,44,32563,A,37172,30245,3843,6417,0,22521,0,316,4143,1407,992,625,-452,-531,818,-1439,997,-757,-514
2026-02-18,45,30619,A,35360,28508,3664,6417,0,22521,0,316,4138,1498,992,246,-451,-531,668,-1263,996,-1067,-513
2026-02-18,46,28940,A,33687,26980,3566,6417,0,22521,0,315,4183,1504,992,230,-452,-531,663,-1241,996,-1088,-520
2026-02-18,47,27839,A,32592,25819,3410,6417,0,22521,0,318,3820,1503,992,405,-452,-531,797,-1241,996,-1091,-520
2026-02-18,48,26875,A,31621,24852,3323,6417,0,22526,0,320,3571,1504,992,412,-452,-531,802,-1241,996,-1088,-514
2026-02-19,1,27219,A,31806,24999,3098,6417,0,22526,0,316,3409,1504,992,422,-451,-531,790,-1241,996,-934,-514
2026-02-19,2,27947,A,32524,25718,3004,6417,0,22526,0,315,3406,1504,992,426,-452,-531,790,-1241,995,-924,-514
2026-02-19,3,28202,A,32840,26007,2823,6417,0,22526,0,316,3380,1504,992,904,-452,-531,790,-1241,996,-984,-514
2026-02-19,4,27485,A,32118,25392,2723,6417,0,22526,0,315,3325,1504,991,927,-451,-531,790,-1241,996,-981,-514
2026-02-19,5,26846,A,31253,24936,2469,6417,0,22526,0,376,3222,1504,991,912,-452,-531,791,-1241,996,-693,-514
2026-02-19,6,26598,A,30995,24727,2345,6417,0,22526,0,381,3030,1504,991,912,-451,-532,791,-1241,996,-678,-514
2026-02-19,7,26335,A,30881,24442,2254,6417,0,22526,0,379,2907,1504,991,1026,-452,-531,790,-1241,996,-830,-513
2026-02-19,8,26199,A,30755,24228,2226,6417,0,22526,0,377,2805,1504,991,1023,-451,-531,790,-1241,996,-843,-513
2026-02-19,9,25548,A,30138,23631,2164,6417,0,22526,0,322,2920,1504,991,407,-452,-531,884,-1241,996,-930,-514
2026-02-19,10,25374,A,29981,23444,2161,6417,0,22526,0,316,2800,1504,991,361,-452,-531,887,-1255,996,-939,-514
2026-02-19,11,25606,A,30477,23591,2087,6417,0,22526,0,312,2822,1504,991,2,-451,-531,866,-1431,996,-1032,-514
2026-02-19,12,26232,A,30972,24092,2032,6417,0,22526,0,166,2735,1505,991,0,-452,-516,863,-1453,997,-1039,-514
2026-02-19,13,28819,A,33432,26465,1873,6417,0,22526,0,163,2464,1505,991,0,-407,-418,429,-1453,996,-1059,-513
2026-02-19,14,30841,A,35595,28261,1732,6417,0,22526,0,170,2113,1506,991,0,-448,-508,400,-1453,997,-1061,-514
2026-02-19,15,33294,A,38671,30330,1650,6417,0,22526,0,170,1519,1507,991,-293,-452,-531,-276,-1453,997,-1088,-514
2026-02-19,16,34617,A,40051,31441,1526,6417,20,22526,0,167,1248,1508,991,-315,-452,-531,-312,-1453,998,-1090,-514
2026-02-19,17,36985,A,41760,33659,1513,6417,173,22526,0,164,1278,1507,991,295,-452,-531,-12,-1453,998,-1049,-514
2026-02-19,18,37871,A,42628,34517,1499,6417,469,22526,0,162,1403,1507,942,332,-451,-531,12,-1453,998,-1046,-514
2026-02-19,19,38821,A,43578,35450,1474,6417,771,22526,0,158,1625,1506,-3,878,-452,-531,701,-1453,997,-1046,-514
2026-02-19,20,39106,A,43851,35749,1475,6417,1113,22526,0,182,1722,1506,-3,903,-451,-510,739,-1453,998,-1032,-514
2026-02-19,21,39260,A,43353,36030,1431,6417,1548,22526,0,202,1813,1505,-3,945,-382,-376,810,-1453,998,-563,-514
2026-02-19,22,39128,A,42871,36070,1493,6417,1962,22526,0,200,2056,1505,-3,946,-236,-223,813,-1453,998,-514,-514
2026-02-19,23,39431,A,42176,36396,1486,6417,1951,22526,0,69,2020,1505,-3,1073,-102,-72,1010,-1453,997,78,-446
2026-02-19,24,39313,A,41803,36302,1407,6417,1915,22526,0,12,1982,1505,-3,1077,-3,0,1017,-1448,998,123,-424
2026-02-19,25,39492,A,41924,36418,1259,6417,1887,22526,0,6,1757,1505,-3,1077,-32,0,1017,-1387,998,307,-404
2026-02-19,26,39586,A,41924,36478,1193,6417,1817,22526,0,51,1790,1506,-3,1077,0,0,1017,-1365,998,323,-319
2026-02-19,27,40458,A,42615,37337,1143,6417,1690,22526,0,62,1773,1505,-3,1077,0,0,891,-1187,998,478,-305
2026-02-19,28,40520,A,42515,37296,1135,6417,1383,22526,0,64,1613,1505,-3,1076,0,0,886,-1169,998,480,-159
2026-02-19,29,40316,A,42254,37082,1095,6417,1148,22526,0,67,1630,1506,-3,1077,0,0,993,-1216,998,154,-52
2026-02-19,30,40344,A,42254,37209,1127,6417,899,22526,0,70,1709,1505,-3,1077,0,0,997,-1212,997,110,-25
2026-02-19,31,40332,A,42698,37174,1091,6417,675,22526,0,14,1767,1505,-3,1078,0,0,927,-1084,998,-655,-10
2026-02-19,32,40717,A,43206,37461,1097,6417,463,22526,0,14,1772,1505,-3,1077,45,0,924,-1041,998,-706,-125
2026-02-19,33,41054,A,43482,37691,1070,6417,262,22526,0,14,1472,1505,-3,855,-68,-1,879,-697,997,-775,-270
2026-02-19,34,41935,A,44563,38454,1082,6417,77,22526,0,14,1285,1506,-3,846,-220,-91,877,-624,998,-775,-301
2026-02-19,35,42705,A,45189,39163,1059,6417,7,22526,0,9,926,1505,-3,786,-371,-242,922,-243,998,-584,-432
2026-02-19,36,42924,A,45634,39348,1074,6417,0,22526,0,15,1047,1505,-3,787,-451,-394,924,-183,997,-563,-501
2026-02-19,37,43029,A,45421,39469,1063,6417,0,22526,0,9,1277,1505,-3,971,-451,-518,704,-24,974,-273,-514
2026-02-19,38,42421,A,44786,38924,1126,6417,0,22526,0,9,1524,1505,-3,978,-451,-531,696,-16,973,-241,-514
2026-02-19,39,41853,A,44121,38494,1108,6417,0,22526,0,9,1731,1505,-3,1076,-451,-531,907,-160,996,190,-514
2026-02-19,40,40308,A,42625,37048,1173,6417,0,22526,0,12,1681,1505,-3,1077,-451,-531,915,-207,998,213,-513
2026-02-19,41,38658,A,41554,35515,1158,6417,0,22526,0,153,1646,1505,-3,1078,-452,-530,829,-589,997,-55,-514
2026-02-19,42,37803,A,40650,34720,1226,6417,0,22526,0,9,1576,1505,-3,1078,-452,-529,825,-667,997,-73,-514
2026-02-19,43,36229,A,39349,33380,1247,6417,0,22526,0,8,1599,1506,-3,1029,-437,-441,596,-1054,998,-63,-514
2026-02-19,44,34485,A,37397,31821,1360,6417,0,22526,0,9,1659,1505,-3,1027,-310,-288,588,-1125,997,-63,-514
2026-02-19,45,32799,A,35789,30252,1318,6417,0,22526,0,10,1857,1504,-3,1076,-159,-158,962,-1416,997,-154,-490
2026-02-19,46,30962,A,33601,28584,1365,6417,0,22526,0,48,2298,1504,-3,1077,-23,-23,977,-1422,997,-151,-369
2026-02-19,47,29370,A,31868,27038,1340,6417,0,22526,0,372,2109,1505,-3,1076,-68,-62,944,-1027,997,179,-366
2026-02-19,48,28337,A,31215,26073,1388,6417,0,22532,0,535,2113,1505,-3,1075,-220,-81,943,-948,997,213,-491
2026-02-20,1,28389,A,31313,26112,1446,6417,0,22532,0,919,2013,1504,-3,1002,-350,-85,948,-560,997,603,-407
2026-02-20,2,28953,A,31578,26753,1574,6417,0,22532,0,975,2269,1505,-3,998,-261,-7,948,-523,997,621,-256
2026-02-20,3,28143,A,30576,26148,1668,6417,0,22532,0,963,2504,1505,-3,773,-110,0,995,-653,997,265,-104
2026-02-20,4,27307,A,29702,25443,1820,6417,0,22532,0,1112,2541,1504,-3,762,39,0,997,-680,997,227,43
2026-02-20,5,26743,A,29514,24950,1692,6417,0,22532,0,1110,2772,1505,-3,468,131,0,997,-821,997,-237,157
2026-02-20,6,26201,A,29145,24415,1738,6417,0,22532,0,1203,2980,1505,-4,456,164,0,997,-869,997,-268,197
2026-02-20,7,25600,A,28833,23957,1956,6417,0,22532,0,1181,3366,1505,-4,288,185,0,950,-1261,998,-187,197
2026-02-20,8,25461,A,28782,23848,2153,6417,0,22532,0,1208,3622,1505,-4,276,185,66,948,-1320,997,-189,197
2026-02-20,9,25495,A,29145,23892,2168,6417,0,22532,0,1119,4096,1505,-4,2,185,166,753,-1438,997,-489,197
2026-02-20,10,25327,A,29002,23743,2237,6417,0,22532,0,1105,3965,1506,-4,0,185,193,663,-1453,997,-513,197
2026-02-20,11,25230,A,30084,23655,2282,6417,0,22532,0,1090,4161,1508,-4,-307,185,194,-745,-1453,998,-655,196
2026-02-20,12,25775,A,30763,24033,2455,6417,0,22532,0,1044,4643,1505,-4,-341,184,193,-887,-1452,994,-660,197
2026-02-20,13,27311,A,32446,25436,2642,6417,0,22532,0,770,4903,1411,-4,-786,185,194,-1015,-1453,857,-507,197
2026-02-20,14,29047,A,33978,27039,2894,6417,0,22532,0,584,4855,1392,-4,-804,185,162,-1020,-1436,845,-483,161
2026-02-20,15,30721,A,34319,28534,3102,6417,1,22532,0,468,4700,892,-4,-351,133,59,-931,-1216,703,-28,115
2026-02-20,16,31896,A,35168,29633,3370,6417,161,22532,0,266,4361,872,-4,-330,20,0,-914,-1158,702,24,47
2026-02-20,17,33768,A,36420,31412,3524,6417,712,22532,0,267,4267,1472,-3,-692,-68,-23,-164,-768,980,857,-67
2026-02-20,18,34479,A,37125,32074,3741,6417,1279,22532,0,264,4073,1508,-3,-653,-72,0,-99,-742,998,900,-213
2026-02-20,19,34408,A,36573,32020,3828,6417,1743,22532,0,269,4275,1506,-3,94,0,0,746,-1036,997,365,-257
2026-02-20,20,34021,A,36092,31593,4017,6417,1984,22532,0,178,4407,1505,-3,102,-51,0,800,-1042,997,342,-197
2026-02-20,21,34472,A,35936,32023,4082,6417,2109,22532,0,151,4182,1505,-3,2,-4,0,979,-655,997,864,-51
2026-02-20,22,34553,A,35918,32176,4243,6417,2038,22532,0,159,3877,1505,-3,0,0,0,985,-603,998,896,57
2026-02-20,23,34852,A,36151,32529,4175,6417,2098,22532,0,108,3743,1505,-3,633,-36,0,1015,-552,997,707,0
2026-02-20,24,34890,A,36064,32583,4280,6417,2171,22532,0,11,4033,1505,-3,756,0,0,1016,-560,998,692,35
2026-02-20,25,34683,A,36034,32345,4236,6417,2304,22532,0,10,4043,1505,-3,451,0,0,829,-738,997,695,100
2026-02-20,26,34600,A,36018,32250,4364,6417,2285,22532,0,8,3953,1505,-3,438,-27,0,822,-780,997,684,179
2026-02-20,27,34360,A,36024,31943,4247,6417,2366,22532,0,33,3934,1506,-3,473,0,0,633,-1028,997,255,200
2026-02-20,28,33951,A,35660,31494,4274,6417,2350,22532,0,33,4030,1506,-3,469,0,0,626,-1073,997,209,200
2026-02-20,29,33622,A,35923,31144,4261,6417,2259,22532,0,68,4571,1506,-3,111,50,0,607,-1255,997,-375,200
2026-02-20,30,33249,A,35618,30841,4216,6417,2213,22532,0,67,5059,1506,-3,104,158,0,606,-1289,997,-410,200
2026-02-20,31,33190,A,35981,30857,4150,6417,2043,22532,0,13,5069,1506,-3,-515,150,0,606,-1434,997,-226,200
2026-02-20,32,33518,A,36450,31214,4167,6417,1472,22532,0,103,5256,1505,-3,-598,82,0,606,-1427,997,-201,167
2026-02-20,33,34194,A,36698,31942,4113,6417,958,22532,0,244,5021,1505,-3,-503,-46,0,607,-1108,997,253,34
2026-02-20,34,35122,A,37843,32798,4197,6417,431,22532,0,260,4949,1506,-3,-498,-195,-60,607,-1037,997,268,-68
2026-02-20,35,36619,A,39445,34122,4199,6417,35,22532,0,257,4622,1505,-3,-212,-346,-145,676,-649,997,-396,-218
2026-02-20,36,36986,A,39986,34382,4327,6417,0,22532,0,252,4632,1505,-3,-199,-391,-210,677,-576,997,-402,-367
2026-02-20,37,37542,A,39966,34925,4378,6417,0,22532,0,251,4500,1507,-3,115,-450,-361,312,-262,997,639,-497
2026-02-20,38,36927,A,39335,34358,4427,6417,0,22532,0,255,4251,1506,-3,144,-452,-376,307,-209,997,729,-513
2026-02-20,39,36340,A,38485,33942,4299,6417,0,22532,0,257,4080,1504,-3,998,-451,-293,937,-27,996,1039,-514
2026-02-20,40,34798,A,36719,32645,4246,6417,0,22532,0,137,3858,1504,-3,1056,-433,-231,970,-4,996,1059,-513
2026-02-20,41,33685,A,35531,31666,4189,6417,0,22532,0,135,3807,1504,-3,1069,-452,-137,972,-5,996,999,-514
2026-02-20,42,32698,A,34483,30672,4170,6417,0,22532,0,134,3469,1504,-3,1070,-452,-49,972,-34,996,995,-513
2026-02-20,43,31190,A,33355,29260,4154,6417,0,22532,0,119,3497,1504,-3,1070,-452,-66,976,-412,996,995,-513
2026-02-20,44,29991,A,32044,28170,4157,6417,0,22532,0,9,3755,1504,-3,1070,-434,-4,976,-489,996,995,-514
2026-02-20,45,28334,A,30838,26668,4035,6417,0,22532,0,9,4066,1503,-3,1038,-452,-52,996,-875,997,992,-513
2026-02-20,46,26974,A,29644,25351,4026,6417,0,22532,0,19,3934,1504,-3,1037,-452,-131,997,-951,996,991,-514
2026-02-20,47,25253,A,28886,23671,3921,6417,0,22532,0,658,3864,1504,-3,1078,-452,-105,997,-1301,997,991,-514
2026-02-20,48,24831,A,28684,23201,3864,6417,0,22533,0,935,3892,1504,-3,1078,-452,-36,997,-1314,996,991,-513
2026-02-21,1,24934,A,28385,23263,3784,6417,0,22533,0,982,3774,1504,-3,1078,-431,0,997,-922,996,991,-513
2026-02-21,2,25645,A,28871,23955,3705,6417,0,22533,0,930,3859,1504,-3,1079,-333,-17,997,-858,997,989,-485
2026-02-21,3,25351,A,28615,23693,3496,6417,0,22533,0,931,3745,1504,-3,1078,-428,-120,997,-669,997,987,-513
2026-02-21,4,24819,A,27996,23275,3436,6417,0,22533,0,919,3813,1504,-3,1078,-452,-57,997,-633,997,987,-513
2026-02-21,5,24588,A,27710,23074,3349,6417,0,22533,0,919,3710,1504,-3,1078,-452,-151,997,-483,997,987,-514
2026-02-21,6,23689,A,26764,22232,3317,6417,0,22533,0,925,3621,1503,-3,1077,-451,-119,997,-463,996,987,-514
2026-02-21,7,23050,A,25958,21622,3251,6417,0,22533,0,915,3630,1504,-3,1053,-434,-7,997,-435,996,987,-514
2026-02-21,8,22437,A,25388,21064,3177,6417,0,22533,0,1106,3772,1504,-3,1043,-304,0,997,-430,996,977,-508
2026-02-21,9,22175,A,24813,20824,3049,6417,0,22533,0,964,3928,1504,-3,383,-154,0,997,-409,996,586,-508
2026-02-21,10,22365,A,24977,20934,2954,6417,0,22533,0,999,3791,1503,-3,341,-123,0,997,-380,996,551,-507
2026-02-21,11,22194,A,24563,20781,2818,6417,0,22533,0,978,3617,1503,-3,221,-233,0,997,-48,996,274,-507
2026-02-21,12,21612,A,23825,20118,2875,6417,0,22533,0,900,3588,1504,-4,217,-202,0,997,21,997,254,-507
2026-02-21,13,22682,A,24211,21044,2749,6417,0,22533,0,365,3427,1504,-3,275,-53,0,997,361,996,221,-508
2026-02-21,14,23808,A,25012,22066,2766,6417,0,22533,0,36,3038,1504,-3,304,-52,0,997,432,996,238,-513
2026-02-21,15,25299,A,26493,23285,2628,6417,4,22533,0,16,2437,1504,-3,1042,-68,0,997,806,996,940,-507
2026-02-21,16,26092,A,27122,23840,2617,6417,143,22533,0,11,2264,1503,-3,1071,0,0,997,880,996,988,-416
2026-02-21,17,27732,A,28820,25257,2448,6417,530,22533,0,8,2240,1503,-3,1073,0,0,997,1230,996,988,-477
2026-02-21,18,28607,A,29757,26009,2454,6417,1201,22533,0,63,2135,1504,-3,1072,0,0,997,1282,996,988,-484
2026-02-21,19,29426,A,30446,26698,2272,6417,1885,22533,0,66,2039,1505,-3,1074,0,0,1016,1384,996,988,-351
2026-02-21,20,29422,A,30450,26665,2293,6417,2415,22533,0,65,1990,1505,-3,1074,0,0,1017,1397,996,988,-360
2026-02-21,21,29357,A,30439,26669,2120,6417,3032,22533,0,64,1826,1505,-3,1073,0,0,1017,1397,996,988,-415
2026-02-21,22,29109,A,30041,26124,2100,6417,3677,22533,0,48,1414,1505,-3,1073,-6,0,1016,1397,996,988,-275
2026-02-21,23,28592,A,29586,25515,2071,6417,4353,22533,0,66,1246,1505,-3,1076,-64,0,1016,1397,996,988,-261
2026-02-21,24,28386,A,29492,25327,2202,6417,4677,22533,0,66,1369,1505,-3,1075,-63,0,1016,1397,996,988,-374
2026-02-21,25,28730,A,29755,25748,2223,6417,4233,22533,0,65,1301,1506,-3,1076,-98,0,1016,1397,997,988,-259
2026-02-21,26,29041,A,29892,26132,2336,6417,3782,22533,0,66,1263,1506,41,1076,-77,0,1016,1394,997,990,-108
2026-02-21,27,29393,A,30062,26476,2327,6417,3135,22533,0,69,1165,1505,952,1077,0,0,1016,1357,996,990,32
2026-02-21,28,29687,A,30357,26776,2384,6417,2963,22533,0,70,1438,1505,992,1076,0,0,1016,1323,997,990,83
2026-02-21,29,29726,A,30395,26909,2213,6417,2129,22533,0,69,1658,1503,992,1077,0,0,997,949,998,990,152
2026-02-21,30,29896,A,30542,27204,2238,6417,1380,22533,0,46,2109,1503,992,1073,0,0,996,901,998,990,141
2026-02-21,31,30482,A,31086,27808,2227,6417,936,22533,0,4,2532,1503,992,686,0,0,997,888,997,990,115
2026-02-21,32,31004,A,31605,28285,2446,6417,539,22533,0,1,2740,1502,992,620,0,0,996,869,997,980,33
2026-02-21,33,31323,A,32020,28537,2501,6417,269,22533,0,1,2966,1503,992,-96,6,0,737,650,997,600,66
2026-02-21,34,32421,A,33158,29599,2680,6417,57,22533,0,1,3320,1503,992,-104,60,0,727,652,997,572,-32
2026-02-21,35,33794,A,34489,30897,2801,6417,3,22533,0,1,3341,1502,992,499,0,0,987,1024,996,538,-94
2026-02-21,36,34602,A,35309,31746,3049,6417,0,22533,0,1,3429,1502,992,578,0,0,997,1060,997,539,-106
2026-02-21,37,34623,A,35322,31729,3109,6417,0,22533,0,1,3518,1501,992,743,0,0,997,914,997,671,-98
2026-02-21,38,34203,A,35127,31277,3317,6417,0,22533,0,1,3332,1501,992,750,-78,0,997,866,997,683,-245
2026-02-21,39,33441,A,34589,30635,3273,6417,0,22533,0,2,3380,1501,992,823,-157,0,997,493,997,760,-389
2026-02-21,40,31910,A,33027,29276,3438,6417,0,22533,0,7,3556,1501,992,826,-30,0,997,417,997,755,-480
2026-02-21,41,30622,A,31711,28176,3397,6417,0,22533,0,8,3955,1501,992,775,0,0,979,43,997,379,-481
2026-02-21,42,29195,A,30511,26865,3580,6417,0,22533,0,183,3762,1501,992,771,0,0,979,-34,997,349,-499
2026-02-21,43,27891,A,29660,25755,3601,6417,0,22533,0,316,3895,1502,992,339,-1,0,996,-412,996,209,-440
2026-02-21,44,26681,A,28665,24735,3648,6417,0,22533,0,318,3815,1493,988,311,-97,0,994,-489,996,182,-480
2026-02-21,45,24748,A,27707,22904,3583,6417,0,22533,0,318,3605,1157,856,-97,-249,0,574,-876,997,-471,-348
2026-02-21,46,23842,A,27173,22237,3634,6417,0,22533,0,377,3564,1143,850,-104,-399,0,556,-945,997,-522,-384
2026-02-21,47,22843,A,27788,21303,3490,6417,0,22533,0,818,3510,1481,983,-587,-452,-61,625,-1206,989,-743,-478
2026-02-21,48,21955,A,27568,20481,3519,6417,0,22533,0,1188,3332,1503,992,-660,-452,-213,627,-1239,988,-747,-514
2026-02-22,1,22417,A,27158,20903,3405,6417,0,22533,0,1009,3231,1503,992,-362,-452,-252,610,-1240,996,-312,-514
2026-02-22,2,23432,A,27725,21768,3432,6417,0,22533,0,786,3522,1494,988,-349,-429,-101,609,-1239,996,-276,-513
2026-02-22,3,23382,A,27098,21744,3174,6417,0,22533,0,596,3690,1048,854,-303,-398,-2,758,-1240,997,-64,-513
2026-02-22,4,22572,A,26391,21009,3215,6417,0,22533,0,844,3768,1019,842,-301,-258,0,763,-1240,997,-63,-513
2026-02-22,5,21884,A,26168,20396,3200,6417,0,22533,0,652,3692,932,750,-526,-177,0,913,-1240,997,-575,-514
2026-02-22,6,21251,A,25713,19799,3227,6417,0,22533,0,786,3355,935,749,-540,-159,0,918,-1241,997,-622,-514
2026-02-22,7,20623,A,26732,19261,3155,6417,0,22533,0,1505,3487,1395,978,-1060,-125,0,960,-1241,996,-1065,-513
2026-02-22,8,20037,A,26185,18719,3217,6417,0,22533,0,1538,3836,1421,993,-1085,-74,0,962,-1241,996,-1096,-514
2026-02-22,9,19845,A,25807,18574,3277,6417,0,22533,0,1501,3736,1293,993,-1035,-16,0,971,-1241,996,-1096,-473
2026-02-22,10,19948,A,25870,18682,3425,6417,0,22533,0,1504,3667,1288,993,-1032,-112,0,971,-1241,996,-1096,-337
2026-02-22,11,19885,A,25377,18696,3547,6417,0,22533,0,1506,3839,1484,992,-853,-22,0,682,-1241,996,-1083,-187
2026-02-22,12,19820,A,25423,18676,3552,6417,0,22533,0,1648,4202,1493,992,-846,0,0,671,-1240,996,-1082,-187
2026-02-22,13,20443,A,26246,19325,3491,6417,0,22533,0,1645,4453,1502,992,-1075,0,0,828,-1241,996,-1089,-153
2026-02-22,14,20820,A,26771,19702,3582,6417,0,22533,0,1628,4427,1502,992,-1084,-32,0,833,-1240,996,-1090,-277
2026-02-22,15,21608,A,27344,20386,3631,6417,0,22533,0,1605,4590,1502,992,-837,0,0,973,-1241,996,-1090,-363
2026-02-22,16,22035,A,27771,20825,3670,6417,123,22533,0,1573,4422,1502,992,-826,0,0,978,-1241,996,-1090,-406
2026-02-22,17,22838,A,28258,21565,3644,6417,844,22533,0,1547,4722,1502,992,-607,0,0,760,-1241,996,-1090,-335
2026-02-22,18,23546,A,28748,22168,3716,6417,1754,22533,0,1297,4662,1490,987,-598,0,0,752,-1241,996,-1090,-376
2026-02-22,19,23546,A,28252,22153,3605,6417,2619,22533,0,702,4414,884,803,-550,-22,0,649,-1241,976,-1090,-501
2026-02-22,20,23612,A,28220,22125,3566,6417,3963,22533,0,676,4325,860,795,-548,0,0,645,-1241,975,-1089,-454
2026-02-22,21,24121,A,28744,22513,3664,6417,5091,22533,0,913,4323,1466,979,-548,0,0,664,-1239,995,-970,-353
2026-02-22,22,24094,A,28368,22566,3703,6417,5837,22533,0,935,4560,1502,992,-548,0,0,665,-1239,997,-723,-229
2026-02-22,23,24421,A,28522,22971,3749,6417,5941,22533,0,927,4603,1502,992,-480,15,0,770,-1239,997,-723,-132
2026-02-22,24,24554,A,28453,23071,3804,6417,6214,22533,0,816,4548,1502,992,-478,52,0,774,-1240,997,-723,-42
2026-02-22,25,24747,A,28358,23254,3847,6417,5719,22533,0,238,4642,1503,992,-584,-55,0,598,-1240,996,-723,-171
2026-02-22,26,24597,A,28189,23169,4003,6417,5700,22533,0,171,4806,1502,992,-551,-11,0,592,-1239,996,-723,-297
2026-02-22,27,24744,A,27792,23253,3957,6417,5996,22533,0,173,4339,1502,992,240,0,0,791,-1240,996,-723,-312
2026-02-22,28,24275,A,27236,22744,3958,6417,6764,22533,0,167,4524,1502,992,265,0,0,799,-1240,996,-723,-231
2026-02-22,29,23843,A,26858,22204,3787,6417,7124,22533,0,373,4058,1502,992,609,0,0,895,-1239,996,-723,-80
2026-02-22,30,24193,A,27133,22439,3768,6417,6116,22533,0,365,4189,1502,992,623,-43,0,898,-1209,997,-723,37
2026-02-22,31,24718,A,26975,23052,3918,6417,4599,22533,0,164,4242,1502,992,310,45,0,767,-818,997,-675,126
2026-02-22,32,26157,A,28268,24403,3913,6417,3251,22533,0,161,3949,1503,992,296,53,0,762,-740,997,-610,178
2026-02-22,33,28808,A,30268,26710,3772,6417,1799,22533,0,158,4080,1502,992,366,165,0,988,-356,996,-346,47
2026-02-22,34,30670,A,31706,28505,3710,6417,780,22533,0,2,4207,1502,992,374,74,0,997,-279,996,-88,-67
2026-02-22,35,32510,A,33388,30054,3748,6417,103,22533,0,2,3571,1501,992,931,-62,0,997,98,997,671,-214
2026-02-22,36,34252,A,35256,31596,3673,6417,0,22533,0,2,3739,1501,992,960,-60,0,997,175,997,787,-342
2026-02-22,37,34377,A,35499,31830,3830,6417,0,22533,0,0,3749,1501,992,1048,-166,0,997,547,997,544,-356
2026-02-22,38,33779,A,34921,31252,4027,6417,0,22533,0,2,4110,1502,992,1052,-153,0,997,565,998,537,-387
2026-02-22,39,32645,A,33840,30322,3912,6417,0,22533,0,1,4407,1501,992,1068,-233,0,997,192,997,924,-361
2026-02-22,40,31658,A,32918,29349,3967,6417,0,22533,0,4,4873,1501,992,1074,-205,0,997,117,997,936,-451
2026-02-22,41,30692,A,32243,28597,3884,6417,0,22533,0,4,5094,1502,992,1029,-173,0,997,-261,997,391,-513
2026-02-22,42,29634,A,31261,27468,3982,6417,0,22533,0,9,4589,1502,992,1026,-166,0,997,-338,997,343,-514
2026-02-22,43,28115,A,29980,26069,4036,6417,0,22533,0,9,4380,1502,992,749,-60,0,997,-721,997,22,-475
2026-02-22,44,27062,A,28908,25232,4026,6417,0,22533,0,11,4774,1502,992,676,-89,0,997,-800,997,-17,-329
2026-02-22,45,25037,A,27942,23481,3873,6417,0,22533,0,20,4670,1502,992,-245,-34,0,997,-1190,997,-639,-177
2026-02-22,46,23867,A,27348,22433,3898,6417,0,22533,0,642,4902,1502,992,-276,68,0,982,-1239,997,-689,-35
2026-02-22,47,22130,A,27024,20825,3929,6417,0,22533,0,1207,4968,1503,992,-812,81,0,234,-1240,996,-1035,68
2026-02-22,48,21694,A,26821,20384,4018,6417,0,22538,0,1388,5070,1504,992,-839,0,0,190,-1240,996,-1060,189
2026-02-23,1,22366,A,27578,20960,4006,6417,0,22538,0,1370,5617,1504,992,-936,0,0,102,-1240,996,-1066,200
2026-02-23,2,22746,A,28054,21473,4074,6417,0,22538,0,1460,5792,1504,992,-941,55,0,99,-1240,996,-1067,200
2026-02-23,3,22559,A,27815,21327,4088,6417,0,22538,0,1462,5791,1505,992,-867,4,0,28,-1239,997,-1088,200
2026-02-23,4,21932,A,27192,20831,4136,6417,0,22538,0,1467,5581,1505,992,-864,30,0,25,-1240,997,-1089,200
2026-02-23,5,21282,A,27058,20310,4101,6417,0,22538,0,1590,5224,1456,992,-1008,0,0,-247,-1239,997,-1092,200
2026-02-23,6,20935,A,26901,19967,4128,6417,0,22538,0,1761,4826,1449,992,-1013,0,0,-260,-1239,997,-1093,200
2026-02-23,7,20415,A,26828,19409,4224,6417,0,22538,0,1748,4860,1167,992,-1049,0,0,-683,-1240,997,-1093,160
2026-02-23,8,19963,A,26404,18958,4237,6417,0,22538,0,1756,4322,1151,990,-1050,3,0,-702,-1240,994,-1093,111
2026-02-23,9,19763,A,26260,18731,4224,6417,0,22538,0,1481,4450,1176,901,-1095,75,0,-988,-1240,892,-1093,198
2026-02-23,10,19796,A,26208,18723,4249,6417,0,22538,0,1385,4509,1174,895,-1094,7,0,-999,-1240,888,-1094,200
2026-02-23,11,20440,A,26788,19264,4147,6417,0,22538,0,1302,5029,954,904,-1093,0,0,-1021,-1240,991,-1092,200
2026-02-23,12,21216,A,27149,20036,4153,6417,0,22538,0,906,5097,949,900,-1092,16,0,-1014,-1240,997,-1081,135
2026-02-23,13,23878,A,28060,22477,4116,6417,0,22538,0,351,5208,1262,783,-849,115,0,-411,-1240,988,-731,148
2026-02-23,14,25717,A,29393,24207,4177,6417,0,22538,0,52,5353,1283,780,-744,32,0,-373,-1209,987,-698,51
2026-02-23,15,28971,A,30785,27173,4213,6417,15,22538,0,17,5141,1493,978,94,111,0,229,-818,996,-379,123
2026-02-23,16,30339,A,32054,28300,4313,6417,329,22538,0,17,5217,1504,991,102,152,13,267,-758,997,-340,26
2026-02-23,17,31627,A,32929,29358,4248,6417,1147,22538,0,17,5116,1502,991,599,22,0,868,-618,997,248,-67
2026-02-23,18,31268,A,32779,29066,4205,6417,2335,22538,0,15,5498,1502,992,678,-68,-5,898,-610,997,297,-213
2026-02-23,19,31436,A,33304,29097,4218,6417,3358,22538,0,12,5241,1502,991,1062,-166,0,1013,-732,998,581,-358
2026-02-23,20,30871,A,33059,28541,4312,6417,4346,22538,0,12,5221,1502,991,1078,-308,0,1016,-777,997,604,-491
2026-02-23,21,30215,A,32980,27940,4292,6417,5533,22538,0,11,5279,1502,991,1076,-436,-36,1016,-1169,997,761,-513
2026-02-23,22,29921,A,32861,27630,4315,6417,5829,22538,0,11,5451,1503,991,1076,-452,-155,1016,-1209,998,772,-513
2026-02-23,23,29764,A,32693,27487,4279,6417,5607,22538,0,11,5122,1502,991,1073,-451,-272,1016,-1081,998,792,-514
2026-02-23,24,30044,A,33026,27770,4285,6417,4855,22538,0,11,5194,1502,991,1074,-452,-359,1016,-1047,998,779,-513
2026-02-23,25,30319,A,33109,28119,4207,6417,4358,22538,0,11,5408,1502,991,1074,-451,-418,1016,-822,998,257,-488
2026-02-23,26,30783,A,33534,28554,4198,6417,4167,22538,0,11,5317,1502,991,1074,-452,-455,1016,-763,998,220,-470
2026-02-23,27,31337,A,33745,29130,3985,6417,3453,22538,0,11,5242,1502,991,1073,-451,-453,1016,-379,997,234,-514
2026-02-23,28,31951,A,34271,29686,3861,6417,2869,22538,0,11,4792,1502,991,1074,-452,-406,1013,-338,998,233,-513
2026-02-23,29,32549,A,34866,30275,3526,6417,1919,22538,0,11,4446,1503,991,1074,-451,-324,564,-417,998,125,-514
2026-02-23,30,33046,A,35474,30741,3319,6417,1202,22538,0,11,4010,1503,992,1075,-452,-394,544,-457,998,108,-514
2026-02-23,31,33960,A,37059,31562,3307,6417,911,22538,0,11,3997,1503,992,864,-451,-450,692,-842,998,-231,-514
2026-02-23,32,34886,A,38064,32333,3011,6417,689,22538,0,11,3426,1503,992,855,-452,-476,697,-862,998,-263,-514
2026-02-23,33,35567,A,38634,32782,2550,6417,367,22538,0,12,2448,1503,992,457,-452,-413,713,-503,998,-573,-514
2026-02-23,34,36426,A,39298,33404,2343,6417,118,22538,0,12,2125,1503,991,451,-451,-285,714,-428,998,-582,-514
2026-02-23,35,38259,A,40143,34970,2164,6417,12,22538,0,4,1377,1503,992,1051,-451,-133,569,-51,997,-131,-514
2026-02-23,36,38864,A,40626,35477,2065,6417,0,22538,0,3,1204,1496,989,1075,-452,-97,566,25,996,-96,-514
2026-02-23,37,39218,A,40880,35824,1864,6417,0,22538,0,3,1311,1169,901,1075,-441,-104,938,387,933,50,-514
2026-02-23,38,38432,A,39889,35023,1714,6417,0,22538,0,3,1032,1155,898,1075,-335,-5,953,433,930,62,-514
2026-02-23,39,37510,A,38943,34150,1493,6417,0,22538,0,3,635,1481,986,1075,-331,0,995,444,993,101,-499
2026-02-23,40,36286,A,37468,32950,1398,6417,0,22538,0,9,303,1503,992,1075,-193,0,997,417,998,92,-380
2026-02-23,41,34706,A,36084,31483,1282,6417,0,22538,0,9,612,1502,992,1075,-45,0,997,43,997,-354,-370
2026-02-23,42,33643,A,35002,30474,1306,6417,0,22538,0,9,625,1502,992,1075,0,0,997,-34,998,-385,-331
2026-02-23,43,32374,A,34010,29352,1252,6417,0,22538,0,9,505,1503,992,877,-38,0,997,-411,998,-346,-232
2026-02-23,44,31496,A,33110,28634,1260,6417,0,22538,0,6,618,1502,992,869,-139,0,997,-459,998,-330,-80
2026-02-23,45,29397,A,30496,26737,1223,6417,0,22538,0,9,545,1503,992,852,-29,0,997,-461,997,129,65
2026-02-23,46,27799,A,28891,25321,1235,6417,0,22538,0,6,1164,1503,992,852,68,0,997,-486,998,156,188
2026-02-23,47,25974,A,27380,23617,1193,6417,0,22538,0,6,1741,1503,992,855,82,0,988,-800,998,7,200
2026-02-23,48,24975,A,26414,22721,1328,6417,0,22543,0,6,2085,1503,992,854,0,0,988,-833,998,0,200
2026-02-24,1,25091,A,26479,22905,1379,6417,0,22543,0,6,2175,1502,992,916,60,0,988,-748,998,-34,200
2026-02-24,2,25567,A,26973,23479,1478,6417,0,22543,0,6,2504,1503,992,918,179,0,988,-768,998,-32,200
2026-02-24,3,25298,A,27061,23351,1566,6417,0,22543,0,6,2815,1503,992,971,77,0,988,-1157,998,163,200
2026-02-24,4,24895,A,26723,23027,1703,6417,0,22543,0,6,3055,1503,992,974,0,0,988,-1222,998,173,200
2026-02-24,5,24225,A,26257,22483,1885,6417,0,22543,0,6,3188,1503,992,810,0,0,988,-1426,997,11,200
2026-02-24,6,23662,A,25745,21986,2001,6417,0,22543,0,8,3265,1503,992,726,0,0,988,-1453,997,-22,195
2026-02-24,7,22567,A,25562,20865,1966,6417,0,22543,0,5,3272,1503,992,-96,0,0,824,-1453,997,-841,200
2026-02-24,8,22227,A,25289,20494,1995,6417,0,22543,0,8,3742,1504,992,-104,0,0,804,-1453,997,-897,200
2026-02-24,9,22022,A,25213,20288,1912,6417,0,22543,0,6,4158,1506,992,-235,0,0,83,-1453,998,-897,191
2026-02-24,10,21955,A,25188,20221,2072,6417,0,22543,0,7,4116,1506,992,-271,21,0,17,-1453,998,-902,176
2026-02-24,11,21949,A,27042,20344,2158,6417,0,22543,0,7,4765,1508,992,-1044,134,0,-909,-1453,997,-1080,200
2026-02-24,12,22809,A,28009,21171,2282,6417,0,22543,0,7,4886,1508,992,-1076,95,0,-971,-1453,997,-1093,200
2026-02-24,13,25280,A,30383,23566,2469,6417,0,22543,0,7,4941,1507,992,-1062,189,0,-888,-1453,998,-1093,200
2026-02-24,14,27475,A,32575,25607,2651,6417,0,22543,0,7,5145,1507,992,-1062,200,0,-885,-1453,998,-1093,200
2026-02-24,15,29523,A,34672,27435,2723,6417,23,22543,0,9,5101,1508,992,-1059,151,22,-935,-1453,998,-1093,184
2026-02-24,16,30498,A,35651,28424,2801,6417,402,22543,0,11,5242,1507,992,-1059,21,0,-937,-1453,998,-1093,59
2026-02-24,17,31357,A,36270,29187,2873,6417,1137,22543,0,11,5212,1507,992,-1057,0,0,-699,-1453,997,-1093,0
2026-02-24,18,31108,A,36011,28933,2917,6417,1930,22543,0,11,4997,1507,992,-1055,0,0,-691,-1453,998,-1093,27
2026-02-24,19,30527,A,34997,28255,2775,6417,2635,22543,0,12,4643,1506,992,-809,0,0,-503,-1453,998,-1093,0
2026-02-24,20,30431,A,34893,28052,2755,6417,3257,22543,0,20,4578,1507,992,-799,0,0,-497,-1453,997,-1093,0
2026-02-24,21,29837,A,34613,27272,2661,6417,4346,22543,0,24,4284,1507,992,-895,0,0,-711,-1453,998,-1093,44
2026-02-24,22,29390,A,34343,26920,2787,6417,4852,22543,0,190,3941,1507,991,-898,0,0,-719,-1453,998,-1093,89
2026-02-24,23,29094,A,34572,26794,2963,6417,5586,22543,0,331,4351,1507,991,-1051,0,0,-950,-1453,998,-1093,82
2026-02-24,24,28576,A,34070,26273,3105,6417,5949,22543,0,334,4447,1507,992,-1056,0,0,-958,-1453,998,-1093,18
2026-02-24,25,27549,A,33272,25203,3162,6417,7243,22543,0,554,4367,1507,992,-1020,0,0,-958,-1453,998,-1093,-45
2026-02-24,26,26650,A,32650,24327,3206,6417,7689,22543,0,829,4344,1507,992,-1019,0,0,-956,-1453,998,-1093,-50
2026-02-24,27,26388,A,32156,24032,3130,6417,8132,22543,0,874,4250,1507,992,-1069,0,0,-521,-1453,998,-1093,-158
2026-02-24,28,25828,A,31435,23456,3187,6417,7863,22543,0,706,4351,1507,992,-1071,0,0,-503,-1453,998,-1093,-181
2026-02-24,29,25565,A,31092,23263,3168,6417,7627,22543,0,415,4562,1507,992,-1060,0,0,-824,-1453,998,-1093,-82
2026-02-24,30,25651,A,31039,23457,3187,6417,6725,22543,0,170,5160,1507,992,-1061,0,0,-837,-1453,998,-1093,-174
2026-02-24,31,25834,A,31281,23644,3089,6417,5667,22543,0,15,4932,1507,992,-1059,-78,0,-903,-1453,998,-1093,-246
2026-02-24,32,27480,A,33183,25295,3066,6417,4412,22543,0,7,4938,1507,992,-1058,-197,0,-906,-1453,998,-1093,-389
2026-02-24,33,29772,A,35808,27531,2852,6417,2934,22543,0,11,4836,1507,992,-1058,-346,0,-1018,-1453,998,-1093,-457
2026-02-24,34,32226,A,38311,29848,2792,6417,1357,22543,0,13,4782,1506,992,-1058,-352,0,-1021,-1453,998,-1092,-496
2026-02-24,35,34275,A,40402,31669,2765,6417,214,22543,0,8,4572,1507,992,-1057,-399,0,-1022,-1453,998,-1093,-495
2026-02-24,36,35713,A,41913,32879,2847,6417,0,22543,0,6,4760,1503,991,-1058,-452,-50,-1020,-1422,996,-1093,-499
2026-02-24,37,36191,A,41783,33333,2883,6417,0,22543,0,6,4908,1231,969,-1058,-452,-167,-676,-1027,921,-1093,-513
2026-02-24,38,36295,A,41772,33506,2956,6417,0,22543,0,6,5041,1219,968,-1056,-451,-96,-663,-998,919,-1093,-514
2026-02-24,39,35756,A,41480,33050,2774,6417,0,22543,0,8,5060,1492,991,-714,-452,-181,-912,-1250,993,-1093,-514
2026-02-24,40,35250,A,40953,32621,2841,6417,0,22543,0,10,5047,1507,992,-699,-452,-120,-922,-1293,999,-1093,-514
2026-02-24,41,33823,A,39654,31376,2914,6417,0,22543,0,10,4766,1507,992,-747,-451,-220,-761,-1435,998,-1093,-514
2026-02-24,42,32729,A,38551,30348,2949,6417,0,22543,0,10,4610,1507,992,-749,-451,-197,-755,-1453,998,-1093,-514
2026-02-24,43,30773,A,36198,28543,2708,6417,0,22543,0,11,4513,1507,992,-764,-432,-48,-511,-1453,999,-1093,-513
2026-02-24,44,29141,A,34306,27041,2760,6417,0,22543,0,11,4584,1507,992,-764,-301,0,-502,-1453,998,-1093,-441
2026-02-24,45,27754,A,32378,25804,2801,6417,0,22543,0,11,4759,1507,992,-585,-151,0,-261,-1453,997,-1093,-470
2026-02-24,46,26414,A,30829,24620,2871,6417,0,22543,0,10,4808,1506,992,-579,-75,0,-251,-1453,997,-1093,-354
2026-02-24,47,25070,A,29709,23288,2776,6417,0,22543,0,10,4873,1506,992,-969,-75,0,-86,-1453,997,-1093,-353
2026-02-24,48,24070,A,28855,22390,2774,6417,0,22547,0,10,4946,1506,992,-986,-75,0,-80,-1453,996,-1093,-488
2026-02-25,1,24752,A,29399,23049,2792,6417,0,22547,0,11,5040,1506,992,-918,-75,0,100,-1453,997,-1094,-496
2026-02-25,2,24631,A,29415,22990,2788,6417,0,22547,0,170,4953,1506,992,-916,-44,0,108,-1453,997,-1093,-508
2026-02-25,3,24414,A,29314,22826,2619,6417,0,22547,0,249,5056,1504,992,-936,-75,0,523,-1453,997,-1093,-494
2026-02-25,4,23675,A,28595,22143,2682,6417,0,22547,0,250,4834,1504,992,-936,-75,0,540,-1453,997,-1093,-513
2026-02-25,5,23284,A,28427,21742,2743,6417,0,22547,0,513,4768,1504,992,-895,-75,0,620,-1453,997,-1093,-514
2026-02-25,6,22937,A,28038,21357,2652,6417,0,22547,0,472,4644,1505,992,-894,-75,0,621,-1453,997,-1093,-514
2026-02-25,7,22702,A,27886,21112,2430,6417,0,22547,0,348,4547,1506,992,-1077,-75,-24,211,-1453,998,-1093,-514
2026-02-25,8,22189,A,27353,20585,2346,6417,0,22547,0,346,4257,1506,992,-1083,-75,0,186,-1453,998,-1093,-514
2026-02-25,9,21930,A,27258,20296,2185,6417,0,22547,0,83,4143,1507,991,-1085,-75,0,-425,-1453,998,-1093,-514
2026-02-25,10,22208,A,27555,20519,2142,6417,0,22547,0,68,4179,1507,991,-1087,-75,0,-457,-1453,997,-1093,-514
2026-02-25,11,22541,A,28136,20815,2076,6417,0,22547,0,12,4527,1508,992,-1085,-75,0,-803,-1453,998,-1093,-474
2026-02-25,12,23434,A,29051,21641,2039,6417,0,22547,0,8,4437,1507,992,-1085,-73,0,-816,-1445,998,-1093,-497
2026-02-25,13,25883,A,31208,23856,2078,6417,0,22547,0,8,4649,1507,992,-1085,-113,-14,-664,-1348,997,-1093,-400
2026-02-25,14,28092,A,33704,25973,2177,6417,0,22547,0,7,4217,1507,992,-1086,-260,-139,-635,-1304,998,-1093,-488
2026-02-25,15,30447,A,35110,28143,2038,6417,50,22547,0,7,4098,1504,992,-1016,-300,-222,253,-911,998,-1093,-514
2026-02-25,16,31372,A,36212,29041,2072,6417,506,22547,0,7,4187,1505,992,-1002,-426,-370,310,-832,998,-1089,-514
2026-02-25,17,31753,A,35582,29263,1970,6417,1336,22547,0,7,3813,1504,991,-337,-451,-507,413,-446,998,-954,-527
2026-02-25,18,31331,A,35078,28749,1936,6417,2390,22547,0,7,3621,1504,992,-293,-451,-529,423,-427,998,-926,-514
2026-02-25,19,31732,A,34898,29030,1903,6417,3652,22547,0,60,3169,1503,991,713,-451,-530,989,-798,999,-213,-514
2026-02-25,20,31135,A,34313,28328,1950,6417,4724,22547,0,68,2883,1503,992,877,-451,-530,1017,-858,998,-157,-514
2026-02-25,21,29905,A,33096,27106,1947,6417,5830,22547,0,67,2776,1503,992,851,-451,-530,1002,-1029,999,92,-514
2026-02-25,22,28990,A,32216,26244,2000,6417,7107,22547,0,68,2787,1503,992,850,-451,-530,1001,-1063,998,112,-514
2026-02-25,23,28184,A,31565,25335,1986,6417,8033,22547,0,66,2531,1503,992,1049,-451,-530,1015,-1220,998,251,-514
2026-02-25,24,27394,A,30794,24562,2221,6417,7986,22547,0,66,2590,1503,992,1057,-451,-530,1016,-1239,999,266,-514
2026-02-25,25,27352,A,30694,24477,2275,6417,7886,22547,0,9,2473,1503,992,1074,-451,-530,1016,-1239,998,433,-513
2026-02-25,26,26973,A,30328,24167,2416,6417,8015,22547,0,7,2269,1503,992,1073,-451,-529,1011,-1254,999,438,-514
2026-02-25,27,27001,A,30578,24208,2406,6417,7730,22547,0,55,1867,1503,991,963,-451,-529,507,-1429,998,178,-513
2026-02-25,28,27223,A,30753,24379,2502,6417,6739,22547,0,66,1758,1504,992,957,-443,-498,485,-1423,999,149,-500
2026-02-25,29,27409,A,30590,24648,2448,6417,6011,22547,0,41,2085,1503,992,638,-364,-356,835,-1054,999,-259,-507
2026-02-25,30,27966,A,31014,25342,2439,6417,4670,22547,0,9,1983,1503,992,582,-443,-204,849,-977,998,-308,-507
2026-02-25,31,27980,A,31897,25474,2340,6417,3801,22547,0,7,2080,1504,992,-625,-452,-90,671,-590,998,-1045,-508
2026-02-25,32,29557,A,33546,27006,2299,6417,2435,22547,0,6,2171,1504,992,-749,-451,-69,609,-512,998,-1095,-507
2026-02-25,33,30663,A,35204,28070,2202,6417,1503,22547,0,5,2409,1507,992,-932,-452,-216,-599,-134,998,-1095,-508
2026-02-25,34,32559,A,37228,29956,2257,6417,649,22547,0,4,2961,1507,992,-939,-452,-323,-705,-56,999,-1082,-508
2026-02-25,35,34330,A,38276,31638,2233,6417,114,22547,0,4,2999,1507,992,-760,-451,-430,-579,318,998,-614,-508
2026-02-25,36,35502,A,39363,32658,2303,6417,0,22547,0,2,3009,1504,990,-752,-452,-396,-575,394,998,-576,-508
2026-02-25,37,36165,A,39449,33249,2341,6417,0,22547,0,0,2819,1270,945,-466,-451,-468,-456,768,969,-335,-508
2026-02-25,38,35761,A,38851,32856,2414,6417,0,22547,0,3,2879,1259,943,-436,-451,-383,-425,797,968,-284,-508
2026-02-25,39,35433,A,37285,32525,2419,6417,0,22547,0,6,2405,1460,989,456,-452,-286,498,573,996,631,-508
2026-02-25,40,34591,A,36311,31695,2476,6417,0,22547,0,6,2290,1469,992,526,-452,-160,559,516,998,689,-502
2026-02-25,41,33564,A,35087,30767,2508,6417,0,22547,0,6,2322,1502,992,827,-431,-24,475,143,998,42,-462
2026-02-25,42,32418,A,33786,29674,2590,6417,0,22547,0,5,2105,1504,992,838,-338,0,477,91,998,-1,-424
2026-02-25,43,30442,A,31682,27801,2583,6417,0,22547,0,4,1998,1502,992,858,-188,-40,974,5,998,-45,-363
2026-02-25,44,28738,A,29719,26263,2720,6417,0,22547,0,4,2139,1503,992,859,-75,25,997,-35,998,-34,-233
2026-02-25,45,26942,A,28442,24705,2709,6417,0,22547,0,4,2368,1503,992,889,-173,0,997,-409,998,490,-314
2026-02-25,46,25535,A,27076,23453,2735,6417,0,22547,0,4,2389,1503,992,885,-113,0,997,-426,998,514,-398
2026-02-25,47,24080,A,25252,22132,2777,6417,0,22547,0,138,2698,1503,992,386,-10,47,997,-53,997,32,-371
2026-02-25,48,23408,A,24296,21566,2834,6417,0,22552,0,62,2664,1503,992,361,3,2,997,-7,997,5,-219
2026-02-26,1,23754,A,24783,21946,2910,6417,0,22552,0,268,2438,1503,992,400,0,0,997,-7,997,258,-154
2026-02-26,2,24232,A,25631,22553,3038,6417,0,22552,0,748,2389,1503,992,401,0,0,997,-15,997,277,-36
2026-02-26,3,23869,A,25744,22438,3100,6417,0,22552,0,1089,2748,1503,992,450,0,0,997,-123,997,304,-63
2026-02-26,4,23170,A,25784,21873,3234,6417,0,22552,0,1828,3065,1503,992,434,0,0,997,-166,998,290,-20
2026-02-26,5,22271,A,25892,21030,3178,6417,0,22552,0,1822,3328,1503,991,-113,-68,0,997,-545,997,-330,-143
2026-02-26,6,21618,A,25539,20410,3324,6417,0,22552,0,1825,3286,1503,991,-125,-156,0,997,-612,998,-374,-229
2026-02-26,7,20945,A,25593,19784,3269,6417,0,22552,0,1803,3677,1468,992,-841,-32,0,778,-856,997,-414,-102
2026-02-26,8,20503,A,25215,19350,3335,6417,0,22552,0,1809,3770,1460,990,-919,0,0,768,-889,996,-424,-71
2026-02-26,9,20089,A,25121,18962,3235,6417,0,22552,0,1787,4144,1134,922,-1071,0,0,388,-908,964,-666,20
2026-02-26,10,20219,A,25235,19005,3291,6417,0,22552,0,1777,3885,1115,915,-1078,0,10,365,-880,961,-681,60
2026-02-26,11,20711,A,25516,19465,3333,6417,0,22552,0,1781,4139,1253,839,-1086,68,92,-229,-495,916,-614,185
2026-02-26,12,21475,A,26069,20180,3441,6417,0,22552,0,1643,4328,1262,836,-1084,168,13,-256,-417,913,-594,200
2026-02-26,13,24252,A,27317,22852,3499,6417,0,22552,0,1303,4369,1345,908,-1084,200,92,191,-38,955,-40,200
2026-02-26,14,26299,A,28537,24797,3647,6417,0,22552,0,552,4515,1352,915,-1086,200,76,216,39,960,0,200
2026-02-26,15,28478,A,30444,26742,3633,6417,65,22552,0,413,4309,1495,986,-916,200,38,764,412,995,-37,200
2026-02-26,16,29735,A,31559,27972,3788,6417,342,22552,0,410,4770,1503,991,-806,200,0,790,488,997,-8,200
2026-02-26,17,30989,A,32005,28971,3909,6417,718,22552,0,416,4451,1503,991,585,196,0,989,861,998,916,200
2026-02-26,18,31462,A,32478,29383,4051,6417,798,22552,0,416,4414,1503,991,694,200,0,997,882,997,989,200
2026-02-26,19,32041,A,33052,29845,4097,6417,1100,22552,0,411,4475,1502,991,998,191,0,1016,537,997,989,200
2026-02-26,20,31962,A,32977,29711,4236,6417,1567,22552,0,415,4457,1502,991,1012,200,0,1017,464,997,989,200
2026-02-26,21,31806,A,33053,29530,4383,6417,1782,22552,0,647,4963,1503,991,1074,151,0,1017,92,997,989,200
2026-02-26,22,31377,A,32891,29216,4545,6417,1971,22552,0,914,5213,1502,991,1076,21,0,1016,35,998,989,142
2026-02-26,23,31275,A,32757,29195,4692,6417,2278,22552,0,667,5173,1502,991,1074,-68,-52,1016,-95,997,989,16
2026-02-26,24,31157,A,32824,29163,4887,6417,2647,22552,0,740,4972,1502,991,1075,-183,-10,1016,-134,997,989,0
2026-02-26,25,30876,A,33093,28968,4984,6417,2889,22552,0,986,4925,1503,991,1073,-199,0,1016,-432,998,989,0
2026-02-26,26,30912,A,32826,29011,5097,6417,2781,22552,0,689,5139,1503,991,1074,-114,0,1016,-483,998,989,-28
2026-02-26,27,30957,A,33065,29173,5105,6417,2276,22552,0,444,4915,1503,991,1059,-234,0,1016,-663,998,989,-167
2026-02-26,28,30777,A,33143,29116,5165,6417,1954,22552,0,417,4948,1503,991,1057,-380,0,1016,-706,998,978,-263
2026-02-26,29,30660,A,33408,29139,5116,6417,1808,22552,0,413,5040,1503,991,800,-379,-14,997,-960,998,570,-382
2026-02-26,30,30816,A,33330,29329,5103,6417,1267,22552,0,180,5483,1503,991,786,-243,-108,997,-960,998,448,-423
2026-02-26,31,31332,A,34074,29554,5004,6417,1034,22552,0,169,5473,1503,992,353,-93,-21,997,-574,998,-915,-370
2026-02-26,32,32234,A,35084,30179,4991,6417,794,22552,0,237,5264,1502,992,324,-28,0,996,-496,998,-1066,-423
2026-02-26,33,32863,A,35893,30738,4876,6417,463,22552,0,347,5066,1503,991,-513,-65,0,997,-118,997,-1020,-367
2026-02-26,34,33713,A,37007,31506,4870,6417,192,22552,0,494,4491,1502,991,-562,-216,0,997,-41,997,-996,-385
2026-02-26,35,35734,A,38022,33152,4742,6417,18,22552,0,420,4285,1502,991,-3,-367,-41,862,334,997,-353,-504
2026-02-26,36,36154,A,38470,33534,4622,6417,0,22552,0,305,4559,1503,992,0,-450,-188,857,410,997,-286,-487
2026-02-26,37,36507,A,38555,33955,4442,6417,0,22552,0,166,4530,1502,992,158,-451,-318,992,783,997,567,-513
2026-02-26,38,36205,A,38329,33592,4389,6417,0,22552,0,162,4512,1502,992,181,-451,-403,997,859,998,645,-508
2026-02-26,39,36348,A,38461,33827,4078,6417,0,22552,0,160,4481,1502,992,879,-451,-390,997,1232,998,1341,-512
2026-02-26,40,35275,A,37352,32754,3888,6417,0,22552,0,9,4309,1502,992,920,-451,-503,997,1252,998,1387,-514
2026-02-26,41,34211,A,36283,31656,3536,6417,0,22552,0,3,3945,1502,992,882,-451,-505,996,915,998,1299,-513
2026-02-26,42,32821,A,34837,30359,3365,6417,0,22552,0,7,4154,1502,992,877,-451,-444,997,845,998,1277,-514
2026-02-26,43,31161,A,33244,28854,3278,6417,0,22552,0,6,4173,1502,992,344,-451,-512,997,490,998,704,-514
2026-02-26,44,29733,A,31671,27536,3291,6417,0,22552,0,8,4220,1501,992,310,-436,-401,996,416,997,658,-493
2026-02-26,45,28442,A,30240,26404,3075,6417,0,22552,0,19,4515,1502,992,-162,-313,-337,997,42,997,488,-367
2026-02-26,46,26897,A,29360,25035,2937,6417,0,22552,0,731,4377,1502,992,-174,-272,-294,997,-36,997,468,-356
2026-02-26,47,25637,A,28652,23816,2732,6417,0,22552,0,974,4519,1502,992,428,-272,-336,997,-412,997,207,-421
2026-02-26,48,24993,A,28420,23243,2696,6417,0,22559,0,1081,4307,1502,992,489,-272,-483,997,-479,997,194,-512
2026-02-27,1,25364,A,29174,23539,2505,6417,0,22559,0,1181,4189,1502,992,893,-272,-527,997,-717,997,407,-513
2026-02-27,2,26013,A,29766,24348,2487,6417,0,22559,0,1105,4487,1502,992,911,-272,-528,997,-734,997,420,-514
2026-02-27,3,25291,A,29003,23686,2350,6417,0,22559,0,1220,4052,1501,992,1038,-271,-528,997,-579,997,309,-514
2026-02-27,4,24550,A,28226,22958,2277,6417,0,22559,0,1185,3900,1502,992,1043,-273,-527,997,-577,997,292,-514
2026-02-27,5,24191,A,27799,22658,2146,6417,0,22559,0,853,3850,1502,992,1071,-326,-527,997,-788,998,15,-514
2026-02-27,6,23462,A,27350,21952,2162,6417,0,22559,0,1113,3758,1501,992,1071,-332,-527,997,-803,997,4,-513
2026-02-27,7,22764,A,26403,21267,2041,6417,0,22559,0,987,3531,1502,992,708,-358,-527,963,-654,997,274,-513
2026-02-27,8,21923,A,25283,20486,1991,6417,0,22559,0,703,3435,1502,992,693,-362,-528,962,-654,997,304,-513
2026-02-27,9,21973,A,25263,20466,1844,6417,0,22559,0,377,3402,1502,992,682,-395,-528,995,-876,997,645,-514
2026-02-27,10,22252,A,25199,20581,1845,6417,0,22559,0,23,3263,1502,992,679,-408,-527,997,-875,997,681,-514
2026-02-27,11,22923,A,25519,21132,1776,6417,0,22559,0,16,3135,1502,992,226,-451,-509,997,-506,997,1107,-514
2026-02-27,12,23730,A,26292,21849,1677,6417,0,22559,0,53,3101,1502,992,203,-451,-513,997,-431,997,1136,-514
2026-02-27,13,26179,A,28265,24108,1597,6417,0,22559,0,13,2976,1502,992,-97,-392,-417,997,-53,996,1116,-514
2026-02-27,14,28792,A,30975,26466,1512,6417,0,22559,0,9,2642,1502,992,-104,-448,-506,997,-2,998,1106,-514
2026-02-27,15,31677,A,33780,29023,1374,6417,5,22559,0,9,2119,1502,992,717,-452,-528,997,44,998,785,-514
2026-02-27,16,33392,A,35495,30507,1291,6417,119,22559,0,9,2120,1502,992,883,-452,-528,997,79,998,768,-514
2026-02-27,17,34316,A,36418,31263,1142,6417,501,22559,0,9,1886,1502,992,1071,-452,-527,997,452,998,974,-514
2026-02-27,18,34365,A,36468,31236,1047,6417,1037,22559,0,10,1899,1502,992,1078,-452,-527,997,529,998,993,-514
2026-02-27,19,34417,A,36519,31296,952,6417,1685,22559,0,9,1526,1502,992,1076,-452,-527,1016,901,998,993,-514
2026-02-27,20,34205,A,36307,31123,938,6417,2195,22559,0,9,1018,1502,992,1076,-451,-528,1016,977,997,992,-514
2026-02-27,21,33675,A,35777,30699,889,6417,2884,22559,0,9,804,1502,992,1075,-452,-527,1017,1350,998,983,-514
2026-02-27,22,33323,A,35425,30442,946,6417,3122,22559,0,9,1005,1502,992,1075,-451,-528,1016,1397,998,979,-514
2026-02-27,23,33131,A,35235,30312,926,6417,3383,22559,0,9,960,1502,992,1076,-452,-529,1017,1397,998,866,-514
2026-02-27,24,32954,A,35058,30124,921,6417,3335,22559,0,11,1128,1501,991,1076,-451,-529,1016,1383,998,857,-513
2026-02-27,25,32759,A,34882,29953,862,6417,3245,22559,0,14,1357,1502,992,1075,-451,-528,1016,1214,998,854,-530
2026-02-27,26,32526,A,34632,29670,865,6417,3101,22559,0,13,1401,1502,991,1075,-451,-528,1016,1172,998,851,-514
2026-02-27,27,32635,A,34737,29694,829,6417,3380,22559,0,13,1677,1502,992,869,-452,-528,1016,905,998,766,-509
2026-02-27,28,32377,A,34453,29391,858,6417,3314,22559,0,10,1014,1502,992,861,-451,-529,1016,842,998,764,-486
2026-02-27,29,32109,A,34142,29209,853,6417,3025,22559,0,10,1342,1502,992,1002,-452,-529,997,470,998,973,-442
2026-02-27,30,31900,A,33804,28996,842,6417,2701,22559,0,10,1403,1502,992,1008,-451,-528,996,404,998,981,-315
2026-02-27,31,32013,A,33890,29106,781,6417,1960,22559,0,9,1290,1502,991,753,-451,-516,996,161,997,724,-301
2026-02-27,32,32890,A,34778,29910,724,6417,1655,22559,0,8,1312,1502,991,743,-451,-528,996,160,998,682,-301
2026-02-27,33,33220,A,35307,30205,713,6417,1148,22559,0,6,1329,1503,991,657,-452,-528,997,532,998,-191,-310
2026-02-27,34,34096,A,36362,31077,750,6417,549,22559,0,6,1280,1502,991,653,-452,-529,996,608,998,-249,-430
2026-02-27,35,35363,A,37604,32226,797,6417,123,22559,0,6,1308,1502,991,395,-452,-528,997,982,997,-142,-513
2026-02-27,36,36028,A,38196,32855,909,6417,0,22559,0,6,1069,1502,991,385,-451,-530,996,1052,997,-67,-514
2026-02-27,37,37110,A,39213,33811,966,6417,0,22559,0,6,448,1502,992,769,-452,-531,997,1355,997,1121,-514
2026-02-27,38,36661,A,38762,33379,1019,6417,0,22559,0,6,198,1503,991,785,-451,-530,997,1393,997,1235,-514
2026-02-27,39,35816,A,37924,32591,1024,6417,0,22559,0,11,437,1503,992,1034,-452,-531,997,1397,998,972,-514
2026-02-27,40,34730,A,36833,31509,1070,6417,0,22559,0,6,749,1502,992,1044,-452,-531,997,1374,998,951,-514
2026-02-27,41,33939,A,36041,30840,1085,6417,0,22559,0,6,997,1502,992,1050,-451,-531,997,1085,997,976,-514
2026-02-27,42,33082,A,35185,30054,1090,6417,0,22559,0,6,1189,1503,992,1052,-452,-531,997,1019,997,975,-514
2026-02-27,43,31604,A,33707,28701,1090,6417,0,22559,0,6,1010,1502,992,1055,-452,-531,997,647,998,829,-514
2026-02-27,44,29970,A,32072,27207,1161,6417,0,22559,0,7,794,1502,992,1061,-451,-530,997,581,998,818,-514
2026-02-27,45,28646,A,30750,26058,1167,6417,0,22559,0,8,1120,1502,992,1066,-452,-530,997,336,997,859,-514
2026-02-27,46,27214,A,29315,24778,1202,6417,0,22559,0,4,1174,1503,992,1067,-452,-531,997,293,998,867,-514
2026-02-27,47,25899,A,28127,23474,1165,6417,0,22559,0,132,1276,1502,992,1055,-451,-531,997,125,997,967,-514
2026-02-27,48,25183,A,27300,22766,1203,6417,0,22760,0,22,1035,1502,992,1054,-451,-530,997,101,997,974,-514
2026-02-28,1,25243,A,27347,22820,1179,6417,0,22760,0,9,1029,1502,992,1049,-451,-530,997,68,997,940,-514
2026-02-28,2,25505,A,27735,23111,1187,6417,0,22760,0,149,1042,1502,992,1049,-452,-515,997,62,998,935,-514
2026-02-28,3,25219,A,27423,22870,1221,6417,0,22760,0,109,1115,1502,992,1031,-451,-530,997,49,998,937,-514
2026-02-28,4,24871,A,27092,22558,1215,6417,0,22760,0,124,901,1502,992,1030,-452,-531,997,41,998,937,-514
2026-02-28,5,24439,A,26695,22187,1195,6417,0,22760,0,123,541,1502,992,1015,-452,-531,997,-36,997,883,-514
2026-02-28,6,23863,A,26154,21652,1196,6417,0,22760,0,123,407,1502,992,1014,-452,-530,997,-72,997,877,-514
2026-02-28,7,23416,A,26049,21244,1212,6417,0,22760,0,123,391,1502,992,995,-451,-531,997,-414,997,824,-514
2026-02-28,8,22967,A,25654,20802,1224,6417,0,22760,0,123,236,1502,992,994,-451,-531,997,-468,998,820,-514
2026-02-28,9,22888,A,25715,20717,1204,6417,0,22760,0,123,146,1502,992,1032,-452,-531,997,-607,997,787,-514
2026-02-28,10,22714,A,25541,20464,1253,6417,0,22760,0,123,-55,1502,992,1035,-452,-531,997,-607,998,776,-514
2026-02-28,11,22385,A,24980,20124,1239,6417,0,22760,0,123,-369,1502,992,1051,-452,-531,997,-375,998,497,-514
2026-02-28,12,21876,A,24409,19658,1224,6417,0,22760,0,122,-424,1502,992,1052,-451,-530,997,-316,997,476,-514
2026-02-28,13,23151,A,25274,20887,1203,6417,0,22760,0,27,38,1502,992,1071,-452,-530,997,63,997,422,-514
2026-02-28,14,23616,A,25725,21240,1152,6417,0,22760,0,12,200,1502,992,1072,-452,-531,997,140,997,429,-514
2026-02-28,15,24966,A,27073,22432,1183,6417,54,22760,0,11,-80,1502,992,1072,-452,-530,997,512,998,835,-514
2026-02-28,16,25914,A,28024,23327,1201,6417,428,22760,0,13,73,1503,992,1073,-452,-531,997,588,997,859,-514
2026-02-28,17,26935,A,29041,24176,1222,6417,898,22760,0,13,276,1502,992,1070,-451,-528,997,961,997,658,-514
2026-02-28,18,27749,A,29748,24944,1237,6417,1632,22760,0,9,355,1502,992,1071,-451,-425,997,1033,997,648,-514
2026-02-28,19,28780,A,30628,25809,1243,6417,2404,22760,0,8,353,1502,992,1072,-452,-274,1016,1357,997,820,-514
2026-02-28,20,28443,A,30119,25379,1251,6417,3424,22760,0,8,-321,1503,992,1072,-432,-122,1017,1372,997,836,-514
2026-02-28,21,27959,A,29375,24886,1200,6417,4284,22760,0,8,-409,1502,992,1072,-302,-7,1016,1047,997,965,-499
2026-02-28,22,27584,A,28741,24549,1155,6417,5249,22760,0,8,-672,1503,992,1072,-152,0,1017,977,997,974,-397
2026-02-28,23,27125,A,28341,24108,1036,6417,5713,22760,0,146,-710,1502,992,1072,-19,0,1016,604,997,987,-451
2026-02-28,24,27142,A,28310,24157,976,6417,6581,22760,0,166,-791,1502,992,1071,0,0,1017,528,997,988,-402
2026-02-28,25,26498,A,27947,23573,912,6417,6838,22760,0,430,-815,1502,992,1071,0,0,1016,155,997,988,-419
2026-02-28,26,26346,A,27641,23486,870,6417,6785,22760,0,295,-763,1503,992,1071,0,0,1016,101,997,988,-400
2026-02-28,27,26278,A,27355,23469,806,6417,7183,22760,0,25,-649,1503,992,1070,0,0,1016,7,997,988,-452
2026-02-28,28,26430,A,27546,23563,797,6417,6704,22760,0,10,-600,1503,992,1070,0,0,1016,-7,998,988,-499
2026-02-28,29,26554,A,27676,23726,728,6417,5117,22760,0,10,-428,1502,992,1070,-1,0,997,-7,998,988,-504
2026-02-28,30,26992,A,28122,24251,701,6417,4611,22760,0,10,435,1503,992,1070,-7,0,997,16,998,988,-513
2026-02-28,31,27535,A,28686,24848,708,6417,3906,22760,0,66,512,1503,992,1072,-8,0,997,288,997,988,-477
2026-02-28,32,28767,A,30008,26042,727,6417,3100,22760,0,10,242,1503,992,1064,-125,0,996,351,998,988,-506
2026-02-28,33,30020,A,31285,27241,755,6417,2476,22760,0,8,886,1503,992,1070,-235,0,997,723,998,988,-422
2026-02-28,34,31227,A,32712,28268,727,6417,1359,22760,0,6,1378,1503,992,1069,-383,-13,997,799,997,988,-483
2026-02-28,35,33554,A,35257,30499,763,6417,319,22760,0,5,1857,1503,992,1068,-451,-139,997,1173,997,988,-508
2026-02-28,36,34870,A,36697,31736,802,6417,3,22760,0,2,2118,1503,992,1069,-452,-289,997,1231,998,988,-484
2026-02-28,37,35408,A,37330,32233,914,6417,0,22760,0,0,2234,1503,992,1069,-451,-358,958,1378,997,991,-513
2026-02-28,38,35522,A,37582,32333,1045,6417,0,22760,0,0,2452,1503,992,1069,-451,-495,957,1395,997,992,-514
2026-02-28,39,34795,A,36895,31708,1119,6417,0,22760,0,3,2499,1504,992,1070,-452,-531,771,1378,997,992,-514
2026-02-28,40,34007,A,36110,31032,1213,6417,0,22760,0,7,2700,1503,992,1068,-451,-531,764,1347,997,991,-514
2026-02-28,41,33149,A,35252,30292,1319,6417,0,22760,0,7,2711,1503,992,648,-451,-531,988,974,997,991,-514
2026-02-28,42,31919,A,33995,29229,1429,6417,0,22760,0,8,2674,1503,992,584,-451,-503,997,898,997,991,-514
2026-02-28,43,30777,A,33065,28264,1535,6417,0,22760,0,9,2840,1503,992,-371,-430,-364,997,526,997,991,-514
2026-02-28,44,29163,A,31254,26812,1707,6417,0,22760,0,9,2913,1503,992,-403,-354,-211,997,450,997,991,-514
2026-02-28,45,27692,A,29321,25513,1822,6417,0,22760,0,11,2976,1503,992,173,-444,-60,997,76,997,991,-514
2026-02-28,46,26547,A,28038,24497,1906,6417,0,22760,0,14,3005,1503,992,187,-363,0,997,59,997,991,-514
2026-02-28,47,25190,A,27227,23180,1872,6417,0,22760,0,14,3243,1504,992,-484,-375,-50,849,433,997,991,-514
2026-02-28,48,24330,A,26475,22435,1958,6417,0,22760,0,14,3428,1503,992,-558,-451,-8,844,500,996,991,-514
2026-03-01,1,24615,A,26853,22745,1944,6417,0,22760,0,12,3422,1504,992,-644,-433,-51,886,768,997,991,-498
2026-03-01,2,25043,A,26975,23215,2052,6417,0,22760,0,12,3892,1503,992,-647,-303,-3,885,772,997,991,-367
2026-03-01,3,24661,A,26195,22781,2107,6417,0,22760,0,13,4131,1504,992,-545,-153,0,467,400,996,990,-223
2026-03-01,4,24034,A,25441,22267,2233,6417,0,22760,0,13,4291,1502,988,-541,-94,0,449,323,994,981,-159
2026-03-01,5,22956,A,24403,21305,2367,6417,0,22760,0,11,4550,1363,852,-752,-8,0,384,-52,892,737,-24
2026-03-01,6,22626,A,24129,21000,2487,6417,0,22760,0,13,4704,1353,843,-761,0,0,381,-129,882,708,0
2026-03-01,7,21990,A,23880,20443,2575,6417,0,22760,0,17,4720,1267,843,-765,0,0,265,-508,764,271,68
2026-03-01,8,21717,A,23950,20204,2620,6417,0,22760,0,281,4836,1257,843,-766,52,0,261,-586,754,235,172
2026-03-01,9,21128,A,24040,19648,2546,6417,0,22760,0,296,4968,1076,843,-1043,8,0,33,-973,712,134,190
2026-03-01,10,21006,A,24068,19478,2633,6417,0,22760,0,357,4802,1069,847,-1055,0,0,24,-1050,717,107,152
2026-03-01,11,20795,A,25278,19282,2557,6417,0,22760,0,767,5085,1482,983,-1055,0,0,286,-1406,980,-655,152
2026-03-01,12,20720,A,25423,19189,2658,6417,0,22760,0,894,5084,1503,988,-1055,0,0,296,-1451,996,-703,200
2026-03-01,13,21230,A,25943,19695,2735,6417,0,22760,0,1081,5234,1364,864,-1055,0,0,159,-1451,997,-526,200
2026-03-01,14,21799,A,26614,20315,2907,6417,0,22760,0,1201,5355,1355,859,-1055,3,0,154,-1452,996,-507,200
2026-03-01,15,22556,A,27259,21047,3074,6417,84,22760,0,1462,5550,1355,983,-932,77,0,215,-1452,996,-257,200
2026-03-01,16,23088,A,27689,21509,3175,6417,507,22760,0,1497,5575,1357,992,-823,15,0,223,-1439,997,-242,169
2026-03-01,17,24397,A,28213,22707,3240,6417,1160,22760,0,1619,5382,1495,992,434,0,0,777,-1262,992,-335,37
2026-03-01,18,25119,A,28830,23344,3367,6417,1990,22760,0,1494,5589,1503,992,498,0,0,803,-1239,992,-321,-57
2026-03-01,19,25444,A,29163,23557,3443,6417,2849,22760,0,1756,5144,1502,992,900,0,0,940,-1239,996,436,-124
2026-03-01,20,25390,A,29327,23580,3533,6417,3371,22760,0,1802,5194,1502,992,917,-24,0,945,-1239,996,491,-272
2026-03-01,21,25385,A,29305,23527,3601,6417,4261,22760,0,1802,5177,1502,992,1041,0,0,1014,-1239,996,603,-279
2026-03-01,22,25146,A,29028,23280,3763,6417,4096,22760,0,1780,5123,1499,986,1045,0,0,1016,-1209,996,606,-293
2026-03-01,23,25421,A,28664,23507,3798,6417,4173,22760,0,1461,4952,1263,768,950,0,0,950,-818,997,399,-364
2026-03-01,24,26121,A,29437,24134,3854,6417,4047,22760,0,1683,5082,1252,759,947,0,0,948,-765,997,386,-268
2026-03-01,25,26871,A,30135,24879,3762,6417,4050,22760,0,1703,5254,1489,977,935,0,0,1014,-717,997,479,-244
2026-03-01,26,27088,A,30242,25086,3865,6417,3957,22760,0,1730,5253,1502,992,934,0,0,1016,-708,997,494,-116
2026-03-01,27,27418,A,30542,25399,3883,6417,3744,22760,0,1745,5287,1502,992,1040,-12,0,1016,-678,996,804,-89
2026-03-01,28,27576,A,30540,25616,3915,6417,3860,22760,0,1649,5470,1502,992,1042,0,0,1016,-682,996,812,-33
2026-03-01,29,27305,A,29662,25394,3949,6417,3553,22760,0,973,5585,1502,992,636,0,0,795,-784,996,298,69
2026-03-01,30,27536,A,29493,25575,3972,6417,3255,22760,0,591,5639,1502,992,579,32,0,786,-766,996,240,184
2026-03-01,31,27745,A,30008,25742,3990,6417,2491,22760,0,258,5726,1502,992,-503,165,57,866,-392,996,-510,200
2026-03-01,32,28827,A,31045,26879,4066,6417,1889,22760,0,165,5684,1502,992,-551,148,11,869,-338,997,-564,200
2026-03-01,33,30630,A,32342,28636,4074,6417,1187,22760,0,154,5612,1502,992,94,186,0,812,-233,996,-725,200
2026-03-01,34,31669,A,33349,29601,4123,6417,396,22760,0,155,5664,1502,992,102,200,25,810,-206,996,-719,200
2026-03-01,35,33147,A,33983,31053,4101,6417,49,22760,0,158,5747,1502,992,325,115,0,580,-27,997,-51,199
2026-03-01,36,33754,A,34508,31626,4248,6417,0,22760,0,154,5569,1502,991,348,8,0,571,7,997,19,200
2026-03-01,37,34652,A,35343,32489,4279,6417,0,22760,0,91,5775,1502,992,851,54,0,716,149,996,830,200
2026-03-01,38,34045,A,34670,31907,4460,6417,0,22760,0,4,5155,1502,992,873,-21,0,721,137,996,869,183
2026-03-01,39,32921,A,33902,30959,4485,6417,0,22760,0,4,5684,1503,992,437,-136,0,604,-241,997,143,55
2026-03-01,40,31525,A,32618,29752,4642,6417,0,22760,0,11,5853,1503,992,402,-97,0,601,-317,997,73,-68
2026-03-01,41,29941,A,32617,28296,4647,6417,0,22760,0,7,5788,1502,992,-318,-220,0,981,-699,997,-613,-219
2026-03-01,42,28840,A,32084,27256,4804,6417,0,22760,0,116,5634,1502,992,-357,-288,-68,984,-777,997,-670,-368
2026-03-01,43,27429,A,32306,26010,4868,6417,0,22760,0,281,5734,1504,992,-716,-345,-219,282,-1168,997,-1065,-483
2026-03-01,44,26293,A,31598,24940,4983,6417,0,22760,0,397,5643,1503,992,-731,-381,-371,239,-1219,996,-1092,-514
2026-03-01,45,24520,A,30374,23379,4995,6417,0,22760,0,413,5982,1466,992,-880,-381,-506,-230,-1238,990,-1092,-514
2026-03-01,46,22980,A,28995,21970,5086,6417,0,22760,0,512,5993,1465,992,-884,-381,-529,-264,-1239,989,-1092,-514
2026-03-01,47,22012,A,29408,21065,5104,6417,0,22760,0,1002,6036,1505,992,-1057,-381,-529,-982,-1239,997,-1092,-514
2026-03-01,48,20955,A,28665,20047,5147,6417,0,22764,0,1270,5705,1507,992,-1063,-381,-529,-1022,-1239,997,-1092,-514
2026-03-02,1,21296,A,29033,20387,5099,6417,0,22764,0,1302,5645,1507,992,-1058,-381,-529,-1022,-1239,998,-1092,-514
2026-03-02,2,21950,A,29756,21013,5187,6417,0,22764,0,1371,5922,1507,992,-1059,-381,-529,-1022,-1239,997,-1092,-513
2026-03-02,3,22076,A,30064,21241,5169,6417,0,22764,0,1555,6002,1507,992,-1057,-381,-529,-1022,-1239,997,-1092,-513
2026-03-02,4,21541,A,29545,20717,5134,6417,0,22764,0,1570,5832,1506,992,-1057,-381,-529,-1022,-1239,998,-1092,-514
2026-03-02,5,21102,A,29099,20304,5019,6417,0,22764,0,1551,5851,1392,992,-1056,-394,-529,-1022,-1239,998,-1092,-514
2026-03-02,6,20772,A,28849,19927,4953,6417,0,22764,0,1560,5713,1387,992,-1056,-451,-530,-1022,-1253,997,-1092,-513
2026-03-02,7,20065,A,28290,19201,4725,6417,0,22764,0,1531,5357,1460,992,-1057,-452,-528,-1022,-1430,984,-1092,-513
2026-03-02,8,19911,A,28154,19013,4635,6417,0,22764,0,1530,5545,1465,992,-1056,-451,-527,-1022,-1452,982,-1092,-513
2026-03-02,9,19832,A,27780,18977,4384,6417,0,22764,0,1518,5479,1505,992,-960,-452,-528,-839,-1453,996,-1085,-513
2026-03-02,10,20039,A,27946,19018,4249,6417,0,22764,0,1514,4964,1507,992,-957,-451,-528,-832,-1428,997,-1083,-514
2026-03-02,11,20533,A,27937,19336,3954,6417,0,22764,0,1207,4553,1507,992,-1015,-452,-506,-903,-1116,997,-1091,-514
2026-03-02,12,21409,A,28081,19964,3824,6417,0,22764,0,761,3746,1507,992,-1017,-436,-370,-835,-1047,998,-1092,-514
2026-03-02,13,24082,A,29179,22344,3628,6417,0,22764,0,634,3281,1503,991,-1054,-328,-217,482,-658,997,-1092,-514
2026-03-02,14,26089,A,30265,24208,3499,6417,0,22764,0,119,3618,1503,991,-914,-346,-65,604,-579,997,-1039,-514
2026-03-02,15,28958,A,30855,26792,3255,6417,209,22764,0,79,3205,1502,991,94,-448,-56,935,-200,997,73,-514
2026-03-02,16,29950,A,31852,27465,3121,6417,1053,22764,0,9,3231,1502,991,122,-452,-205,948,-123,997,191,-513
2026-03-02,17,30567,A,32334,27838,2886,6417,2154,22764,0,8,2863,1502,991,985,-452,-193,995,253,997,925,-514
2026-03-02,18,30646,A,32412,27461,2843,6417,3020,22764,0,8,2696,1502,991,1043,-451,-194,997,290,997,977,-513
2026-03-02,19,30146,A,31899,27149,2839,6417,4139,22764,0,8,2782,1502,991,1043,-451,-181,1016,169,997,989,-513
2026-03-02,20,29293,A,30945,26254,2863,6417,5405,22764,0,8,2760,1502,991,1045,-451,-79,1016,143,997,990,-514
2026-03-02,21,28420,A,29990,25532,2817,6417,6565,22764,0,8,2806,1503,991,1044,-448,0,1016,12,997,990,-514
2026-03-02,22,27789,A,29190,25058,2821,6417,7477,22764,0,8,2989,1503,991,1044,-345,0,1016,-5,997,990,-443
2026-03-02,23,27391,A,28490,24792,2718,6417,8689,22764,0,8,3239,1503,991,1045,-195,59,1016,-5,997,990,-291
2026-03-02,24,27075,A,27872,24590,2678,6417,9114,22764,0,9,3614,1503,991,1044,-44,12,1016,-5,997,990,-139
2026-03-02,25,27264,A,27877,24908,2586,6417,9405,22764,0,8,3924,1502,991,1044,2,0,1016,-5,997,990,6
2026-03-02,26,27112,A,27825,24897,2591,6417,9320,22764,0,108,4159,1503,992,1045,0,0,1016,-5,997,990,26
2026-03-02,27,26602,A,27504,24514,2580,6417,8662,22764,0,285,4531,1502,992,1045,0,0,1016,-7,997,977,-10
2026-03-02,28,25911,A,27198,23978,2650,6417,8162,22764,0,548,4648,1503,992,1035,0,0,1012,-26,997,957,-113
2026-03-02,29,25761,A,27193,23977,2659,6417,7389,22764,0,324,4817,1503,992,418,0,0,538,-265,997,281,-243
2026-03-02,30,26262,A,27807,24554,2674,6417,6369,22764,0,410,4996,1504,992,372,6,13,517,-271,998,182,-264
2026-03-02,31,27020,A,29990,25357,2647,6417,5277,22764,0,525,5019,1504,992,-667,61,109,568,40,997,-938,-240
2026-03-02,32,28866,A,32103,27062,2585,6417,4016,22764,0,416,4826,1503,992,-810,-31,22,569,108,997,-1039,-341
2026-03-02,33,31087,A,34846,29090,2529,6417,2759,22764,0,409,4937,1503,992,-1047,-173,-60,217,482,997,-1086,-384
2026-03-02,34,33248,A,37274,31130,2518,6417,1344,22764,0,403,5048,1501,992,-1056,-325,-55,180,558,997,-1088,-499
2026-03-02,35,34762,A,39525,32560,2578,6417,273,22764,0,401,4884,1337,992,-1056,-443,-113,-704,930,998,-932,-514
2026-03-02,36,36196,A,40957,33838,2635,6417,4,22764,0,386,4775,1310,986,-1057,-411,-181,-760,1004,981,-852,-514
2026-03-02,37,37015,A,40534,34483,2626,6417,0,22764,0,251,4496,624,789,-957,-451,-331,-415,1353,383,352,-514
2026-03-02,38,36812,A,40439,34282,2682,6417,0,22764,0,242,4495,590,780,-951,-451,-479,-390,1395,362,474,-514
2026-03-02,39,37120,A,40093,34702,2644,6417,0,22764,0,245,4332,1233,969,-636,-451,-527,292,1383,948,586,-514
2026-03-02,40,35737,A,38705,33543,2621,6417,0,22764,0,251,4163,1277,983,-623,-451,-529,332,1352,984,599,-514
2026-03-02,41,34815,A,37710,32627,2604,6417,0,22764,0,250,4393,1491,992,-550,-452,-529,777,980,996,665,-514
2026-03-02,42,33587,A,36477,31459,2543,6417,0,22764,0,249,4328,1503,992,-547,-451,-529,796,904,997,655,-514
2026-03-02,43,32340,A,35113,30159,2360,6417,0,22764,0,250,4399,1504,992,-421,-452,-528,610,530,998,106,-522
2026-03-02,44,30845,A,33544,28626,2141,6417,0,22764,0,189,4427,1504,992,-416,-452,-528,603,500,998,65,-514
2026-03-02,45,28934,A,31667,26836,1893,6417,0,22764,0,73,3861,1504,992,-584,-451,-511,826,705,998,22,-514
2026-03-02,46,27233,A,29771,25184,1738,6417,0,22764,0,5,3451,1504,992,-553,-451,-415,835,716,997,28,-514
2026-03-02,47,26007,A,28127,23991,1568,6417,0,22764,0,125,3108,1504,992,94,-452,-429,705,519,997,390,-514
2026-03-02,48,25037,A,27150,23094,1505,6417,0,22769,0,21,3172,1504,992,103,-452,-526,701,524,997,421,-514
2026-03-03,1,25763,A,27866,23712,1329,6417,0,22769,0,11,2989,1503,992,426,-451,-527,986,897,998,634,-514
2026-03-03,2,25995,A,28103,23913,1250,6417,0,22769,0,15,2889,1503,992,463,-452,-527,998,965,997,658,-514
2026-03-03,3,25602,A,27710,23473,1134,6417,0,22769,0,14,2551,1503,992,742,-452,-528,998,1246,998,974,-514
2026-03-03,4,25118,A,27224,23191,1091,6417,0,22769,0,12,2586,1503,992,753,-452,-528,998,1288,998,995,-514
2026-03-03,5,24924,A,27028,23061,1020,6417,0,22769,0,12,2499,1504,992,747,-451,-527,998,1385,998,941,-514
2026-03-03,6,24402,A,26508,22533,1014,6417,0,22769,0,12,2500,1504,992,747,-452,-528,998,1377,998,935,-514
2026-03-03,7,23992,A,26097,22155,936,6417,0,22769,0,12,2618,1503,992,724,-451,-528,998,1118,998,858,-514
2026-03-03,8,23249,A,25355,21417,905,6417,0,22769,0,12,2141,1503,992,661,-452,-528,998,1081,998,842,-514
2026-03-03,9,23239,A,25526,21274,856,6417,0,22769,0,12,2247,1504,992,-182,-451,-528,778,1002,997,454,-514
2026-03-03,10,23491,A,25928,21545,882,6417,0,22769,0,79,2020,1491,990,-278,-451,-515,690,993,997,403,-514
2026-03-03,11,23277,A,27713,21212,872,6417,0,22769,0,278,2325,963,913,-1008,-452,-418,-696,1003,961,-470,-514
2026-03-03,12,24315,A,28854,22087,885,6417,0,22769,0,72,2101,916,896,-1049,-451,-506,-833,1030,943,-514,-514
2026-03-03,13,26882,A,31008,24374,907,6417,0,22769,0,10,2093,433,458,-1056,-452,-527,-967,1356,403,77,-514
2026-03-03,14,28764,A,32841,25939,890,6417,1,22769,0,16,2020,423,432,-1039,-451,-528,-929,1397,380,120,-514
2026-03-03,15,31814,A,34162,28669,863,6417,287,22769,0,18,1807,1310,581,-236,-452,-528,172,1397,739,222,-514
2026-03-03,16,32442,A,34731,29113,848,6417,1176,22769,0,12,1592,1374,601,-182,-452,-529,268,1397,768,248,-514
2026-03-03,17,33283,A,35385,29777,777,6417,2425,22769,0,9,1357,1496,967,821,-451,-528,959,1397,983,942,-514
2026-03-03,18,32824,A,34927,29200,680,6417,3745,22769,0,8,1081,1503,992,1047,-452,-529,997,1397,997,990,-514
2026-03-03,19,31917,A,34019,28309,619,6417,5025,22769,0,8,946,1503,992,1044,-451,-529,1016,1397,997,989,-514
2026-03-03,20,31201,A,33303,27611,612,6417,6173,22769,0,8,814,1503,992,1042,-451,-529,1017,1397,997,989,-514
2026-03-03,21,30238,A,32340,26992,643,6417,6992,22769,0,7,874,1503,992,1043,-452,-529,1017,1397,991,990,-514
2026-03-03,22,29796,A,31895,26652,643,6417,7584,22769,0,7,820,1503,992,1044,-451,-527,1017,1397,996,989,-514
2026-03-03,23,29192,A,31304,26050,618,6417,8096,22769,0,6,556,1503,992,1043,-451,-529,1017,1397,998,990,-526
2026-03-03,24,29155,A,31254,26076,617,6417,8465,22769,0,5,536,1502,992,1043,-452,-529,1017,1397,998,990,-513
2026-03-03,25,28931,A,31033,25903,603,6417,8745,22769,0,8,408,1502,992,1044,-452,-528,1017,1397,991,990,-514
2026-03-03,26,28732,A,30834,25804,602,6417,8210,22769,0,9,503,1502,992,1043,-452,-527,1017,1397,997,990,-514
2026-03-03,27,28531,A,30630,25637,549,6417,7617,22769,0,7,415,1502,992,1044,-452,-527,1017,1397,997,990,-513
2026-03-03,28,28339,A,30442,25374,525,6417,7568,22769,0,7,211,1502,992,1043,-452,-527,1016,1397,997,990,-517
2026-03-03,29,28619,A,30718,25650,498,6417,6971,22769,0,7,142,1502,992,1043,-451,-527,997,1397,997,990,-514
2026-03-03,30,29093,A,31182,26101,490,6417,5869,22769,0,7,275,1502,992,1029,-452,-516,992,1397,997,987,-514
2026-03-03,31,29759,A,31755,26755,492,6417,4769,22769,0,7,179,1503,992,248,-452,-423,520,1397,997,867,-514
2026-03-03,32,31280,A,33361,28183,490,6417,3580,22769,0,7,66,1503,992,194,-451,-509,500,1397,997,837,-514
2026-03-03,33,32921,A,35850,29708,471,6417,2397,22769,0,8,412,1503,992,-828,-452,-527,853,1397,997,54,-514
2026-03-03,34,34549,A,37704,31204,508,6417,1275,22769,0,5,593,1503,992,-1055,-452,-527,867,1397,996,-2,-514
2026-03-03,35,35906,A,39184,32627,601,6417,365,22769,0,3,722,1503,992,-1048,-452,-528,624,1397,997,-133,-514
2026-03-03,36,37274,A,40500,33928,700,6417,11,22769,0,1,597,1503,991,-1028,-451,-527,612,1397,996,-105,-514
2026-03-03,37,38237,A,40532,34768,717,6417,0,22769,0,1,578,1504,982,-201,-452,-527,221,1397,951,910,-514
2026-03-03,38,38128,A,40380,34516,750,6417,0,22769,0,1,610,1504,982,-146,-452,-527,218,1397,950,992,-526
2026-03-03,39,38120,A,40215,34558,792,6417,0,22769,0,2,1006,1502,992,328,-451,-528,955,1397,994,1115,-514
2026-03-03,40,37094,A,39188,33557,863,6417,0,22769,0,2,1251,1502,992,348,-451,-527,997,1397,997,1120,-514
2026-03-03,41,35933,A,38028,32580,897,6417,0,22769,0,2,1309,1503,992,3,-452,-527,797,1397,997,972,-514
2026-03-03,42,34412,A,36509,31266,965,6417,0,22769,0,2,1601,1503,992,0,-451,-530,789,1397,997,957,-514
2026-03-03,43,33264,A,35444,30329,1000,6417,0,22769,0,7,2027,1504,992,-100,-452,-507,739,1397,997,877,-514
2026-03-03,44,31190,A,33238,28372,1022,6417,0,22769,0,7,2197,1503,992,-105,-451,-371,737,1368,997,861,-514
2026-03-03,45,29452,A,31256,26893,1084,6417,0,22769,0,7,2550,1503,992,250,-452,-231,949,1012,997,511,-514
2026-03-03,46,27828,A,29437,25456,1099,6417,0,22769,0,11,2528,1503,992,306,-406,-78,957,996,997,498,-514
2026-03-03,47,26528,A,28070,24259,1196,6417,0,22769,0,13,2715,1503,992,986,-415,0,995,1352,996,928,-514
2026-03-03,48,25582,A,27082,23414,1197,6417,0,22775,0,14,2954,1502,992,1002,-372,0,997,1397,997,957,-514
2026-03-04,1,25934,A,27635,23730,1305,6417,0,22775,0,92,3049,1502,992,1002,-448,-47,997,1397,996,958,-514
2026-03-04,2,26420,A,28285,24289,1300,6417,0,22775,0,283,3278,1502,992,1003,-452,-16,997,1397,997,957,-514
2026-03-04,3,26027,A,28039,23963,1352,6417,0,22775,0,340,3243,1503,992,1003,-452,-106,997,1397,997,958,-514
2026-03-04,4,25251,A,27348,23168,1264,6417,0,22775,0,396,2884,1502,992,1002,-452,-135,997,1397,997,955,-514
2026-03-04,5,24906,A,27126,22804,1349,6417,0,22775,0,500,2981,1503,992,1002,-452,-154,997,1397,997,852,-514
2026-03-04,6,24412,A,26813,22304,1281,6417,0,22775,0,666,2797,1503,992,1003,-452,-169,997,1397,997,844,-514
2026-03-04,7,24315,A,26560,22298,1185,6417,0,22775,0,613,2752,1503,992,743,-452,-66,997,1397,997,820,-514
2026-03-04,8,23849,A,26164,21895,1120,6417,0,22775,0,659,2475,1504,992,651,-452,-90,997,1397,997,796,-514
2026-03-04,9,23416,A,25838,21398,1241,6417,0,22775,0,455,2344,1503,992,-392,-429,-5,982,1397,997,-27,-514
2026-03-04,10,23690,A,26113,21594,1225,6417,0,22775,0,314,2266,1504,992,-476,-431,0,851,1397,997,-101,-501
2026-03-04,11,23748,A,27617,21712,1318,6417,0,22775,0,20,3087,1504,990,-994,-300,0,-816,1397,997,-734,-405
2026-03-04,12,24471,A,28577,22372,1305,6417,0,22775,0,21,3209,1500,985,-997,-218,0,-1021,1397,992,-775,-474
2026-03-04,13,26758,A,30308,24494,1327,6417,0,22775,0,16,3367,1317,798,-902,-223,-1,-717,1397,822,-688,-403
2026-03-04,14,29127,A,32808,26638,1332,6417,0,22775,0,10,3411,1309,790,-879,-357,-92,-665,1397,816,-588,-490
2026-03-04,15,32130,A,33972,29393,1317,6417,166,22775,0,14,3200,1491,974,-143,-326,-245,403,1397,985,784,-514
2026-03-04,16,32869,A,34928,29965,1327,6417,846,22775,0,11,3404,1504,987,-106,-431,-397,487,1397,996,939,-514
2026-03-04,17,33013,A,34995,29969,1260,6417,1746,22775,0,10,2896,1503,991,793,-451,-407,975,1397,997,985,-514
2026-03-04,18,33051,A,35061,29985,1236,6417,2651,22775,0,11,3081,1503,991,1002,-451,-434,997,1397,997,987,-514
2026-03-04,19,32771,A,34772,29722,1155,6417,3643,22775,0,7,2985,1503,991,1001,-451,-429,1016,1397,997,989,-514
2026-03-04,20,31693,A,33649,28674,1109,6417,4585,22775,0,12,3032,1503,991,1002,-451,-379,1016,1397,997,990,-514
2026-03-04,21,31289,A,33272,28310,1151,6417,5505,22775,0,62,3199,1503,991,1003,-452,-355,1017,1397,996,990,-514
2026-03-04,22,30272,A,32203,27320,1154,6417,6491,22775,0,165,3051,1503,991,1002,-451,-202,1016,1397,996,990,-513
2026-03-04,23,29331,A,31110,26513,1229,6417,7444,22775,0,164,3051,1503,991,1001,-396,-173,1016,1397,997,990,-446
2026-03-04,24,28342,A,30030,25499,1298,6417,8123,22775,0,165,2548,1503,991,1002,-441,-184,1017,1397,996,990,-298
2026-03-04,25,27569,A,29371,24764,1354,6417,8601,22775,0,163,2394,1503,991,1002,-452,-312,1017,1397,996,990,-275
2026-03-04,26,27012,A,28752,24280,1382,6417,8775,22775,0,161,2329,1503,991,1003,-452,-241,1017,1397,996,990,-286
2026-03-04,27,26565,A,28465,23827,1433,6417,8720,22775,0,328,2345,1503,992,1002,-452,-248,1017,1397,996,990,-272
2026-03-04,28,26477,A,28540,23701,1489,6417,8519,22775,0,343,2206,1503,992,1002,-447,-352,1017,1389,996,990,-321
2026-03-04,29,26679,A,28558,24011,1518,6417,7934,22775,0,340,2676,1503,992,1003,-367,-228,998,1288,996,990,-344
2026-03-04,30,26874,A,28654,24284,1520,6417,6949,22775,0,342,2711,1503,992,1001,-407,-76,997,1284,996,866,-355
2026-03-04,31,27465,A,29526,24910,1493,6417,5728,22775,0,197,3108,1503,991,369,-279,59,997,1384,996,-753,-232
2026-03-04,32,29398,A,31626,26769,1464,6417,4401,22775,0,165,3029,1504,992,280,-185,12,953,1397,997,-959,-319
2026-03-04,33,30535,A,33732,27781,1348,6417,3032,22775,0,172,3037,1506,992,-793,-80,0,-147,1397,997,-1083,-322
2026-03-04,34,32523,A,36141,29643,1383,6417,1640,22775,0,164,3310,1506,992,-997,-155,0,-241,1397,997,-1093,-368
2026-03-04,35,34550,A,38754,31567,1495,6417,469,22775,0,158,3570,1507,992,-997,-148,0,-847,1397,998,-1093,-361
2026-03-04,36,36364,A,40579,33425,1663,6417,19,22775,0,154,3501,1507,992,-997,-226,0,-854,1397,998,-1092,-292
2026-03-04,37,37348,A,40388,34372,1826,6417,0,22775,0,161,3259,1505,992,-786,-184,0,28,1397,997,-1073,-236
2026-03-04,38,37519,A,40401,34468,1914,6417,0,22775,0,163,3357,1503,992,-699,-122,0,87,1397,996,-1053,-245
2026-03-04,39,37683,A,39167,34711,1993,6417,0,22775,0,169,3316,1409,992,156,-66,0,541,1397,972,-400,-249
2026-03-04,40,36618,A,38160,33713,2087,6417,0,22775,0,167,3505,1405,992,169,-211,0,563,1397,971,-362,-202
2026-03-04,41,35087,A,37357,32411,2063,6417,0,22775,0,165,3480,1495,992,-232,-327,0,955,1397,995,-605,-341
2026-03-04,42,33659,A,35896,31081,2131,6417,0,22775,0,164,3534,1502,992,-254,-219,0,972,1397,997,-620,-380
2026-03-04,43,32387,A,34381,29946,2177,6417,0,22775,0,220,3690,1502,992,-215,-78,0,996,1397,997,-553,-328
2026-03-04,44,30826,A,32754,28382,2250,6417,0,22775,0,220,3851,1502,992,-211,-5,0,997,1371,997,-549,-343
2026-03-04,45,28868,A,30693,26491,2194,6417,0,22775,0,222,3958,1502,992,-3,-12,0,997,1035,996,-652,-336
2026-03-04,46,27599,A,29545,25501,2242,6417,0,22775,0,219,4211,1502,992,0,-61,0,997,1002,997,-648,-418
2026-03-04,47,25876,A,27727,23949,2215,6417,0,22775,0,464,4540,1502,992,-140,-29,0,883,1101,996,-225,-393
2026-03-04,48,25031,A,26920,23154,2261,6417,0,22779,0,630,4480,1502,992,-149,0,0,880,1132,996,-183,-327
2026-03-05,1,25314,A,27460,23387,2311,6417,0,22779,0,1091,4185,1502,992,137,0,0,993,1368,997,232,-455
2026-03-05,2,25937,A,27966,24155,2344,6417,0,22779,0,1007,4513,1502,992,148,0,0,997,1397,996,269,-422
2026-03-05,3,25525,A,27778,23822,2291,6417,0,22779,0,1169,4486,1502,992,278,-1,0,997,1397,997,480,-483
2026-03-05,4,24895,A,27130,23191,2308,6417,0,22779,0,1169,4144,1502,992,283,-95,0,997,1395,996,486,-371
2026-03-05,5,24467,A,26768,22819,2255,6417,0,22779,0,1162,3849,1502,992,444,-226,0,997,1372,997,167,-313
2026-03-05,6,24051,A,26420,22481,2253,6417,0,22779,0,1164,4018,1502,992,432,-292,0,997,1368,997,131,-313
2026-03-05,7,23220,A,26180,21781,2152,6417,0,22779,0,979,3944,1504,992,-365,-311,0,856,1348,997,-391,-314
2026-03-05,8,22780,A,26064,21402,2180,6417,0,22779,0,1142,4025,1503,992,-411,-379,0,849,1337,997,-438,-314
2026-03-05,9,22567,A,26471,21321,2186,6417,0,22779,0,1008,4405,1504,992,-775,-331,-4,439,1234,997,-873,-313
2026-03-05,10,22546,A,26443,21280,2238,6417,0,22779,0,965,4564,1505,992,-792,-239,-79,399,1233,997,-908,-314
2026-03-05,11,22479,A,26685,21247,2256,6417,0,22779,0,673,4689,1506,991,-993,-105,-6,-456,1379,997,-1078,-295
2026-03-05,12,23339,A,27152,21972,2260,6417,0,22779,0,312,4464,1507,991,-997,-142,0,-510,1397,998,-1089,-163
2026-03-05,13,25542,A,29001,23962,2174,6417,0,22779,0,316,4644,1507,991,-997,-30,14,-454,1397,998,-1023,-39
2026-03-05,14,27693,A,30947,25992,2112,6417,6,22779,0,314,4749,1507,991,-870,-26,0,-388,1397,998,-915,-141
2026-03-05,15,31129,A,32560,29050,2013,6417,388,22779,0,311,4175,1503,991,793,-166,-63,883,1397,997,568,-291
2026-03-05,16,31769,A,33538,29309,1990,6417,1499,22779,0,314,3530,1503,991,1003,-317,-97,997,1397,998,739,-441
2026-03-05,17,31334,A,32985,28686,1744,6417,2840,22779,0,173,3188,1503,991,1002,-361,-3,997,1397,997,973,-514
2026-03-05,18,30713,A,32372,27994,1637,6417,4127,22779,0,164,2766,1503,991,1003,-381,0,997,1397,997,993,-514
2026-03-05,19,29651,A,31312,26902,1477,6417,5632,22779,0,161,2202,1502,991,1002,-386,0,1016,1397,998,993,-514
2026-03-05,20,28731,A,30404,25988,1352,6417,6759,22779,0,159,1802,1503,991,1002,-400,0,1017,1397,997,993,-514
2026-03-05,21,28013,A,29427,25237,1232,6417,7701,22779,0,14,1671,1503,991,1003,-286,0,1016,1397,998,993,-514
2026-03-05,22,27403,A,28731,24618,1200,6417,8431,22779,0,10,1627,1503,991,1002,-204,0,1017,1397,997,993,-514
2026-03-05,23,26617,A,27773,23802,1178,6417,9074,22779,0,10,1198,1502,991,1002,-100,0,1016,1397,998,993,-446
2026-03-05,24,26150,A,27119,23244,1187,6417,9794,22779,0,10,1068,1503,991,1002,-54,0,1016,1397,998,990,-305
2026-03-05,25,26059,A,27091,23027,1192,6417,10055,22779,0,9,1192,1503,991,1002,-109,0,1016,1397,997,990,-314
2026-03-05,26,25833,A,26928,22827,1177,6417,9415,22779,0,6,1311,1503,991,1002,-102,0,1016,1397,998,990,-387
2026-03-05,27,26117,A,27193,23065,1105,6417,8871,22779,0,6,1377,1503,991,1002,-40,0,1016,1397,997,990,-430
2026-03-05,28,26347,A,27408,23302,1083,6417,8214,22779,0,6,1522,1502,991,1002,0,0,1016,1397,997,990,-455
2026-03-05,29,27046,A,28113,24007,1029,6417,7218,22779,0,6,1958,1502,991,1003,-35,0,997,1397,997,990,-426
2026-03-05,30,27837,A,28935,24814,1119,6417,5887,22779,0,6,1953,1502,991,1001,-70,0,996,1397,997,967,-422
2026-03-05,31,28810,A,29921,25872,1086,6417,4460,22779,0,6,2410,1503,991,368,-83,0,910,1397,997,117,-422
2026-03-05,32,30626,A,31863,27651,1167,6417,3183,22779,0,7,2188,1503,991,285,-235,0,901,1397,997,24,-395
2026-03-05,33,31672,A,34399,28671,1113,6417,1843,22779,0,6,2317,1505,991,-410,-386,-67,343,1397,998,-906,-352
2026-03-05,34,33248,A,36244,30192,1249,6417,812,22779,0,7,2425,1504,991,-466,-443,-219,316,1397,997,-965,-296
2026-03-05,35,35029,A,37864,31976,1373,6417,203,22779,0,6,2719,1505,992,-552,-451,-371,67,1397,997,-490,-365
2026-03-05,36,36404,A,39359,33312,1539,6417,5,22779,0,5,2847,1504,990,-522,-452,-506,57,1397,992,-445,-425
2026-03-05,37,37422,A,39521,34224,1574,6417,0,22779,0,9,2816,1394,938,165,-451,-528,141,1397,831,-25,-486
2026-03-05,38,37420,A,39519,34213,1585,6417,0,22779,0,6,2819,1389,935,185,-452,-528,151,1397,825,21,-513
2026-03-05,39,37588,A,39688,34377,1547,6417,0,22779,0,6,3287,1467,961,707,-452,-528,746,1397,986,716,-514
2026-03-05,40,36511,A,38610,33324,1556,6417,0,22779,0,6,3303,1473,963,733,-451,-528,776,1397,996,768,-514
2026-03-05,41,34970,A,37070,31955,1511,6417,0,22779,0,6,2890,1473,961,920,-452,-528,776,1397,996,904,-514
2026-03-05,42,33263,A,35364,30234,1528,6417,0,22779,0,6,2923,1473,962,927,-452,-529,776,1397,997,915,-514
2026-03-05,43,31667,A,33769,28753,1532,6417,0,22779,0,6,2507,1441,990,847,-452,-530,808,1397,997,984,-514
2026-03-05,44,30071,A,32173,27383,1501,6417,0,22779,0,6,2508,1440,992,843,-451,-531,809,1397,996,989,-514
2026-03-05,45,28100,A,30202,25519,1422,6417,0,22779,0,6,2295,1499,992,618,-451,-531,910,1397,997,969,-514
2026-03-05,46,26914,A,29015,24437,1413,6417,0,22779,0,6,2100,1502,992,609,-451,-530,914,1387,997,953,-514
2026-03-05,47,25581,A,27742,23145,1334,6417,0,22779,0,64,1746,1502,992,713,-452,-531,994,1260,997,475,-514
2026-03-05,48,24727,A,26889,22327,1253,6417,0,22785,0,68,1396,1502,992,716,-451,-530,997,1254,996,443,-513
2026-03-06,1,25315,A,27504,22881,1222,6417,0,22785,0,126,1367,1502,992,677,-452,-497,997,1381,997,484,-514
2026-03-06,2,25934,A,28100,23502,1197,6417,0,22785,0,126,1759,1502,991,676,-452,-475,997,1397,997,486,-513
2026-03-06,3,25583,A,27806,23176,1198,6417,0,22785,0,126,1800,1502,991,664,-452,-531,997,1397,997,460,-514
2026-03-06,4,24845,A,27066,22486,1268,6417,0,22785,0,126,1713,1502,992,664,-451,-531,997,1397,997,448,-513
2026-03-06,5,24310,A,26532,21959,1321,6417,0,22785,0,126,1581,1502,991,557,-452,-531,988,1397,996,91,-513
2026-03-06,6,23616,A,25837,21272,1408,6417,0,22785,0,126,1427,1502,991,521,-451,-531,986,1394,997,56,-513
2026-03-06,7,22728,A,25445,20440,1414,6417,0,22785,0,124,1453,1504,991,-172,-452,-531,705,1367,997,-324,-514
2026-03-06,8,22226,A,24984,19982,1429,6417,0,22785,0,130,1331,1504,991,-187,-452,-508,686,1366,997,-367,-514
2026-03-06,9,21788,A,25165,19646,1369,6417,0,22785,0,51,1471,1505,991,-419,-433,-379,70,1393,997,-982,-513
2026-03-06,10,21991,A,25385,19806,1352,6417,0,22785,0,5,1220,1505,991,-462,-451,-342,9,1397,997,-1020,-514
2026-03-06,11,22459,A,27496,20251,1252,6417,0,22785,0,5,1063,1507,991,-994,-451,-432,-955,1397,998,-1086,-514
2026-03-06,12,23393,A,28594,21070,1231,6417,0,22785,0,5,847,1507,992,-996,-452,-523,-1022,1383,998,-1090,-513
2026-03-06,13,25738,A,30948,23218,1125,6417,0,22785,0,5,724,1507,992,-997,-451,-531,-1022,1209,997,-1090,-514
2026-03-06,14,28030,A,33190,25336,1069,6417,2,22785,0,5,474,1504,989,-981,-452,-531,-1010,1202,995,-1068,-513
2026-03-06,15,31031,A,33884,28037,1015,6417,78,22785,0,9,89,1252,902,-184,-451,-531,-306,1375,887,-258,-514
2026-03-06,16,32552,A,35196,29318,1003,6417,310,22785,0,11,-168,1239,899,-132,-452,-531,-252,1397,884,-153,-513
2026-03-06,17,33893,A,36001,30498,924,6417,674,22785,0,11,-737,1436,986,793,-452,-531,509,1397,990,893,-514
2026-03-06,18,34324,A,36433,30909,877,6417,1108,22785,0,12,-910,1446,992,1002,-452,-531,555,1397,998,985,-514
2026-03-06,19,34864,A,36975,31450,786,6417,1591,22785,0,14,-979,1499,992,1002,-452,-531,915,1397,974,985,-514
2026-03-06,20,34591,A,36701,31242,770,6417,2104,22785,0,14,-1017,1501,991,1002,-451,-531,928,1397,973,988,-514
2026-03-06,21,34497,A,36600,31262,765,6417,2200,22785,0,9,-770,1440,967,1001,-452,-528,656,1397,973,992,-514
2026-03-06,22,34740,A,36738,31562,757,6417,2473,22785,0,10,-683,1437,966,1002,-451,-423,647,1397,973,990,-514
2026-03-06,23,35177,A,37099,32075,716,6417,2641,22785,0,11,-668,1498,990,1002,-452,-345,1002,1397,996,990,-514
2026-03-06,24,35065,A,36854,32093,674,6417,2689,22785,0,11,-946,1502,992,1002,-452,-212,1016,1397,998,990,-514
2026-03-06,25,34875,A,36525,31916,648,6417,2809,22785,0,11,-1141,1502,992,1002,-452,-73,1016,1397,997,990,-514
2026-03-06,26,34950,A,36548,32074,603,6417,2830,22785,0,11,-1051,1502,992,1002,-452,-21,1016,1397,997,990,-514
2026-03-06,27,34799,A,36514,31950,551,6417,2659,22785,0,11,-684,1502,992,1002,-452,-138,1017,1397,998,990,-514
2026-03-06,28,34543,A,36213,31686,541,6417,2539,22785,0,11,-842,1503,992,1003,-452,-93,1017,1397,998,990,-514
2026-03-06,29,34340,A,36097,31478,522,6417,2362,22785,0,11,-871,1502,992,1002,-452,-180,998,1397,997,989,-514
2026-03-06,30,34081,A,35819,31263,547,6417,2116,22785,0,11,-616,1502,992,874,-452,-161,990,1397,997,896,-514
2026-03-06,31,33538,A,35827,30890,567,6417,1858,22785,0,11,-153,1504,992,-176,-452,-24,431,1397,997,-512,-514
2026-03-06,32,34082,A,36594,31359,556,6417,1455,22785,0,16,10,1504,992,-209,-452,-40,405,1397,998,-681,-514
2026-03-06,33,34778,A,38488,31889,539,6417,1006,22785,0,14,376,1504,992,-956,-419,-188,688,1397,997,-1019,-514
2026-03-06,34,35808,A,39758,32727,517,6417,535,22785,0,5,587,1503,992,-997,-452,-339,684,1397,997,-1043,-514
2026-03-06,35,36206,A,40386,33062,506,6417,142,22785,0,5,797,1474,992,-998,-452,-453,-76,1397,997,-1082,-514
2026-03-06,36,37362,A,41504,34165,478,6417,10,22785,0,0,1043,1473,989,-873,-452,-502,-120,1397,987,-1081,-514
2026-03-06,37,38209,A,41200,34872,472,6417,0,22785,0,0,635,1408,891,153,-452,-531,248,1397,627,-894,-514
2026-03-06,38,37898,A,40838,34474,457,6417,0,22785,0,0,569,1406,887,174,-452,-531,274,1397,615,-843,-514
2026-03-06,39,38001,A,40089,34620,467,6417,0,22785,0,8,594,1496,985,758,-452,-527,937,1397,974,161,-501
2026-03-06,40,36932,A,38891,33638,472,6417,0,22785,0,13,404,1502,992,775,-452,-422,973,1397,997,235,-472
2026-03-06,41,35531,A,37251,32433,507,6417,0,22785,0,13,393,1503,992,151,-431,-272,914,1397,997,60,-404
2026-03-06,42,34612,A,36035,31613,534,6417,0,22785,0,10,803,1502,992,127,-327,-121,912,1397,997,44,-365
2026-03-06,43,33074,A,34431,30303,555,6417,0,22785,0,10,1053,1488,992,254,-371,-6,753,1397,996,0,-370
2026-03-06,44,31300,A,32463,28706,581,6417,0,22785,0,8,1389,1488,992,254,-252,0,747,1397,997,-4,-299
2026-03-06,45,29722,A,30885,27311,648,6417,0,22785,0,6,1563,1453,992,2,-257,0,571,1397,998,-64,-236
2026-03-06,46,28254,A,29409,25995,681,6417,0,22785,0,5,1880,1451,992,0,-125,0,568,1397,997,-59,-366
2026-03-06,47,26967,A,28157,24697,746,6417,0,22785,0,8,1760,1499,992,683,-90,0,979,1397,996,248,-492
2026-03-06,48,26051,A,27116,23874,729,6417,0,22785,0,8,2217,1502,992,830,-16,0,997,1397,996,285,-441
2026-03-07,1,26334,A,27386,24119,755,6417,0,22785,0,7,2357,1502,992,997,0,0,997,1397,997,840,-445
2026-03-07,2,27171,A,28105,24996,766,6417,0,22785,0,7,2514,1503,992,1002,0,0,997,1397,996,866,-327
2026-03-07,3,26633,A,27489,24525,784,6417,0,22785,0,6,2658,1503,992,852,0,0,997,1397,997,415,-250
2026-03-07,4,26320,A,27294,24265,832,6417,0,22785,0,130,2731,1503,992,845,0,0,997,1397,997,371,-244
2026-03-07,5,25065,A,26369,23074,830,6417,0,22785,0,306,2633,1503,992,538,0,0,864,1397,998,-99,-299
2026-03-07,6,24621,A,26166,22651,861,6417,0,22785,0,480,2517,1503,991,500,0,0,859,1396,997,-137,-328
2026-03-07,7,23928,A,25822,22008,873,6417,0,22785,0,751,2479,1504,992,3,-3,0,833,1383,997,-346,-194
2026-03-07,8,23361,A,25360,21481,839,6417,0,22785,0,763,2343,1504,992,0,-76,0,831,1376,997,-368,-192
2026-03-07,9,23293,A,25386,21440,915,6417,0,22785,0,670,2568,1504,991,-116,-7,0,574,1314,997,-637,-63
2026-03-07,10,23077,A,25115,21204,918,6417,0,22785,0,553,2739,1505,991,-133,0,0,566,1295,997,-660,-92
2026-03-07,11,22978,A,25561,21065,971,6417,0,22785,0,187,2926,1503,991,-912,0,0,967,1140,996,-804,-80
2026-03-07,12,22904,A,25611,20971,975,6417,0,22785,0,274,2908,1503,991,-969,0,0,984,1139,996,-803,-61
2026-03-07,13,23967,A,25861,21939,971,6417,0,22785,0,318,2904,1504,992,-355,-16,0,996,1368,997,-398,-207
2026-03-07,14,24653,A,26376,22568,968,6417,0,22785,0,219,2949,1503,991,-314,0,0,997,1397,997,-315,-275
2026-03-07,15,26449,A,27664,24198,902,6417,54,22785,0,165,2948,1502,991,719,-34,0,997,1397,997,851,-416
2026-03-07,16,27278,A,28599,24951,894,6417,299,22785,0,166,2884,1503,991,888,-42,0,997,1397,997,956,-513
2026-03-07,17,28492,A,29766,26114,882,6417,755,22785,0,167,3068,1502,991,1012,0,0,997,1397,997,987,-507
2026-03-07,18,29367,A,30601,26969,822,6417,1210,22785,0,161,2914,1502,991,1018,-39,0,997,1397,997,992,-434
2026-03-07,19,30257,A,31299,27816,777,6417,1613,22785,0,158,2801,1502,992,1069,-2,0,1016,1397,997,992,-282
2026-03-07,20,30648,A,31604,28250,773,6417,2028,22785,0,165,2738,1502,992,1069,-60,0,1017,1397,997,992,-131
2026-03-07,21,30600,A,31365,28310,816,6417,2515,22785,0,165,3095,1503,992,1069,47,0,1017,1397,997,992,16
2026-03-07,22,30508,A,31272,28267,832,6417,2795,22785,0,164,3180,1503,992,1070,21,0,1016,1397,997,991,141
2026-03-07,23,30546,A,31310,28393,893,6417,2933,22785,0,164,3301,1502,992,1071,61,0,1016,1397,997,955,197
2026-03-07,24,30518,A,31282,28420,976,6417,3087,22785,0,164,3175,1503,992,1070,7,0,1016,1397,997,949,197
2026-03-07,25,30506,A,31270,28443,1003,6417,3092,22785,0,164,3115,1503,992,1064,0,0,1015,1397,996,987,197
2026-03-07,26,30526,A,31290,28438,994,6417,3098,22785,0,164,2854,1503,992,1071,0,45,1015,1397,997,991,197
2026-03-07,27,30754,A,31519,28650,892,6417,2978,22785,0,165,3086,1502,992,1070,0,193,1016,1397,997,991,174
2026-03-07,28,30715,A,31480,28533,910,6417,2748,22785,0,165,2883,1502,992,1071,0,265,1016,1397,997,991,197
2026-03-07,29,30693,A,31458,28511,868,6417,2365,22785,0,165,2761,1503,992,1070,6,237,998,1397,997,991,176
2026-03-07,30,30661,A,31426,28428,843,6417,1995,22785,0,165,2552,1503,992,1071,61,202,997,1397,997,984,84
2026-03-07,31,31028,A,31882,28767,807,6417,1558,22785,0,166,2401,1503,992,1068,-55,180,997,1397,996,712,-33
2026-03-07,32,31663,A,32690,29363,813,6417,1187,22785,0,171,2363,1503,992,1064,-83,84,997,1397,996,668,-173
2026-03-07,33,32101,A,33681,29699,793,6417,823,22785,0,156,2437,1503,992,598,-230,-53,997,1397,997,-222,-319
2026-03-07,34,33021,A,34881,30487,789,6417,396,22785,0,11,2259,1502,992,575,-381,-129,997,1397,997,-277,-462
2026-03-07,35,34364,A,36055,31594,792,6417,96,22785,0,10,2175,1503,992,298,-405,-126,877,1397,997,-36,-514
2026-03-07,36,35210,A,37056,32348,839,6417,5,22785,0,5,2168,1503,992,295,-448,-274,873,1397,997,-5,-514
2026-03-07,37,35700,A,37676,32722,774,6417,0,22785,0,6,2009,1502,992,923,-450,-406,993,1397,997,508,-514
2026-03-07,38,35617,A,37585,32543,819,6417,0,22785,0,6,1796,1503,992,958,-450,-398,997,1397,998,555,-514
2026-03-07,39,34922,A,37013,31872,790,6417,0,22785,0,12,1660,1502,992,1064,-450,-515,997,1397,997,906,-514
2026-03-07,40,33868,A,35920,30858,790,6417,0,22785,0,11,1633,1502,992,1069,-450,-477,997,1397,997,919,-514
2026-03-07,41,33026,A,35038,30096,712,6417,0,22785,0,9,1814,1503,992,985,-450,-439,964,1397,997,469,-514
2026-03-07,42,32233,A,34104,29400,753,6417,0,22785,0,9,1536,1503,992,982,-451,-297,963,1397,997,445,-514
2026-03-07,43,30962,A,32676,28214,775,6417,0,22785,0,7,1626,1503,992,1036,-447,-146,996,1397,997,715,-514
2026-03-07,44,29834,A,31318,27097,747,6417,0,22785,0,10,1611,1503,991,1038,-344,-16,997,1397,997,736,-514
2026-03-07,45,28416,A,29719,25767,735,6417,0,22785,0,10,1890,1503,992,1067,-195,0,997,1397,998,810,-498
2026-03-07,46,27074,A,28141,24505,740,6417,0,22785,0,10,1914,1502,992,1069,-53,0,997,1397,997,805,-404
2026-03-07,47,26131,A,27141,23694,721,6417,0,22785,0,10,2133,1503,992,836,-41,0,997,1397,998,442,-359
2026-03-07,48,25643,A,26507,23267,704,6417,0,22785,0,10,1906,1503,992,826,-1,0,997,1397,997,421,-253
2026-03-08,1,25425,A,26372,23022,697,6417,0,22785,0,10,1455,1503,991,1008,-58,0,978,1397,997,612,-279
2026-03-08,2,25857,A,26627,23518,656,6417,0,22785,0,9,1433,1503,991,1013,-4,0,977,1397,997,630,-157
2026-03-08,3,25579,A,26328,23270,634,6417,0,22785,0,8,1172,1503,991,1066,0,0,996,1397,998,809,-141
2026-03-08,4,24924,A,25647,22650,618,6417,0,22785,0,8,857,1503,991,1067,0,0,997,1397,998,821,-115
2026-03-08,5,24509,A,25256,22292,641,6417,0,22785,0,9,768,1503,991,1067,0,0,997,1397,997,808,-138
2026-03-08,6,24036,A,24751,21812,631,6417,0,22785,0,14,610,1503,991,1066,0,0,997,1397,998,797,-101
2026-03-08,7,23405,A,24690,21250,627,6417,0,22785,0,560,649,1504,991,1066,0,0,997,1397,998,444,-125
2026-03-08,8,23067,A,24470,20899,611,6417,0,22785,0,747,656,1503,991,1066,0,0,997,1397,998,416,-56
2026-03-08,9,23073,A,24526,20938,617,6417,0,22785,0,796,795,1504,991,987,0,0,906,1397,998,288,-57
2026-03-08,10,22415,A,23829,20184,623,6417,0,22785,0,808,559,1504,991,975,0,0,903,1397,998,272,-6
2026-03-08,11,22089,A,23444,19908,658,6417,0,22785,0,697,1133,1504,991,379,0,0,954,1397,997,15,-58
2026-03-08,12,22123,A,23458,19890,628,6417,0,22785,0,735,1460,1504,991,351,0,0,956,1397,997,15,1
2026-03-08,13,22963,A,24393,20718,656,6417,0,22785,0,783,1297,1504,991,828,0,0,995,1397,997,648,-47
2026-03-08,14,23111,A,24517,20884,682,6417,0,22785,0,747,1443,1504,991,851,0,0,997,1397,998,700,-59
2026-03-08,15,24404,A,25583,22168,695,6417,37,22785,0,530,1613,1503,991,1020,0,0,997,1397,997,970,-49
2026-03-08,16,24962,A,25983,22707,648,6417,233,22785,0,303,1613,1503,992,1026,0,0,997,1397,997,989,-118
2026-03-08,17,26514,A,27155,24150,614,6417,529,22785,0,26,1697,1504,992,1073,0,0,997,1397,997,989,-15
2026-03-08,18,27289,A,27896,24848,558,6417,896,22785,0,7,1752,1502,991,1073,0,0,997,1397,997,989,13
2026-03-08,19,28550,A,29156,26034,573,6417,1235,22785,0,6,1902,1503,991,1066,0,0,1016,1397,997,989,78
2026-03-08,20,29124,A,29730,26626,562,6417,1680,22785,0,6,1967,1503,991,1067,0,0,1017,1397,997,991,118
2026-03-08,21,29373,A,29979,26958,633,6417,1990,22785,0,6,2198,1503,991,1066,0,0,1017,1397,997,992,188
2026-03-08,22,29750,A,30359,27367,634,6417,2178,22785,0,9,2277,1502,992,1066,0,0,1017,1397,997,992,237
2026-03-08,23,30136,A,30749,27748,630,6417,2380,22785,0,13,2155,1502,992,1066,0,0,1017,1397,997,992,269
2026-03-08,24,30471,A,31083,28062,643,6417,2466,22785,0,12,2130,1502,992,1067,0,0,1017,1397,997,992,247
2026-03-08,25,31017,A,31628,28541,630,6417,2460,22785,0,11,2337,1502,992,1066,0,0,1017,1397,997,992,165
2026-03-08,26,31425,A,32035,28936,666,6417,2358,22785,0,10,2581,1503,992,1059,0,0,1017,1397,997,992,123
2026-03-08,27,31557,A,32167,29113,687,6417,2272,22785,0,10,2555,1503,992,1066,0,0,1017,1397,998,992,106
2026-03-08,28,31605,A,32215,29134,734,6417,2120,22785,0,10,2635,1502,992,1066,0,0,1017,1397,997,992,83
2026-03-08,29,31664,A,32313,29232,703,6417,1916,22785,0,10,2711,1503,991,1067,-39,0,998,1397,998,992,81
2026-03-08,30,31683,A,32300,29290,711,6417,1738,22785,0,10,2806,1502,991,1066,-7,0,997,1397,997,989,17
2026-03-08,31,32137,A,32854,29714,685,6417,1330,22785,0,10,2614,1503,991,1064,-107,0,997,1397,998,989,46
2026-03-08,32,32949,A,33639,30420,683,6417,937,22785,0,10,2930,1503,991,1064,-80,0,997,1397,998,989,18
2026-03-08,33,33907,A,34517,31266,652,6417,537,22785,0,10,2873,1503,991,1065,13,14,997,1397,997,989,118
2026-03-08,34,35114,A,35792,32243,693,6417,235,22785,0,10,2756,1502,991,1066,-68,0,997,1397,997,989,26
2026-03-08,35,36197,A,37158,33101,656,6417,54,22785,0,10,2735,1503,992,1046,-220,-62,950,1397,997,989,-69
2026-03-08,36,36681,A,38080,33598,707,6417,3,22785,0,10,2680,1503,992,1044,-372,-208,948,1397,998,989,-209
2026-03-08,37,37137,A,38721,33973,677,6417,0,22785,0,9,2682,1502,992,1065,-451,-358,995,1397,997,988,-166
2026-03-08,38,36712,A,38462,33489,734,6417,0,22785,0,8,2534,1503,992,1065,-451,-499,997,1397,997,989,-192
2026-03-08,39,35781,A,37662,32577,762,6417,0,22785,0,10,2213,1502,992,1067,-452,-516,997,1397,997,989,-303
2026-03-08,40,34799,A,36735,31709,808,6417,0,22785,0,10,2106,1502,992,1065,-451,-530,997,1397,997,989,-345
2026-03-08,41,33276,A,35261,30347,740,6417,0,22785,0,12,1980,1503,992,1065,-452,-529,997,1397,997,991,-392
2026-03-08,42,32173,A,34174,29329,754,6417,0,22785,0,11,1884,1502,992,1065,-451,-530,997,1397,997,992,-409
2026-03-08,43,31168,A,33076,28444,778,6417,0,22785,0,12,1787,1503,992,1054,-452,-455,997,1397,997,992,-389
2026-03-08,44,29730,A,31600,27117,811,6417,0,22785,0,11,1920,1503,992,1053,-451,-357,997,1397,997,992,-451
2026-03-08,45,28102,A,30015,25601,770,6417,0,22785,0,10,2158,1503,992,1017,-388,-478,997,1397,997,992,-437
2026-03-08,46,26483,A,28233,24152,760,6417,0,22785,0,11,2333,1502,992,1015,-240,-424,997,1397,998,992,-475
2026-03-08,47,25377,A,26948,23043,789,6417,0,22785,0,114,2246,1503,992,1022,-126,-307,997,1397,997,992,-424
2026-03-08,48,24517,A,25926,22208,793,6417,0,22790,0,128,2042,1503,992,1023,-119,-155,997,1397,997,992,-407
2026-03-09,1,24856,A,26231,22571,800,6417,0,22790,0,127,2409,1503,992,1064,-119,-20,997,1397,997,992,-509
2026-03-09,2,25414,A,26745,23216,815,6417,0,22790,0,132,2703,1502,991,1066,-85,0,997,1397,997,992,-514
2026-03-09,3,24875,A,26619,22745,799,6417,0,22790,0,525,2639,1503,991,1065,-105,0,997,1397,998,992,-514
2026-03-09,4,24288,A,25938,22177,790,6417,0,22790,0,417,2342,1502,991,1064,-119,0,997,1397,997,992,-514
2026-03-09,5,23994,A,25778,21941,795,6417,0,22790,0,552,2375,1503,991,1066,-118,0,997,1397,998,992,-514
2026-03-09,6,23692,A,25794,21673,794,6417,0,22790,0,869,2364,1503,991,1066,-119,0,997,1397,998,988,-514
2026-03-09,7,23501,A,25689,21517,785,6417,0,22790,0,955,2448,1503,991,1049,-119,0,997,1397,998,842,-514
2026-03-09,8,23436,A,25460,21520,780,6417,0,22790,0,791,2487,1502,991,1048,-119,0,997,1397,998,830,-514
2026-03-09,9,23425,A,25152,21567,776,6417,0,22790,0,494,2384,1503,991,853,-119,0,902,1397,998,779,-514
2026-03-09,10,23305,A,24997,21334,755,6417,0,22790,0,448,1994,1503,991,761,-119,-30,885,1397,997,703,-495
2026-03-09,11,22948,A,25454,20962,732,6417,0,22790,0,233,2219,1505,991,-642,-91,0,180,1397,998,-552,-388
2026-03-09,12,23996,A,26789,21866,746,6417,0,22790,0,171,2395,1505,991,-775,-23,-68,125,1367,998,-686,-470
2026-03-09,13,26474,A,30492,24196,772,6417,0,22790,0,170,2251,1507,991,-867,-157,-219,-647,994,998,-922,-436
2026-03-09,14,28622,A,32898,26165,776,6417,0,22790,0,169,2089,1507,991,-777,-308,-371,-680,977,998,-862,-509
2026-03-09,15,31888,A,34116,29147,740,6417,31,22790,0,169,1790,1491,991,-3,-436,-507,28,1350,997,465,-513
2026-03-09,16,33005,A,35268,30139,761,6417,197,22790,0,167,1991,1490,991,0,-452,-530,88,1397,998,608,-514
2026-03-09,17,34475,A,36737,31484,758,6417,430,22790,0,167,1742,1502,991,838,-451,-530,943,1397,998,962,-514
2026-03-09,18,35126,A,37388,32136,753,6417,732,22790,0,168,1808,1503,991,1072,-451,-530,997,1397,998,986,-513
2026-03-09,19,35527,A,37790,32482,732,6417,1061,22790,0,168,1925,1503,991,1067,-451,-530,1016,1397,998,986,-514
2026-03-09,20,35620,A,37878,32565,729,6417,1421,22790,0,162,2068,1370,991,1067,-451,-531,1017,1397,998,986,-514
2026-03-09,21,35389,A,37650,32277,737,6417,1779,22790,0,165,2163,1502,991,1065,-451,-531,1017,1397,998,986,-514
2026-03-09,22,35096,A,37345,32001,769,6417,2152,22790,0,159,2065,1502,991,1065,-451,-525,1017,1397,998,987,-514
2026-03-09,23,34800,A,36984,31815,759,6417,2501,22790,0,162,1572,1502,991,1066,-451,-457,1017,1397,997,990,-514
2026-03-09,24,34545,A,36587,31676,833,6417,2780,22790,0,162,1476,1502,991,1065,-451,-315,1017,1397,997,990,-514
2026-03-09,25,34753,A,36857,31913,915,6417,3007,22790,0,223,1702,1503,992,1066,-451,-316,1017,1398,999,991,-514
2026-03-09,26,34222,A,36382,31448,995,6417,3227,22790,0,321,1780,1501,991,1066,-451,-275,1016,1396,998,990,-513
2026-03-09,27,33992,A,36114,31325,1027,6417,3473,22790,0,318,1988,1502,991,1066,-451,-260,1016,1397,998,987,-493
2026-03-09,28,33490,A,35526,30803,1077,6417,3324,22790,0,316,1866,1502,991,1065,-451,-184,1016,1397,997,986,-485
2026-03-09,29,33217,A,35229,30469,1075,6417,3193,22790,0,319,1473,1502,991,1065,-451,-215,997,1397,998,955,-427
2026-03-09,30,32781,A,34917,30141,1082,6417,3027,22790,0,479,1145,1502,992,1060,-451,-161,996,1397,997,900,-445
2026-03-09,31,32797,A,35102,30093,1106,6417,2832,22790,0,565,1271,1503,991,630,-427,-24,898,1397,998,-218,-471
2026-03-09,32,33597,A,35769,30854,1138,6417,2240,22790,0,331,1382,1503,991,569,-451,-72,884,1397,998,-336,-382
2026-03-09,33,33922,A,37533,31134,1102,6417,1562,22790,0,319,1622,1503,992,-827,-451,-163,241,1397,998,-916,-335
2026-03-09,34,34958,A,38905,32152,1070,6417,898,22790,0,313,2311,1504,992,-1056,-451,-304,207,1397,998,-953,-270
2026-03-09,35,36276,A,40185,33341,1050,6417,302,22790,0,228,2751,1504,992,-1074,-451,-372,-31,1397,997,-826,-327
2026-03-09,36,37541,A,41221,34453,1141,6417,28,22790,0,35,2848,1504,990,-1075,-451,-386,-40,1397,995,-805,-288
2026-03-09,37,38050,A,41196,34993,1182,6417,0,22790,0,2,2844,1436,944,-1075,-451,-345,196,1397,941,-382,-291
2026-03-09,38,37765,A,40859,34749,1252,6417,0,22790,0,4,2783,1433,941,-1074,-451,-334,205,1397,939,-318,-313
2026-03-09,39,37789,A,40395,34787,1324,6417,0,22790,0,10,2529,1480,939,-1016,-451,-209,381,1397,994,584,-320
2026-03-09,40,37039,A,39583,34125,1375,6417,0,22790,0,15,2606,1483,939,-1015,-446,-141,382,1393,997,639,-327
2026-03-09,41,35505,A,37712,32770,1402,6417,0,22790,0,17,3112,1463,937,-764,-337,-17,-119,1341,971,-85,-268
2026-03-09,42,33882,A,35803,31216,1420,6417,0,22790,0,16,2986,1462,937,-754,-187,0,-137,1339,968,-146,-81
2026-03-09,43,32534,A,34539,30021,1480,6417,0,22790,0,14,2901,1421,946,-840,-42,0,361,1390,922,-509,7
2026-03-09,44,30576,A,32553,28185,1555,6417,0,22790,0,16,3096,1418,945,-842,0,0,385,1397,920,-519,121
2026-03-09,45,28865,A,30247,26648,1464,6417,0,22790,0,14,2988,1446,907,-768,0,0,631,1397,978,42,181
2026-03-09,46,27083,A,28391,24940,1492,6417,0,22790,0,9,3131,1447,906,-699,60,0,639,1397,981,86,225
2026-03-09,47,25846,A,26565,23830,1499,6417,0,22790,0,111,3197,1434,975,306,91,-8,245,1397,970,284,225
2026-03-09,48,24654,A,25383,22728,1535,6417,0,22796,0,129,3369,1432,980,341,142,0,229,1397,970,300,225
2026-03-10,1,25277,A,26006,23347,1529,6417,0,22796,0,129,3271,1300,991,348,180,0,501,1397,995,393,225
2026-03-10,2,25986,A,26720,24088,1528,6417,0,22796,0,134,3384,1294,991,349,180,0,511,1397,998,395,225
2026-03-10,3,25584,A,26516,23737,1452,6417,0,22796,0,332,3252,1434,991,328,180,0,418,1397,998,220,225
2026-03-10,4,24824,A,25880,23075,1474,6417,0,22796,0,456,3178,1444,991,328,180,0,414,1391,997,203,225
2026-03-10,5,24257,A,25801,22589,1415,6417,0,22796,0,944,3137,1500,991,168,180,0,455,1320,997,50,225
2026-03-10,6,24515,A,26180,22824,1523,6417,0,22796,0,1065,3342,1503,991,161,180,0,457,1282,997,34,225
2026-03-10,7,23867,A,25802,22245,1599,6417,0,22796,0,1100,3467,1503,991,-158,180,0,260,908,997,-77,225
2026-03-10,8,23223,A,25218,21661,1697,6417,0,22796,0,1108,3704,1504,991,-182,180,0,249,846,998,-105,220
2026-03-10,9,22689,A,26246,21226,1779,6417,0,22796,0,1037,4104,1505,991,-863,180,0,-261,650,997,-796,225
2026-03-10,10,22721,A,26322,21256,1897,6417,0,22796,0,957,3945,1505,990,-902,180,0,-296,625,996,-846,154
2026-03-10,11,23049,A,27190,21547,1936,6417,0,22796,0,409,4217,1469,955,-1073,180,0,-985,613,943,-1074,152
2026-03-10,12,23939,A,27749,22408,2041,6417,0,22796,0,19,4641,1464,952,-1080,176,0,-1022,634,934,-1089,30
2026-03-10,13,26034,A,29831,24387,2047,6417,0,22796,0,9,4683,1296,939,-1077,78,57,-1022,913,763,-1089,0
2026-03-10,14,27488,A,31376,25700,2198,6417,58,22796,0,4,4819,1284,933,-1070,-68,12,-1000,976,752,-1080,-66
2026-03-10,15,29805,A,32193,27813,2104,6417,601,22796,0,4,4579,1277,773,-411,-220,-62,-143,1350,759,-735,-213
2026-03-10,16,30669,A,33248,28594,2170,6417,1647,22796,0,4,4573,1274,767,-354,-372,-214,-60,1397,767,-617,-358
2026-03-10,17,31688,A,33520,29452,2210,6417,2303,22796,0,7,3919,976,978,809,-451,-285,885,1397,984,744,-489
2026-03-10,18,31251,A,33230,29052,2416,6417,3204,22796,0,7,4145,1004,991,1028,-451,-407,950,1397,998,899,-514
2026-03-10,19,30845,A,32937,28595,2620,6417,4478,22796,0,7,4218,1004,991,1042,-451,-521,995,1397,998,983,-513
2026-03-10,20,29616,A,31774,27354,2841,6417,5458,22796,0,64,3876,1005,991,1043,-452,-529,996,1397,998,989,-513
2026-03-10,21,28329,A,30518,26150,2933,6417,6005,22796,0,116,3530,1005,991,1022,-451,-509,638,1397,999,989,-513
2026-03-10,22,27019,A,28964,24980,3083,6417,7192,22796,0,9,4322,1005,991,1021,-422,-401,623,1397,997,985,-513
2026-03-10,23,26967,A,29005,24946,3186,6417,7803,22796,0,12,5002,998,991,662,-451,-462,669,1397,998,839,-513
2026-03-10,24,27148,A,29070,25134,3249,6417,7999,22796,0,8,5073,1005,991,644,-449,-351,666,1397,998,819,-514
2026-03-10,25,26918,A,28696,24888,3192,6417,7254,22796,0,110,5222,1005,991,194,-354,-200,146,1397,998,488,-514
2026-03-10,26,27070,A,28663,25064,3373,6417,6814,22796,0,129,5070,1283,991,172,-300,-50,122,1396,997,454,-514
2026-03-10,27,27501,A,28935,25556,3452,6417,6366,22796,0,125,5253,1504,991,2,-159,0,-46,1391,997,66,-504
2026-03-10,28,27591,A,28842,25678,3642,6417,5826,22796,0,125,5187,1505,991,0,-92,0,-52,1379,998,22,-382
2026-03-10,29,27998,A,29737,26177,3763,6417,5022,22796,0,69,5382,1505,991,-98,-19,0,-101,1229,997,-622,-230
2026-03-10,30,28553,A,30274,26745,3955,6417,4379,22796,0,68,5417,1504,991,-124,-70,0,-103,1180,998,-677,-79
2026-03-10,31,28706,A,31921,26864,4021,6417,3230,22796,0,142,5297,1505,991,-1016,37,37,-390,807,998,-1067,38
2026-03-10,32,29809,A,33140,27963,4184,6417,2455,22796,0,156,5468,1505,991,-1078,0,0,-402,743,997,-1095,134
2026-03-10,33,31094,A,34726,29119,4280,6417,1562,22796,0,161,5405,1505,991,-1077,0,0,-702,525,998,-1092,200
2026-03-10,34,32291,A,35931,30288,4435,6417,849,22796,0,156,5400,1498,991,-1078,0,0,-714,527,997,-1092,172
2026-03-10,35,33690,A,37327,31655,4507,6417,296,22796,0,154,5399,1166,967,-1077,0,0,-714,901,969,-1092,188
2026-03-10,36,34781,A,38420,32770,4665,6417,18,22796,0,155,5712,1128,955,-1078,0,0,-714,977,956,-1092,159
2026-03-10,37,35553,A,39191,33501,4794,6417,0,22796,0,154,5541,445,593,-1039,0,0,-753,1350,576,-1092,200
2026-03-10,38,35524,A,39146,33397,4943,6417,0,22796,0,155,5432,410,578,-1035,34,0,-740,1381,564,-1092,200
2026-03-10,39,35130,A,37601,33091,4960,6417,0,22796,0,164,5305,1199,932,-618,15,0,21,1182,971,-1089,199
2026-03-10,40,33968,A,36414,32067,5090,6417,0,22796,0,163,5574,1254,957,-599,112,9,65,1128,997,-1084,114
2026-03-10,41,32573,A,34992,30842,5114,6417,0,22796,0,165,5565,1490,990,-535,23,0,-168,755,997,-951,153
2026-03-10,42,31265,A,33687,29623,5248,6417,0,22796,0,165,5560,1499,989,-537,0,0,-178,679,994,-942,184
2026-03-10,43,29281,A,32528,27821,5236,6417,0,22796,0,174,5805,1220,892,-1042,-10,0,-456,306,905,-965,101
2026-03-10,44,27836,A,31078,26439,5302,6417,0,22796,0,171,5835,1189,878,-1035,68,0,-467,230,889,-969,219
2026-03-10,45,26077,A,29776,24790,5259,6417,0,22796,0,153,5887,640,606,-1023,212,60,-741,-146,563,-1036,300
2026-03-10,46,24508,A,28163,23292,5298,6417,0,22796,0,16,5656,598,580,-1023,161,5,-752,-222,536,-1042,300
2026-03-10,47,22844,A,27669,21675,5297,6417,0,22796,0,774,5613,402,336,-1014,49,-51,-697,-603,336,-1086,300
2026-03-10,48,22111,A,27142,21011,5312,6417,0,22801,0,943,5741,405,323,-1014,0,-9,-695,-681,326,-1089,300
2026-03-11,1,22498,A,27755,21274,5189,6417,0,22801,0,788,5818,1064,441,-1014,32,0,-697,-1069,445,-1089,300
2026-03-11,2,23328,A,28390,22174,5115,6417,0,22801,0,521,6301,1109,450,-1014,147,0,-698,-1140,459,-1089,300
2026-03-11,3,22886,A,28540,21742,4954,6417,0,22801,0,851,5857,1112,495,-1014,63,0,-683,-1417,694,-1089,300
2026-03-11,4,22190,A,28047,21217,4948,6417,0,22801,0,1020,5811,1115,500,-1014,69,0,-682,-1452,708,-1089,300
2026-03-11,5,22055,A,28232,21160,4824,6417,0,22801,0,1266,5945,1282,587,-1014,4,0,-755,-1453,658,-1089,300
2026-03-11,6,21747,A,27913,20936,4796,6417,0,22801,0,1252,5984,1294,593,-1013,0,0,-758,-1453,651,-1090,300
2026-03-11,7,21173,A,26989,20363,4722,6417,0,22801,0,1015,5992,1321,581,-1014,0,0,-642,-1453,515,-1092,300
2026-03-11,8,20833,A,26668,20071,4687,6417,0,22801,0,1038,5784,1315,577,-1014,0,0,-638,-1453,504,-1092,300
2026-03-11,9,20648,A,26568,19903,4570,6417,0,22801,0,1008,5848,959,469,-1013,0,0,-754,-1453,422,-1092,240
2026-03-11,10,20524,A,26410,19802,4462,6417,0,22801,0,970,6018,943,465,-1014,1,0,-758,-1453,418,-1091,270
2026-03-11,11,21097,A,26869,20358,4325,6417,0,22801,0,855,5975,1311,598,-1014,88,0,-805,-1453,432,-1045,234
2026-03-11,12,21664,A,27301,20891,4365,6417,0,22801,0,730,5938,1340,617,-1014,132,0,-805,-1453,446,-1035,88
2026-03-11,13,23825,A,28361,22836,4282,6417,0,22801,0,202,5710,1432,968,-1006,14,0,-443,-1453,914,-810,-22
2026-03-11,14,25677,A,30056,24604,4252,6417,57,22801,0,10,6056,1440,992,-1000,-49,0,-402,-1439,946,-722,-157
2026-03-11,15,27988,A,30649,26520,4113,6417,606,22801,0,15,5207,1498,991,-283,-199,0,518,-1262,993,521,-302
2026-03-11,16,28558,A,31395,27032,4230,6417,2000,22801,0,13,5812,1502,991,-222,-320,0,578,-1239,996,649,-443
2026-03-11,17,28690,A,31300,26942,4366,6417,3463,22801,0,13,5577,1502,991,294,-244,0,707,-1240,996,916,-513
2026-03-11,18,27830,A,30492,26037,4565,6417,4880,22801,0,13,5617,1502,991,342,-296,0,716,-1240,996,942,-513
2026-03-11,19,26908,A,29888,25122,4619,6417,6297,22801,0,109,5639,1502,992,-316,-193,-9,572,-1239,996,967,-514
2026-03-11,20,26338,A,29843,24635,4645,6417,7404,22801,0,504,5639,1502,991,-373,-186,-105,562,-1239,996,970,-498
2026-03-11,21,25296,A,29366,23585,4539,6417,8256,22801,0,1219,5471,1503,991,-569,-52,-22,363,-1239,997,970,-369
2026-03-11,22,24848,A,28835,23164,4520,6417,8748,22801,0,1264,5700,1503,991,-584,0,0,349,-1239,997,970,-300
2026-03-11,23,24494,A,28442,22696,4347,6417,9238,22801,0,1270,5609,1503,982,-538,0,0,373,-1239,997,940,-301
2026-03-11,24,24396,A,28327,22563,4443,6417,9866,22801,0,1259,5412,1503,982,-534,0,0,375,-1239,997,934,-299
2026-03-11,25,24105,A,28004,22393,4489,6417,10671,22801,0,1273,5552,1503,991,-442,-1,0,702,-1239,996,966,-344
2026-03-11,26,23487,A,27323,21866,4543,6417,9933,22801,0,1260,5563,1503,991,-436,-66,57,726,-1239,997,958,-235
2026-03-11,27,23328,A,26852,21783,4464,6417,9754,22801,0,1149,5716,1483,991,-447,-7,187,337,-1239,996,132,-82
2026-03-11,28,23199,A,26618,21620,4449,6417,8845,22801,0,1135,5722,1481,991,-450,-11,203,308,-1223,997,41,16
2026-03-11,29,23109,A,27573,21491,4343,6417,8658,22801,0,1080,5754,1501,991,-1010,0,203,560,-961,996,-813,127
2026-03-11,30,23402,A,27920,21801,4340,6417,7667,22801,0,1070,5701,1503,991,-1055,0,203,578,-899,996,-894,47
2026-03-11,31,24229,A,28228,22578,4273,6417,6535,22801,0,738,5561,1502,991,-1054,0,198,876,-515,997,-1074,-18
2026-03-11,32,25709,A,29049,23982,4214,6417,5496,22801,0,12,5543,1502,991,-1054,-11,89,878,-435,997,-1081,-147
2026-03-11,33,27987,A,30144,26074,3932,6417,4016,22801,0,6,5753,1504,991,-595,-107,1,-109,-61,997,-409,-270
2026-03-11,34,30070,A,32255,28033,3758,6417,2302,22801,0,6,5906,1504,991,-559,-178,0,-204,19,996,-342,-296
2026-03-11,35,32948,A,34543,30694,3553,6417,849,22801,0,3,5644,1503,992,-178,-319,0,261,391,996,-93,-402
2026-03-11,36,34411,A,35876,32225,3418,6417,112,22801,0,0,5743,1500,988,-149,-255,0,296,469,994,-47,-414
2026-03-11,37,35207,A,36375,33030,3387,6417,0,22801,0,0,5735,1182,748,-7,-147,0,297,840,855,908,-414
2026-03-11,38,35470,A,36623,33259,3438,6417,0,22801,0,0,5611,1152,725,0,-139,0,297,918,842,1006,-414
2026-03-11,39,35347,A,36586,33119,3457,6417,0,22801,0,0,5541,1416,687,182,-226,0,406,1290,880,1026,-413
2026-03-11,40,34852,A,36091,32765,3648,6417,0,22801,0,2,5429,1439,682,203,-266,0,414,1321,884,1028,-371
2026-03-11,41,33737,A,34910,31748,3724,6417,0,22801,0,77,5556,1481,651,126,-272,0,238,950,953,1071,-224
2026-03-11,42,32745,A,33594,30821,3902,6417,0,22801,0,2,5937,1483,643,120,-174,0,225,872,946,1068,-73
2026-03-11,43,30586,A,31436,28840,4080,6417,0,22801,0,3,6046,1324,315,-181,-32,-34,44,501,208,546,0
2026-03-11,44,28692,A,29582,27124,4232,6417,0,22801,0,81,5875,1305,282,-209,64,0,31,422,141,488,63
2026-03-11,45,26739,A,28388,25455,4317,6417,0,22801,0,8,6002,704,87,-573,208,8,-391,51,88,-77,203
2026-03-11,46,25285,A,27088,24117,4434,6417,0,22801,0,9,5877,646,71,-600,250,0,-422,-28,83,-144,230
2026-03-11,47,23699,A,27700,22644,4434,6417,0,22801,0,111,6079,436,180,-1034,243,0,-838,-403,85,-1015,230
2026-03-11,48,22959,A,27464,21895,4536,6417,0,22807,0,389,5904,417,193,-1069,231,44,-869,-482,89,-1096,230
2026-03-12,1,23173,A,27968,22168,4583,6417,0,22807,0,412,6151,349,348,-1021,250,177,-861,-865,285,-1036,230
2026-03-12,2,23732,A,28328,22747,4685,6417,0,22807,0,141,6426,343,370,-1017,250,203,-860,-947,304,-1031,230
2026-03-12,3,23496,A,28307,22510,4808,6417,0,22807,0,159,6467,570,817,-1022,250,203,-608,-1338,414,-1084,230
2026-03-12,4,22717,A,27848,21757,4908,6417,0,22807,0,430,6350,590,855,-1022,250,197,-590,-1399,424,-1090,230
2026-03-12,5,21856,A,27601,20979,4983,6417,0,22807,0,730,6530,636,648,-1075,250,193,-805,-1445,433,-1090,230
2026-03-12,6,21401,A,27290,20574,5068,6417,0,22807,0,846,6616,639,626,-1080,250,194,-821,-1453,431,-1089,230
2026-03-12,7,20972,A,26526,20098,5112,6417,0,22807,0,703,6401,486,433,-1019,250,193,-734,-1453,250,-1045,230
2026-03-12,8,20836,A,26360,19904,5232,6417,0,22807,0,699,6438,465,412,-1014,250,195,-727,-1453,234,-1031,230
2026-03-12,9,20620,A,26169,19730,5232,6417,0,22807,0,660,6674,-312,195,-1074,250,202,-883,-1453,262,-567,230
2026-03-12,10,20589,A,25998,19678,5299,6417,0,22807,0,457,6604,-403,161,-1079,250,203,-895,-1453,260,-522,230
2026-03-12,11,20602,A,26404,19731,5365,6417,0,22807,0,51,6715,-546,-726,-1032,250,203,-885,-1453,-76,-433,231
2026-03-12,12,21187,A,27016,20266,5423,6417,0,22807,0,13,6425,-554,-805,-1028,250,191,-883,-1428,-101,-417,230
2026-03-12,13,23667,A,27797,22542,5418,6417,0,22807,0,12,6092,69,-499,-980,250,70,-1003,-1036,79,55,230
2026-03-12,14,25523,A,29512,24248,5432,6417,77,22807,0,6,6156,150,-456,-963,249,75,-1010,-954,101,119,231
2026-03-12,15,28433,A,30166,26860,5434,6417,503,22807,0,6,5619,773,460,-162,158,56,-396,-569,442,1016,168
2026-03-12,16,28884,A,30402,27232,5483,6417,969,22807,0,7,5437,837,553,-104,23,0,-318,-489,479,1114,29
2026-03-12,17,30336,A,31255,28434,5559,6417,1556,22807,0,11,4824,1445,954,352,-64,-50,810,-132,955,1231,-62
2026-03-12,18,30388,A,31474,28431,5586,6417,2004,22807,0,6,4445,1503,991,420,-184,-12,928,-76,997,1241,-208
2026-03-12,19,30408,A,31618,28217,5702,6417,2299,22807,0,60,3652,1503,991,1023,-182,0,1010,-15,996,1013,-353
2026-03-12,20,31045,A,32446,28802,5726,6417,2474,22807,0,124,3927,1503,991,1067,-193,0,1016,4,997,991,-484
2026-03-12,21,30826,A,32461,28561,5761,6417,2796,22807,0,377,4105,1503,991,1066,-186,0,1016,157,996,991,-472
2026-03-12,22,30552,A,32236,28392,5716,6417,2959,22807,0,239,4235,1503,991,1067,-335,0,1016,183,996,991,-510
2026-03-12,23,30798,A,32279,28582,5682,6417,2895,22807,0,27,4093,1503,991,1069,-399,0,880,238,996,991,-455
2026-03-12,24,31352,A,32856,29095,5604,6417,2774,22807,0,7,4294,1503,991,1069,-419,0,870,269,997,991,-478
2026-03-12,25,31710,A,33234,29372,5630,6417,2708,22807,0,4,4331,1503,991,1064,-451,-27,871,640,997,991,-442
2026-03-12,26,31769,A,33253,29477,5593,6417,2570,22807,0,10,4589,1503,991,1065,-451,-2,871,680,997,991,-421
2026-03-12,27,31706,A,33190,29494,5600,6417,2402,22807,0,12,4890,1503,991,1062,-436,0,870,445,997,991,-436
2026-03-12,28,31778,A,33110,29625,5585,6417,2130,22807,0,8,5018,1504,991,1063,-346,0,870,428,996,991,-378
2026-03-12,29,32013,A,33284,29809,5589,6417,1790,22807,0,11,5176,1502,991,1062,-304,0,851,712,996,991,-356
2026-03-12,30,32013,A,33221,29784,5560,6417,1402,22807,0,12,5175,1502,991,1062,-245,0,850,740,996,997,-351
2026-03-12,31,32224,A,33436,30031,5539,6417,1044,22807,0,12,5233,1501,991,1068,-224,0,850,529,997,1388,-376
2026-03-12,32,32802,A,33984,30528,5457,6417,791,22807,0,10,5027,1501,992,1068,-150,0,850,521,997,1425,-422
2026-03-12,33,33424,A,34571,31008,5292,6417,515,22807,0,14,5229,1501,991,1068,-141,0,851,892,996,1424,-392
2026-03-12,34,34044,A,35448,31617,5258,6417,291,22807,0,12,5062,1501,992,1068,-291,0,851,970,997,1424,-501
2026-03-12,35,35386,A,36940,32841,5172,6417,108,22807,0,2,4565,1501,992,1066,-427,-12,987,1342,997,1424,-513
2026-03-12,36,36290,A,37845,33687,5145,6417,16,22807,0,0,4544,1501,991,1066,-442,0,996,1384,996,1424,-513
2026-03-12,37,36609,A,38171,33942,4990,6417,0,22807,0,0,4623,1501,992,1066,-448,0,997,1191,996,1424,-514
2026-03-12,38,36995,A,38552,34238,4909,6417,0,22807,0,5,4665,1501,992,1065,-439,0,997,1139,996,1424,-513
2026-03-12,39,35971,A,37563,33369,4861,6417,0,22807,0,10,4677,1501,992,1066,-451,-18,997,769,996,1424,-513
2026-03-12,40,34554,A,36268,32020,4887,6417,0,22807,0,10,4674,1501,992,1066,-451,-141,997,691,996,1424,-512
2026-03-12,41,33426,A,35296,30969,4866,6417,0,22807,0,170,4715,1501,992,1066,-451,-140,997,319,996,1424,-509
2026-03-12,42,32430,A,34306,30047,4831,6417,0,22807,0,301,4664,1501,992,1067,-436,-110,997,241,996,1424,-429
2026-03-12,43,30861,A,32620,28641,4889,6417,0,22807,0,358,4926,1501,992,676,-308,-6,977,-132,996,1427,-355
2026-03-12,44,29433,A,31587,27414,4865,6417,0,22807,0,759,5173,1500,990,646,-158,0,975,-211,992,1428,-426
2026-03-12,45,27541,A,30435,25743,4957,6417,0,22807,0,1220,5264,1235,884,461,-33,0,763,-589,695,1428,-452
2026-03-12,46,26571,A,29673,24871,4849,6417,0,22807,0,1512,5186,1209,872,438,0,0,744,-669,669,1417,-321
2026-03-12,47,24212,A,27933,22691,4733,6417,0,22807,0,1603,5359,795,738,-155,-11,0,114,-1056,650,694,-296
2026-03-12,48,23872,A,27690,22368,4762,6417,0,22812,0,1576,5475,753,726,-181,-109,0,64,-1120,647,625,-232
2026-03-13,1,24149,A,27307,22595,4821,6417,0,22812,0,1217,5601,422,776,94,-24,0,-12,-1224,600,642,-81
2026-03-13,2,24429,A,27707,22878,4876,6417,0,22812,0,1335,5535,390,780,111,0,0,-18,-1239,598,643,-86
2026-03-13,3,24179,A,27800,22716,4804,6417,0,22812,0,1294,5816,586,787,103,0,0,-308,-1239,651,313,-180
2026-03-13,4,23212,A,26951,21761,4858,6417,0,22812,0,1455,5770,603,781,102,0,0,-329,-1240,654,284,-115
2026-03-13,5,22787,A,26305,21461,4746,6417,0,22812,0,1077,5864,668,355,-233,0,0,-193,-1239,550,462,-176
2026-03-13,6,22333,A,26412,21019,4848,6417,0,22812,0,1535,5644,669,318,-269,0,0,-182,-1240,541,479,-253
2026-03-13,7,22260,A,26406,20929,4959,6417,0,22812,0,1550,5804,20,498,-381,0,0,277,-1240,529,453,-375
2026-03-13,8,22022,A,26184,20668,5070,6417,0,22812,0,1554,5663,-39,511,-390,0,0,311,-1239,526,447,-340
2026-03-13,9,21649,A,26129,20357,4952,6417,0,22812,0,1768,5718,-219,277,-345,0,0,153,-1239,426,229,-309
2026-03-13,10,21546,A,26112,20289,4961,6417,0,22812,0,1850,5936,-241,257,-338,-37,0,141,-1239,416,217,-261
2026-03-13,11,21647,A,25849,20435,4744,6417,0,22812,0,1587,6018,-475,366,-8,0,0,-178,-1239,378,797,-115
2026-03-13,12,22406,A,26631,21111,4723,6417,0,22812,0,1605,6010,-433,382,0,-14,0,-189,-1233,382,855,-151
2026-03-13,13,24721,A,28322,23189,4683,6417,0,22812,0,1298,5453,974,802,-95,-141,-30,658,-1137,860,977,-300
2026-03-13,14,26658,A,29855,24939,4706,6417,85,22812,0,793,5204,1205,843,-104,-244,-2,733,-1099,903,991,-355
2026-03-13,15,29306,A,31614,27206,4607,6417,629,22812,0,26,5072,1477,978,88,-390,-99,979,-712,989,992,-481
2026-03-13,16,30053,A,32392,27773,4608,6417,1583,22812,0,16,4964,1501,991,102,-452,-126,997,-631,997,991,-514
2026-03-13,17,30299,A,33030,27855,4499,6417,2623,22812,0,14,4857,1502,992,-708,-452,-190,997,-253,996,988,-514
2026-03-13,18,30323,A,33388,27791,4482,6417,3301,22812,0,14,4936,1501,992,-978,-451,-311,997,-198,996,988,-513
2026-03-13,19,30096,A,32929,27559,4522,6417,4620,22812,0,14,4920,1502,992,-756,-452,-279,904,-218,996,988,-514
2026-03-13,20,29486,A,32352,27009,4578,6417,5673,22812,0,12,4727,1502,992,-739,-452,-305,897,-244,997,988,-514
2026-03-13,21,28698,A,32123,26318,4500,6417,6395,22812,0,10,4537,1502,992,-833,-452,-393,990,-623,997,988,-514
2026-03-13,22,28126,A,31594,25850,4450,6417,7333,22812,0,10,4508,1502,992,-835,-452,-353,996,-704,996,988,-514
2026-03-13,23,27820,A,31130,25686,4395,6417,7810,22812,0,10,4651,1502,992,-328,-452,-380,1015,-1090,996,988,-450
2026-03-13,24,27578,A,30844,25410,4379,6417,8164,22812,0,15,4599,1502,992,-286,-451,-381,1016,-1127,996,988,-406
2026-03-13,25,27671,A,30626,25309,4161,6417,8052,22812,0,253,4163,1502,992,743,-451,-439,1016,-817,997,988,-395
2026-03-13,26,27313,A,30270,24958,4168,6417,7933,22812,0,284,3920,1502,992,984,-452,-479,1016,-752,996,988,-390
2026-03-13,27,27261,A,29965,25072,4054,6417,7604,22812,0,279,4250,1502,991,1002,-451,-530,1016,-449,996,988,-395
2026-03-13,28,27377,A,29745,25236,3965,6417,6957,22812,0,35,4217,1502,991,1002,-452,-511,1016,-381,997,988,-389
2026-03-13,29,27293,A,29126,25125,3773,6417,6342,22812,0,8,4210,1502,991,512,-413,-383,998,-7,997,988,-422
2026-03-13,30,27668,A,29428,25501,3559,6417,5810,22812,0,8,4191,1502,991,452,-451,-332,996,73,997,983,-369
2026-03-13,31,27556,A,29965,25414,3392,6417,4809,22812,0,8,3948,1502,991,-646,-452,-281,959,443,996,618,-422
2026-03-13,32,29003,A,31432,26742,3257,6417,4186,22812,0,8,3686,1502,991,-826,-438,-130,953,521,996,572,-427
2026-03-13,33,30604,A,33036,28327,2936,6417,3171,22812,0,10,3895,1503,991,-1006,-340,-10,367,892,996,-128,-338
2026-03-13,34,32282,A,35005,29863,2677,6417,2071,22812,0,10,3350,1503,991,-1013,-428,-39,317,971,997,-190,-443
2026-03-13,35,34302,A,37167,31719,2327,6417,998,22812,0,4,2947,1504,991,-804,-452,-143,-349,1342,980,146,-513
2026-03-13,36,35421,A,38462,32855,2234,6417,154,22812,0,3,3164,1502,991,-777,-452,-294,-401,1397,978,184,-514
2026-03-13,37,36677,A,38897,33985,2120,6417,0,22812,0,7,3237,1334,956,-280,-449,-371,138,1397,932,565,-513
2026-03-13,38,36995,A,39305,34235,2049,6417,0,22812,0,1,3646,1319,952,-241,-451,-503,178,1397,928,607,-514
2026-03-13,39,36771,A,38867,33951,1833,6417,0,22812,0,1,3535,1401,923,603,-451,-530,358,1397,964,955,-514
2026-03-13,40,36146,A,38244,33409,1796,6417,0,22812,0,3,3516,1410,921,762,-451,-530,371,1397,967,988,-514
2026-03-13,41,35116,A,37213,32354,1729,6417,0,22812,0,3,3315,1451,944,917,-451,-530,522,1397,910,955,-513
2026-03-13,42,33879,A,35977,31195,1743,6417,0,22812,0,3,3212,1454,947,929,-451,-530,533,1397,906,952,-514
2026-03-13,43,32643,A,34744,30071,1780,6417,0,22812,0,6,3499,1498,987,959,-451,-531,800,1397,969,984,-513
2026-03-13,44,31580,A,33680,29106,1739,6417,0,22812,0,5,3445,1502,991,962,-451,-531,820,1397,974,988,-513
2026-03-13,45,30349,A,32390,28009,1694,6417,0,22812,0,8,3315,1470,990,902,-451,-469,715,1397,911,987,-513
2026-03-13,46,28664,A,30592,26373,1704,6417,0,22812,0,8,2915,1467,990,897,-451,-355,707,1397,906,986,-514
2026-03-13,47,27376,A,29266,25170,1688,6417,0,22812,0,8,3171,1407,991,599,-414,-354,836,1397,989,867,-514
2026-03-13,48,26569,A,28535,24313,1733,6417,0,22813,0,8,3262,1403,991,576,-401,-443,845,1397,997,857,-514
2026-03-14,1,26777,A,28653,24554,1613,6417,0,22813,0,7,3359,1493,992,853,-401,-355,987,1397,997,975,-513
2026-03-14,2,27387,A,29091,25176,1621,6417,0,22813,0,5,3285,1502,992,876,-365,-220,997,1397,997,987,-514
2026-03-14,3,26828,A,28591,24774,1490,6417,0,22813,0,5,3153,1502,991,990,-361,-283,997,1397,997,987,-514
2026-03-14,4,26320,A,28017,24370,1558,6417,0,22813,0,5,3068,1502,992,999,-361,-217,997,1397,997,987,-514
2026-03-14,5,25743,A,27485,23823,1455,6417,0,22813,0,5,3030,1502,992,964,-361,-262,997,1397,997,987,-514
2026-03-14,6,25312,A,27154,23364,1461,6417,0,22813,0,5,2939,1503,992,962,-362,-361,997,1397,997,987,-514
2026-03-14,7,24482,A,26381,22535,1546,6417,0,22813,0,144,2403,1503,992,773,-362,-280,887,1397,997,987,-513
2026-03-14,8,24195,A,26110,22426,1535,6417,0,22813,0,185,2516,1503,992,757,-342,-274,879,1397,997,982,-514
2026-03-14,9,23966,A,25889,22164,1435,6417,0,22813,0,185,2693,1503,992,658,-341,-283,804,1397,997,674,-514
2026-03-14,10,23993,A,25908,22035,1440,6417,0,22813,0,186,2487,1503,992,651,-341,-274,798,1397,997,645,-514
2026-03-14,11,23767,A,25497,21734,1229,6417,0,22813,0,52,2136,1503,992,750,-342,-222,983,1397,997,747,-514
2026-03-14,12,23910,A,25575,21855,1258,6417,0,22813,0,6,2134,1503,992,757,-342,-203,997,1397,998,760,-514
2026-03-14,13,24714,A,26363,22588,1281,6417,0,22813,0,6,1942,1502,992,882,-371,-158,997,1397,997,906,-514
2026-03-14,14,25272,A,26881,23138,1268,6417,214,22813,0,6,2248,1502,992,892,-373,-116,997,1397,996,920,-514
2026-03-14,15,25981,A,27803,23681,1159,6417,1337,22813,0,6,2041,1502,992,997,-439,-263,997,1397,997,982,-514
2026-03-14,16,25844,A,27738,23485,1074,6417,2963,22813,0,7,2007,1502,991,1002,-451,-322,997,1397,997,987,-514
2026-03-14,17,25534,A,27568,23098,1019,6417,4696,22813,0,8,1997,1503,991,1002,-452,-460,625,1397,997,856,-514
2026-03-14,18,24918,A,27021,22341,1017,6417,6380,22813,0,8,1773,1503,991,1002,-452,-529,597,1397,997,842,-514
2026-03-14,19,23970,A,25976,21300,1143,6417,7858,22813,0,8,1750,1503,991,881,-452,-432,480,1397,997,772,-514
2026-03-14,20,22920,A,24814,20286,1219,6417,9240,22813,0,7,1569,1503,991,868,-451,-322,471,1397,997,765,-514
2026-03-14,21,22153,A,23995,19563,1202,6417,10353,22813,0,89,1672,1503,991,769,-452,-187,433,1397,998,735,-514
2026-03-14,22,21332,A,23284,18881,1219,6417,10982,22813,0,210,1685,1504,991,761,-452,-176,430,1397,998,728,-514
2026-03-14,23,20538,A,22171,18171,1198,6417,11330,22813,0,11,1695,1504,991,538,-451,-57,316,1397,997,441,-514
2026-03-14,24,20365,A,22056,18111,1231,6417,11382,22813,0,11,1663,1504,991,521,-452,-114,307,1397,997,414,-514
2026-03-14,25,20110,A,21724,18070,1059,6417,11463,22813,0,11,1676,1503,991,416,-452,-37,351,1397,996,394,-514
2026-03-14,26,20067,A,21639,18045,1104,6417,10991,22813,0,7,1790,1503,991,408,-451,0,354,1397,997,392,-514
2026-03-14,27,20553,A,22122,18090,1080,6417,10606,22813,0,5,1810,1504,992,707,-450,0,260,1397,997,405,-514
2026-03-14,28,21273,A,22824,18993,1162,6417,9748,22813,0,4,2176,1503,992,729,-433,0,255,1391,997,401,-514
2026-03-14,29,21773,A,23260,19475,1151,6417,8957,22813,0,4,2259,1503,992,963,-350,0,836,1290,997,-19,-514
2026-03-14,30,22175,A,23782,20035,1212,6417,7996,22813,0,4,2311,1503,992,981,-417,0,881,1282,997,-72,-514
2026-03-14,31,23042,A,25486,21011,1217,6417,6754,22813,0,4,2533,1503,992,833,-386,-23,771,1382,997,-917,-514
2026-03-14,32,24210,A,26923,22107,1124,6417,5528,22813,0,4,1925,1503,992,802,-450,-161,764,1397,996,-993,-505
2026-03-14,33,26087,A,28828,23742,990,6417,4094,22813,0,10,1745,1503,992,128,-452,-313,492,1397,997,-854,-512
2026-03-14,34,28608,A,31438,26047,886,6417,2648,22813,0,10,1674,1503,992,102,-452,-426,472,1397,997,-828,-514
2026-03-14,35,31203,A,33460,28352,826,6417,1240,22813,0,4,1189,1502,992,-163,-452,-525,429,1397,997,19,-513
2026-03-14,36,32925,A,35213,30000,802,6417,242,22813,0,4,1651,1502,992,-188,-452,-530,426,1397,997,103,-514
2026-03-14,37,34472,A,36571,31341,781,6417,1,22813,0,3,1764,1503,992,387,-452,-530,264,1397,998,460,-514
2026-03-14,38,34836,A,36936,31611,783,6417,0,22813,0,3,1744,1503,992,464,-452,-531,257,1397,998,497,-514
2026-03-14,39,35019,A,37119,31906,816,6417,0,22813,0,3,1713,1502,992,909,-452,-531,941,1397,997,708,-514
2026-03-14,40,34252,A,36351,31141,834,6417,0,22813,0,3,1608,1502,992,943,-452,-530,997,1397,997,725,-514
2026-03-14,41,33412,A,35517,30357,775,6417,0,22813,0,5,1718,1503,987,721,-452,-530,737,1397,997,485,-518
2026-03-14,42,32541,A,34651,29570,789,6417,0,22813,0,14,1694,1503,986,704,-452,-530,718,1397,998,457,-514
2026-03-14,43,31385,A,33497,28561,920,6417,0,22813,0,16,1821,1452,902,288,-452,-530,759,1397,998,182,-514
2026-03-14,44,30407,A,32485,27807,950,6417,0,22813,0,16,2148,1448,895,256,-436,-512,762,1397,996,157,-514
2026-03-14,45,28532,A,30313,26171,991,6417,0,22813,0,17,2202,1439,962,432,-308,-380,375,1397,913,182,-476
2026-03-14,46,27612,A,28990,25363,1100,6417,0,22813,0,16,2614,1438,968,445,-157,-228,346,1397,906,188,-377
2026-03-14,47,26939,A,28321,23957,1172,6417,0,22813,0,168,1996,1418,963,665,-135,-98,343,1397,931,343,-381
2026-03-14,48,25759,A,27023,22874,1299,6417,0,22813,0,16,2180,1416,962,682,-144,-2,343,1397,934,361,-502
2026-03-15,1,25012,A,26160,23063,1399,6417,0,22813,0,14,3286,1353,989,564,5,-21,336,1397,974,588,-513
2026-03-15,2,25742,A,26783,23841,1426,6417,0,22813,0,14,3453,1348,991,556,136,0,335,1397,978,606,-427
2026-03-15,3,25382,A,26282,23547,1499,6417,0,22813,0,15,3492,1480,991,877,155,0,508,1397,995,347,-285
2026-03-15,4,24713,A,25465,22977,1617,6417,0,22813,0,15,3597,1493,991,900,155,65,521,1397,997,318,-137
2026-03-15,5,23950,A,24578,22174,1715,6417,0,22813,0,16,3708,1502,991,314,155,190,313,1397,997,64,-12
2026-03-15,6,23297,A,24160,21360,1952,6417,0,22813,0,263,3829,1504,991,264,155,203,297,1397,997,36,63
2026-03-15,7,22528,A,23530,20852,2059,6417,0,22813,0,28,4486,1505,992,-294,155,203,124,1397,998,-80,171
2026-03-15,8,21764,A,23034,20369,2338,6417,0,22813,0,219,4777,1504,992,-348,155,202,110,1375,997,-103,186
2026-03-15,9,20743,A,23694,19652,2544,6417,0,22813,0,250,4853,1506,979,-914,155,203,-426,1034,998,-761,200
2026-03-15,10,20769,A,23946,19570,2860,6417,0,22813,0,325,4888,1500,976,-959,155,203,-468,960,995,-825,125
2026-03-15,11,19685,A,23669,18937,3171,6417,0,22813,0,328,5284,985,882,-1005,155,202,-983,590,859,-1068,165
2026-03-15,12,19576,A,23629,19065,3575,6417,0,22813,0,329,5455,933,866,-1010,155,203,-1022,512,846,-1092,170
2026-03-15,13,19665,A,23679,19227,3835,6417,0,22813,0,287,5400,721,352,-1013,155,203,-1022,141,758,-1092,196
2026-03-15,14,20163,A,24076,19486,4116,6417,204,22813,0,185,5158,706,313,-1014,91,203,-1022,82,750,-1092,200
2026-03-15,15,20584,A,25181,19861,4156,6417,1077,22813,0,966,5146,1166,854,-917,1,203,-1022,7,788,-1092,200
2026-03-15,16,20503,A,25133,19759,4300,6417,2293,22813,0,982,5120,1212,906,-906,0,202,-1022,-28,795,-1092,200
2026-03-15,17,20555,A,25317,19737,4255,6417,3594,22813,0,916,5016,1482,984,-888,0,203,-863,-403,981,-1092,200
2026-03-15,18,20684,A,25514,19789,4396,6417,4660,22813,0,916,5218,1507,991,-886,0,202,-850,-483,997,-1095,201
2026-03-15,19,21064,A,25305,19981,4525,6417,5630,22813,0,856,5018,1505,991,-545,0,203,-278,-866,996,-1096,200
2026-03-15,20,21011,A,25135,19810,4754,6417,6459,22813,0,762,4690,1504,991,-504,0,203,-235,-931,997,-1092,200
2026-03-15,21,21077,A,24348,19693,4836,6417,6852,22813,0,761,4253,1503,991,143,0,198,130,-1070,996,-840,196
2026-03-15,22,20868,A,24101,19417,4915,6417,7187,22813,0,749,4064,1502,991,167,0,90,156,-1069,996,-815,68
2026-03-15,23,21268,A,24087,19910,4918,6417,7334,22813,0,750,3959,1219,974,106,0,0,171,-730,979,-710,-29
2026-03-15,24,21917,A,24643,20495,5000,6417,6758,22813,0,752,4008,1193,972,102,0,0,172,-675,977,-699,20
2026-03-15,25,23015,A,25714,21748,4919,6417,6279,22813,0,740,4415,1268,972,-110,0,0,60,-609,994,-640,68
2026-03-15,26,23946,A,26649,22628,4930,6417,5367,22813,0,739,4693,1277,972,-128,0,0,52,-600,997,-636,129
2026-03-15,27,25128,A,27838,23824,4869,6417,4688,22813,0,739,5303,1450,990,227,0,0,177,-598,996,-773,124
2026-03-15,28,25820,A,28531,24507,4833,6417,3795,22813,0,736,4873,1468,992,264,0,0,186,-588,997,-787,215
2026-03-15,29,26558,A,29114,25202,4724,6417,3117,22813,0,741,4971,1499,991,548,38,0,465,-428,996,-787,250
2026-03-15,30,26638,A,29045,25272,4699,6417,3005,22813,0,641,4741,1503,992,569,1,0,485,-381,996,-785,250
2026-03-15,31,26924,A,28517,25473,4784,6417,2927,22813,0,327,4802,1503,991,378,8,0,198,-6,996,-660,250
2026-03-15,32,27933,A,29206,26696,4738,6417,2590,22813,0,36,5629,1503,992,360,228,0,178,73,996,-637,250
2026-03-15,33,29012,A,29711,27461,4494,6417,2271,22813,0,12,5171,1502,992,-87,237,54,660,443,996,129,227
2026-03-15,34,29870,A,30586,28221,4458,6417,1610,22813,0,12,5267,1502,992,-104,88,14,697,521,996,211,90
2026-03-15,35,31164,A,31817,29279,4208,6417,874,22813,0,9,4991,1438,982,216,-30,0,494,892,985,869,-14
2026-03-15,36,32089,A,32983,30034,4040,6417,230,22813,0,9,4748,1428,982,251,-143,0,479,970,984,937,-142
2026-03-15,37,32748,A,33844,30699,3823,6417,2,22813,0,9,4762,1080,968,392,-200,0,306,1342,994,1366,-287
2026-03-15,38,33180,A,34450,31091,3686,6417,0,22813,0,10,5155,1047,967,403,-228,0,297,1380,996,1407,-432
2026-03-15,39,33291,A,34728,31037,3581,6417,0,22813,0,8,4745,1462,990,498,-316,0,945,1107,996,1423,-513
2026-03-15,40,32523,A,33980,30261,3731,6417,0,22813,0,5,4646,1501,992,502,-339,0,997,1043,996,1424,-513
2026-03-15,41,31472,A,32861,29228,3676,6417,0,22813,0,10,4525,1501,983,468,-265,0,993,672,995,1425,-514
2026-03-15,42,30643,A,32070,28447,3825,6417,0,22813,0,11,4536,1501,982,455,-303,0,993,594,995,1421,-513
2026-03-15,43,29205,A,30798,27143,3884,6417,0,22813,0,9,4831,1484,969,-336,-184,0,607,224,979,1138,-464
2026-03-15,44,28433,A,30086,26464,3865,6417,0,22813,0,49,4752,1481,968,-398,-198,0,569,146,969,1100,-408
2026-03-15,45,26400,A,28741,24668,3645,6417,0,22813,0,370,4779,1338,951,-506,-74,0,-240,-230,568,600,-321
2026-03-15,46,25271,A,28116,23730,3788,6417,0,22813,0,818,5170,1323,945,-510,0,0,-311,-309,532,544,-297
2026-03-15,47,24239,A,27331,22722,3675,6417,0,22813,0,844,5022,1361,681,-508,0,0,-109,-690,522,43,-341
2026-03-15,48,23614,A,26767,22094,3800,6417,0,22818,0,842,4894,1363,656,-508,0,0,-94,-770,522,1,-339
2026-03-16,1,23742,A,27031,22196,3737,6417,0,22818,0,731,4742,1212,662,-377,0,0,17,-1157,629,275,-424
2026-03-16,2,24286,A,27540,22720,3787,6417,0,22818,0,744,4737,1197,664,-363,0,0,25,-1216,639,297,-331
2026-03-16,3,24144,A,27740,22666,3632,6417,0,22818,0,820,5045,1316,756,-294,0,0,207,-1236,621,-236,-410
2026-03-16,4,23304,A,27200,21926,3636,6417,0,22818,0,991,4855,1328,765,-287,-11,0,220,-1239,619,-281,-487
2026-03-16,5,22790,A,26437,21427,3494,6417,0,22818,0,777,4642,1419,737,-297,-117,0,-105,-1239,583,20,-512
2026-03-16,6,22831,A,26393,21495,3612,6417,0,22818,0,711,4672,1429,737,-298,-73,0,-128,-1239,581,39,-513
2026-03-16,7,22359,A,26625,21179,3490,6417,0,22818,0,692,4843,1428,903,-443,-121,0,-122,-1240,715,-535,-513
2026-03-16,8,22048,A,26253,20868,3546,6417,0,22818,0,575,4732,1425,919,-455,-162,0,-122,-1240,723,-589,-462
2026-03-16,9,21548,A,26350,20461,3525,6417,0,22818,0,595,5067,1082,919,-852,-28,0,-598,-1240,495,-573,-316
2026-03-16,10,21496,A,26223,20282,3577,6417,0,22818,0,456,4980,1046,911,-884,0,0,-634,-1238,475,-565,-350
2026-03-16,11,22084,A,26087,20793,3463,6417,0,22818,0,387,5113,761,380,-584,0,0,-699,-1198,500,-174,-361
2026-03-16,12,22899,A,26750,21588,3553,6417,0,22818,0,286,5427,736,334,-561,-13,-14,-694,-1167,501,-134,-382
2026-03-16,13,25642,A,27843,24117,3439,6417,1,22818,0,58,5114,1146,549,-181,-140,-141,108,-779,409,64,-302
2026-03-16,14,27489,A,29950,25777,3441,6417,140,22818,0,15,5044,1185,575,-152,-292,-293,185,-698,410,92,-411
2026-03-16,15,30017,A,32327,27982,3241,6417,676,22818,0,10,4516,1456,956,70,-428,-443,933,-318,949,711,-511
2026-03-16,16,31277,A,33633,29026,3272,6417,1477,22818,0,11,4368,1481,992,112,-452,-531,997,-249,996,768,-513
2026-03-16,17,32278,A,34418,29952,3216,6417,2364,22818,0,9,4463,1500,992,926,-451,-531,997,-36,996,729,-513
2026-03-16,18,32249,A,34359,29776,3346,6417,3403,22818,0,13,4474,1501,992,1002,-451,-531,997,4,997,728,-515
2026-03-16,19,31905,A,34013,29276,3384,6417,4713,22818,0,13,4443,1501,992,1002,-451,-531,1015,124,997,966,-513
2026-03-16,20,31270,A,33375,28748,3536,6417,5125,22818,0,15,4591,1501,992,1002,-451,-526,1016,118,996,989,-513
2026-03-16,21,31164,A,33411,28750,3517,6417,5205,22818,0,7,4447,1501,992,1002,-451,-419,1016,-257,997,989,-513
2026-03-16,22,30959,A,33066,28606,3604,6417,5418,22818,0,12,4424,1501,992,1003,-397,-268,1016,-302,997,989,-528
2026-03-16,23,30849,A,32520,28459,3432,6417,5848,22818,0,14,4202,1501,992,1002,-358,-117,1016,-131,996,989,-451
2026-03-16,24,30881,A,32090,28520,3433,6417,5368,22818,0,13,4114,1502,992,1001,-210,-5,1016,-82,997,989,-299
2026-03-16,25,31089,A,31970,28891,3277,6417,5284,22818,0,12,4189,1501,992,1002,-121,0,1016,291,997,989,-148
2026-03-16,26,31621,A,32309,29375,3376,6417,4878,22818,0,12,4237,1502,992,1001,-76,0,1016,370,997,989,1
2026-03-16,27,31877,A,32567,29779,3293,6417,3575,22818,0,11,4346,1502,992,1001,-79,0,1016,740,997,989,114
2026-03-16,28,32407,A,33025,30218,3326,6417,3171,22818,0,10,4257,1499,992,1002,-8,0,1016,818,997,989,200
2026-03-16,29,32746,A,33356,30572,3096,6417,2845,22818,0,10,4570,1046,992,1001,0,0,998,1189,997,989,200
2026-03-16,30,32899,A,33509,30730,3054,6417,2445,22818,0,10,4805,1004,992,1002,0,0,996,1252,997,989,200
2026-03-16,31,33339,A,33948,31218,3257,6417,2131,22818,0,9,4995,1004,992,1002,0,0,996,1378,997,1015,200
2026-03-16,32,34250,A,34857,32138,3297,6417,1620,22818,0,7,5173,1017,992,903,0,0,983,1397,997,985,130
2026-03-16,33,34646,A,35844,32536,3321,6417,1230,22818,0,4,5255,1882,992,-494,-12,0,108,1397,997,-88,4
2026-03-16,34,35662,A,37228,33472,3350,6417,755,22818,0,7,5102,2000,986,-606,-71,0,26,1397,995,-219,-63
2026-03-16,35,36018,A,38671,33731,3407,6417,360,22818,0,6,5354,1576,628,-710,54,0,-602,1397,939,-735,38
2026-03-16,36,37112,A,39861,34853,3473,6417,113,22818,0,2,5249,1484,593,-718,28,0,-652,1397,924,-777,35
2026-03-16,37,37259,A,39228,34980,3520,6417,0,22818,0,1,5305,101,462,-649,114,0,-383,1397,337,-303,-33
2026-03-16,38,36712,A,38800,33912,3687,6417,0,22818,0,1,5144,-50,453,-644,26,55,-364,1397,287,-257,-172
2026-03-16,39,36548,A,39044,34288,3678,6417,0,22818,0,1,5439,815,678,-841,-64,14,-491,1397,332,-181,-318
2026-03-16,40,35734,A,38352,33627,3827,6417,0,22818,0,1,5604,925,698,-856,-147,0,-500,1374,337,-178,-336
2026-03-16,41,34273,A,37196,32260,3801,6417,0,22818,0,7,5595,998,610,-880,-122,0,-642,1002,378,-433,-239
2026-03-16,42,33294,A,36137,31245,3936,6417,0,22818,0,7,5504,1007,606,-882,-165,0,-652,924,382,-455,-82
2026-03-16,43,31492,A,33870,29753,3864,6417,0,22818,0,7,5756,1571,839,-735,-53,1,-654,553,382,-329,15
2026-03-16,44,29838,A,32148,28231,3924,6417,0,22818,0,7,5862,1626,861,-724,64,71,-654,474,382,-325,143
2026-03-16,45,27810,A,30831,26301,3882,6417,0,22818,0,6,5814,1597,892,-895,192,8,-655,104,415,-865,227
2026-03-16,46,26311,A,29400,24827,3995,6417,0,22818,0,6,5856,1593,891,-909,263,0,-656,27,416,-918,228
2026-03-16,47,24455,A,28605,23009,3928,6417,0,22818,0,362,5805,1182,639,-981,246,0,-796,-335,188,-1076,230
2026-03-16,48,23670,A,28227,22236,3994,6417,0,22823,0,660,5744,1145,618,-990,272,0,-806,-411,175,-1090,230
2026-03-17,1,23906,A,29010,22661,3983,6417,0,22823,0,994,5939,1558,759,-966,295,64,-708,-776,588,-1060,230
2026-03-17,2,24150,A,29201,23150,4049,6417,0,22823,0,875,5987,1598,774,-964,295,171,-701,-854,626,-1057,230
2026-03-17,3,23723,A,29430,22772,4052,6417,0,22823,0,1015,5885,1856,929,-1011,295,177,-750,-1244,719,-1087,230
2026-03-17,4,23100,A,28880,22300,4102,6417,0,22823,0,1013,6196,1880,944,-1013,295,182,-754,-1310,731,-1090,230
2026-03-17,5,23037,A,29048,22140,4062,6417,0,22823,0,1024,6108,1926,988,-1013,295,184,-850,-1434,975,-1090,230
2026-03-17,6,22767,A,28790,21961,4179,6417,0,22823,0,1014,6152,1930,992,-1013,295,184,-857,-1449,994,-1090,230
2026-03-17,7,22027,A,28006,21260,4133,6417,0,22823,0,1017,6121,1947,983,-1012,295,184,-857,-1403,816,-1090,230
2026-03-17,8,21856,A,27806,21072,4138,6417,0,22823,0,1012,6034,1947,978,-1020,295,184,-856,-1372,794,-1090,230
2026-03-17,9,21503,A,27130,20846,4033,6417,0,22823,0,933,6296,1674,655,-1013,295,183,-1010,-981,402,-1090,230
2026-03-17,10,21562,A,27186,20749,4106,6417,0,22823,0,1001,6310,1639,622,-1013,295,185,-1021,-899,360,-1090,230
2026-03-17,11,21574,A,26784,20698,4158,6417,0,22823,0,874,6315,774,400,-1014,295,184,-1022,-515,-91,-1094,202
2026-03-17,12,22493,A,27063,21506,4187,6417,0,22823,0,277,5870,684,373,-1014,295,185,-1022,-435,-128,-1094,230
2026-03-17,13,23878,A,27755,22943,4121,6417,0,22823,0,39,5773,405,-52,-1012,295,184,-1021,-60,83,-1093,230
2026-03-17,14,25678,A,29495,24623,4126,6417,132,22823,0,12,5678,404,-81,-1013,295,185,-1022,20,110,-1089,230
2026-03-17,15,28581,A,32119,27239,3977,6417,655,22823,0,11,5545,1509,589,-999,295,184,-953,391,614,-975,230
2026-03-17,16,29643,A,33147,28005,4012,6417,1418,22823,0,7,5295,1640,656,-998,295,185,-942,424,663,-957,230
2026-03-17,17,30496,A,32178,28729,4035,6417,2439,22823,0,10,5127,1970,963,-396,293,183,-193,72,969,-483,230
2026-03-17,18,29871,A,31378,28112,4182,6417,3553,22823,0,13,5237,2002,991,-317,220,115,-131,-4,996,-442,230
2026-03-17,19,28951,A,30914,27275,4268,6417,4683,22823,0,11,5617,2002,991,-309,254,5,200,-379,996,-664,230
2026-03-17,20,27658,A,29785,25886,4342,6417,6104,22823,0,28,5413,2002,992,-351,123,0,224,-458,996,-690,230
2026-03-17,21,25954,A,29884,24252,4379,6417,7293,22823,0,463,5669,2002,992,-962,8,0,-6,-841,996,-1058,230
2026-03-17,22,25149,A,29545,23430,4463,6417,8702,22823,0,797,5648,2002,992,-967,0,0,-23,-915,996,-1094,230
2026-03-17,23,23902,A,28602,22197,4505,6417,10118,22823,0,822,5980,2002,992,-964,0,0,-23,-1197,996,-1094,230
2026-03-17,24,23192,A,27913,21411,4546,6417,11260,22823,0,800,5801,2003,992,-965,0,0,-23,-1239,997,-1094,202
2026-03-17,25,22230,A,27107,20424,4516,6417,11702,22823,0,865,5526,2003,992,-1011,41,0,-68,-1239,997,-1094,91
2026-03-17,26,21794,A,26659,20044,4541,6417,11699,22823,0,856,5492,2002,992,-1012,2,0,-82,-1221,997,-1094,0
2026-03-17,27,20953,A,26419,19198,4480,6417,11554,22823,0,851,5548,2006,992,-1012,0,0,-897,-939,997,-1094,-73
2026-03-17,28,20759,A,26319,18968,4463,6417,10969,22823,0,844,5666,2007,992,-1013,0,0,-968,-873,997,-1094,-168
2026-03-17,29,21135,A,26502,19369,4329,6417,10183,22823,0,842,5545,2006,992,-1014,-53,0,-1006,-490,997,-1094,-268
2026-03-17,30,21684,A,27013,20004,4398,6417,9038,22823,0,769,5883,2007,992,-1014,-16,0,-1009,-410,997,-1094,-417
2026-03-17,31,22472,A,27352,20879,4299,6417,7754,22823,0,521,5855,2007,992,-1013,-84,0,-1020,-36,997,-1094,-512
2026-03-17,32,24258,A,28628,22675,4315,6417,6281,22823,0,108,5950,2006,992,-1014,-21,0,-1021,44,997,-1094,-512
2026-03-17,33,26692,A,31165,24767,4051,6417,4664,22823,0,174,5571,2006,992,-1013,-110,0,-1021,415,997,-1094,-461
2026-03-17,34,28907,A,33132,26928,3982,6417,3059,22823,0,169,6098,2006,992,-1013,-24,0,-1022,494,997,-1083,-314
2026-03-17,35,30618,A,34385,29127,3900,6417,1518,22823,0,165,5794,2006,992,-1013,-5,0,-1021,864,997,-619,-344
2026-03-17,36,32966,A,36866,30726,3887,6417,346,22823,0,144,5370,2004,991,-1013,-115,0,-1021,942,997,-571,-436
2026-03-17,37,33485,A,37111,31353,3697,6417,7,22823,0,1,5050,1590,910,-902,-261,-55,-820,1313,988,-474,-513
2026-03-17,38,34657,A,37943,32346,3661,6417,0,22823,0,1,5023,1553,903,-817,-269,-206,-791,1369,987,-88,-514
2026-03-17,39,35453,A,37327,33158,3557,6417,0,22823,0,4,4877,1965,985,202,-399,-357,111,1394,996,573,-514
2026-03-17,40,34671,A,36743,32557,3573,6417,0,22823,0,9,5009,2004,992,236,-451,-498,192,1397,997,860,-514
2026-03-17,41,33492,A,36033,31510,3442,6417,0,22823,0,11,4567,2004,992,-436,-452,-528,229,1397,997,887,-514
2026-03-17,42,32404,A,35037,30441,3416,6417,0,22823,0,13,4168,2003,992,-527,-451,-528,233,1397,996,1060,-514
2026-03-17,43,31220,A,34192,29340,3208,6417,0,22823,0,6,4103,2002,992,-871,-452,-529,658,1397,996,907,-514
2026-03-17,44,29790,A,32792,27897,3106,6417,0,22823,0,10,4085,2001,992,-898,-451,-529,690,1396,995,860,-514
2026-03-17,45,28443,A,31342,26758,2957,6417,0,22823,0,9,3985,2001,992,-795,-452,-529,705,1381,995,860,-514
2026-03-17,46,26668,A,29934,25056,2871,6417,0,22823,0,436,3836,2001,992,-734,-452,-530,706,1356,995,785,-514
2026-03-17,47,25552,A,28113,23907,2672,6417,0,22823,0,473,3763,2001,992,-9,-451,-515,780,984,996,560,-513
2026-03-17,48,24834,A,27172,23199,2575,6417,0,22828,0,243,3170,2001,992,0,-452,-529,786,908,995,560,-514
2026-03-18,1,25203,A,27597,23505,2427,6417,0,22828,0,308,3309,2000,992,712,-451,-522,982,562,996,832,-513
2026-03-18,2,25425,A,27627,23723,2337,6417,0,22828,0,194,3075,2001,992,920,-452,-419,997,534,996,928,-537
2026-03-18,3,25462,A,27570,23805,2008,6417,0,22828,0,141,3051,2001,992,996,-452,-401,997,904,996,980,-514
2026-03-18,4,24873,A,26918,23172,1876,6417,0,22828,0,127,2801,2001,992,1002,-452,-353,997,976,996,980,-513
2026-03-18,5,24645,A,26807,22873,1663,6417,0,22828,0,125,2523,2001,992,1003,-452,-471,997,1243,996,980,-514
2026-03-18,6,23995,A,26124,22114,1488,6417,0,22828,0,124,2165,2000,992,1002,-451,-440,997,1285,996,980,-514
2026-03-18,7,23856,A,25879,21912,1274,6417,0,22828,0,20,2108,2001,992,818,-452,-437,998,1334,996,980,-514
2026-03-18,8,23344,A,25323,21277,1157,6417,0,22828,0,10,1633,2000,992,801,-451,-404,997,1343,995,980,-514
2026-03-18,9,23235,A,25187,21075,1087,6417,0,22828,0,10,1507,2001,992,268,-452,-376,997,1390,996,980,-514
2026-03-18,10,23332,A,25208,21116,1029,6417,0,22828,0,10,1280,2001,992,225,-452,-300,997,1397,996,980,-514
2026-03-18,11,23957,A,25810,21657,944,6417,0,22828,0,10,1144,2000,992,108,-426,-303,997,1397,996,759,-514
2026-03-18,12,24621,A,26604,22264,883,6417,0,22828,0,10,898,2001,992,103,-437,-422,997,1397,996,640,-514
2026-03-18,13,26530,A,28290,23902,831,6417,8,22828,0,10,705,2002,992,795,-340,-333,997,1397,996,640,-477
2026-03-18,14,28632,A,30598,25744,817,6417,481,22828,0,10,572,2001,992,901,-427,-417,997,1397,997,942,-512
2026-03-18,15,29828,A,31927,26760,776,6417,1945,22828,0,8,376,2002,992,999,-451,-526,997,1397,997,982,-514
2026-03-18,16,29939,A,32046,26674,755,6417,3742,22828,0,10,172,2002,992,1002,-452,-531,997,1397,997,982,-514
2026-03-18,17,29419,A,31525,26024,714,6417,5367,22828,0,11,-26,2001,992,1003,-451,-530,997,1397,996,982,-514
2026-03-18,18,28071,A,30176,24775,630,6417,7024,22828,0,9,-202,2002,992,1002,-452,-530,997,1397,996,982,-514
2026-03-18,19,27117,A,29222,23820,612,6417,8641,22828,0,9,-321,2001,992,1002,-451,-531,1015,1397,997,982,-514
2026-03-18,20,25913,A,28018,22600,617,6417,9992,22828,0,9,-288,2002,992,1003,-452,-530,1016,1397,996,982,-514
2026-03-18,21,24490,A,26598,21201,632,6417,11237,22828,0,7,-418,2002,992,1004,-451,-530,1016,1397,997,982,-520
2026-03-18,22,23666,A,25766,20317,630,6417,12253,22828,0,4,-355,2002,992,1003,-451,-531,1016,1397,997,982,-514
2026-03-18,23,23111,A,25211,19708,615,6417,12953,22828,0,4,-536,2002,992,1003,-452,-530,1016,1397,996,982,-514
2026-03-18,24,22889,A,24987,19467,645,6417,13240,22828,0,4,-753,2002,992,1002,-451,-529,1016,1397,997,982,-514
2026-03-18,25,22569,A,24668,19331,668,6417,13326,22828,0,4,-579,2001,992,1002,-451,-530,1016,1397,997,982,-514
2026-03-18,26,22550,A,24650,19339,719,6417,13139,22828,0,4,-495,2002,992,1003,-451,-531,1016,1397,996,982,-514
2026-03-18,27,22076,A,24179,18974,710,6417,12669,22828,0,6,-566,2001,992,1003,-452,-531,1016,1397,997,982,-514
2026-03-18,28,22307,A,24408,19133,736,6417,11918,22828,0,5,-819,2001,992,1002,-451,-531,1016,1397,997,982,-514
2026-03-18,29,22547,A,24646,19354,756,6417,10869,22828,0,4,-712,2001,992,1003,-451,-530,997,1397,996,982,-514
2026-03-18,30,22930,A,25030,19836,731,6417,9626,22828,0,4,-578,2001,992,1003,-452,-530,996,1397,996,982,-514
2026-03-18,31,23857,A,25927,20775,751,6417,8104,22828,0,6,-492,2001,992,1003,-451,-499,996,1397,997,982,-514
2026-03-18,32,25901,A,27915,22645,695,6417,6481,22828,0,10,-477,2001,992,900,-452,-438,996,1397,996,982,-514
2026-03-18,33,27169,A,30559,23890,657,6417,4852,22828,0,20,-112,2002,992,-591,-452,-496,865,1397,996,-717,-514
2026-03-18,34,29202,A,33110,25820,664,6417,3184,22828,0,16,11,2002,992,-746,-452,-530,838,1397,996,-1050,-514
2026-03-18,35,31078,A,34985,27643,697,6417,1592,22828,0,7,156,2004,992,-851,-451,-530,-96,1397,997,-858,-514
2026-03-18,36,32836,A,36631,29360,770,6417,347,22828,0,2,319,2004,992,-794,-451,-530,-162,1397,996,-742,-514
2026-03-18,37,35221,A,37318,31718,847,6417,3,22828,0,1,333,2001,992,397,-452,-530,846,1397,997,24,-514
2026-03-18,38,36029,A,38124,32386,874,6417,0,22828,0,1,127,2001,992,477,-451,-529,945,1397,996,120,-514
2026-03-18,39,36164,A,38271,32459,913,6417,0,22828,0,12,-30,2000,992,829,-451,-530,858,1397,996,830,-514
2026-03-18,40,35871,A,37948,32229,972,6417,0,22828,0,11,17,2001,992,854,-452,-500,852,1397,997,986,-514
2026-03-18,41,34698,A,36628,31154,980,6417,0,22828,0,15,-187,2001,992,876,-441,-360,829,1397,996,924,-514
2026-03-18,42,33625,A,35470,30134,1028,6417,0,22828,0,13,-373,2001,992,877,-352,-366,828,1397,996,847,-514
2026-03-18,43,31926,A,33974,28636,1024,6417,0,22828,0,13,-387,2000,992,758,-435,-486,793,1397,996,683,-514
2026-03-18,44,30208,A,32166,27192,984,6417,0,22828,0,13,-496,2000,992,749,-451,-380,790,1397,996,650,-514
2026-03-18,45,28683,A,30489,26040,946,6417,0,22828,0,12,-369,2001,992,781,-452,-228,711,1397,996,650,-514
2026-03-18,46,26840,A,28699,24354,905,6417,0,22828,0,265,-541,2000,992,784,-440,-78,705,1374,996,582,-476
2026-03-18,47,26298,A,28184,23842,905,6417,0,22828,0,409,-71,2000,992,544,-384,0,977,1002,996,560,-493
2026-03-18,48,25778,A,27529,23309,860,6417,0,22834,0,333,-204,2001,992,526,-304,0,997,950,996,509,-514
2026-03-19,1,25622,A,27188,23177,830,6417,0,22834,0,190,-119,2000,992,605,-255,0,983,987,996,120,-521
2026-03-19,2,25925,A,27554,23614,723,6417,0,22834,0,190,305,2001,992,610,-325,0,982,993,996,120,-514
2026-03-19,3,25532,A,27198,23314,666,6417,0,22834,0,221,311,2001,992,397,-331,0,817,1008,996,120,-514
2026-03-19,4,24932,A,26840,22767,602,6417,0,22834,0,463,261,2001,992,380,-331,0,805,988,996,120,-514
2026-03-19,5,24443,A,26277,22356,607,6417,0,22834,0,389,590,2001,992,110,-331,0,686,637,997,120,-514
2026-03-19,6,23813,A,25602,21742,587,6417,0,22834,0,344,632,2001,992,103,-331,0,677,584,996,120,-514
2026-03-19,7,23353,A,25632,21356,584,6417,0,22834,0,343,712,2004,992,-491,-331,0,365,577,997,120,-514
2026-03-19,8,23076,A,25406,21117,563,6417,0,22834,0,287,745,2004,992,-598,-331,0,340,585,996,120,-514
2026-03-19,9,22732,A,25995,20839,598,6417,0,22834,0,279,846,2004,992,-855,-331,0,-255,725,997,-429,-514
2026-03-19,10,22482,A,26107,20556,573,6417,0,22834,0,280,933,2005,992,-875,-303,-51,-306,769,996,-712,-498
2026-03-19,11,23372,A,27477,21391,564,6417,0,22834,0,279,1187,2006,992,-1005,-164,-4,-969,1140,997,-712,-372
2026-03-19,12,24238,A,28289,22141,566,6417,0,22834,0,276,1512,2006,992,-1014,-26,0,-1022,1205,997,-813,-300
2026-03-19,13,26217,A,30168,23869,601,6417,15,22834,0,24,1877,2007,992,-1012,-28,-3,-1022,1372,997,-1000,-262
2026-03-19,14,27683,A,31832,25191,616,6417,517,22834,0,13,1831,2007,992,-908,-168,-108,-996,1397,998,-965,-391
2026-03-19,15,30110,A,31809,27337,632,6417,1945,22834,0,12,1280,2004,992,409,-320,-260,83,1397,996,335,-507
2026-03-19,16,30000,A,31978,27087,609,6417,3676,22834,0,12,915,2004,992,494,-441,-411,191,1397,997,632,-514
2026-03-19,17,29479,A,31481,26464,584,6417,5350,22834,0,11,608,2002,992,965,-451,-426,671,1397,997,903,-514
2026-03-19,18,28162,A,30079,25226,558,6417,7062,22834,0,10,417,2003,992,1003,-452,-341,707,1397,997,1000,-514
2026-03-19,19,26692,A,28553,23878,533,6417,8669,22834,0,10,114,2001,992,1002,-451,-286,905,1397,996,1000,-514
2026-03-19,20,25222,A,27037,22455,530,6417,10113,22834,0,10,206,2002,992,1002,-452,-239,920,1392,996,1000,-514
2026-03-19,21,24003,A,25668,21293,555,6417,11302,22834,0,10,185,2004,992,1003,-452,-89,829,1314,996,1000,-514
2026-03-19,22,22763,A,24320,20106,571,6417,12314,22834,0,11,-11,2004,992,1002,-431,-1,822,1279,997,1000,-514
2026-03-19,23,22317,A,23685,19652,588,6417,13033,22834,0,12,-156,2004,992,1003,-306,0,822,907,997,1000,-450
2026-03-19,24,21610,A,23113,18942,575,6417,13485,22834,0,254,-398,2004,992,1003,-284,0,822,846,997,1000,-365
2026-03-19,25,21240,A,22792,18630,570,6417,13575,22834,0,285,-306,2002,992,958,-204,0,866,732,996,1000,-463
2026-03-19,26,21046,A,22560,18428,553,6417,13120,22834,0,289,-481,2001,992,953,-249,0,869,708,996,998,-376
2026-03-19,27,21055,A,22489,18434,550,6417,12562,22834,0,281,-477,2002,992,953,-167,0,778,587,997,993,-386
2026-03-19,28,21343,A,22739,18692,561,6417,11563,22834,0,280,-548,2002,992,952,-164,0,771,585,996,993,-352
2026-03-19,29,21898,A,23296,19282,554,6417,10412,22834,0,283,-218,2001,992,953,-211,0,753,824,996,993,-304
2026-03-19,30,22751,A,24153,20155,579,6417,9309,22834,0,282,-5,2002,992,953,-222,0,751,883,997,954,-298
2026-03-19,31,23775,A,25317,21161,577,6417,7845,22834,0,47,133,2004,992,629,-290,-43,388,1255,997,-180,-382
2026-03-19,32,25711,A,27704,23033,612,6417,6225,22834,0,15,-132,2003,992,580,-427,-189,361,1310,996,-319,-443
2026-03-19,33,27677,A,30864,24940,628,6417,4633,22834,0,15,100,2002,992,-368,-451,-341,721,1327,996,-909,-503
2026-03-19,34,30112,A,33563,27175,654,6417,3107,22834,0,17,19,2001,992,-440,-452,-487,744,1333,996,-965,-490
2026-03-19,35,31618,A,35626,28617,675,6417,1586,22834,0,13,306,2005,992,-972,-451,-457,96,1389,996,-988,-527
2026-03-19,36,32974,A,36986,29910,772,6417,431,22834,0,15,488,2008,992,-1014,-452,-469,51,1397,995,-992,-470
2026-03-19,37,34573,A,38276,31264,822,6417,9,22834,0,14,385,2006,992,-798,-452,-402,804,1397,996,-1037,-400
2026-03-19,38,35047,A,38685,31680,863,6417,0,22834,0,14,430,2006,992,-729,-452,-402,867,1397,995,-1003,-438
2026-03-19,39,36241,A,38277,32857,810,6417,0,22834,0,14,213,2005,992,293,-451,-458,988,1397,995,186,-513
2026-03-19,40,35915,A,38019,32574,792,6417,0,22834,0,11,206,2005,992,347,-452,-527,997,1397,996,308,-514
2026-03-19,41,34193,A,36788,30953,760,6417,0,22834,0,16,124,2005,992,199,-451,-528,917,1397,995,-486,-514
2026-03-19,42,33059,A,35716,29933,741,6417,0,22834,0,14,-94,2005,992,188,-452,-519,911,1397,995,-558,-514
2026-03-19,43,31560,A,34279,28727,730,6417,0,22834,0,12,152,2005,992,152,-451,-528,862,1397,996,-614,-514
2026-03-19,44,30131,A,32795,27422,711,6417,0,22834,0,8,377,2006,992,149,-451,-476,858,1385,995,-615,-514
2026-03-19,45,28641,A,30999,26110,712,6417,0,22834,0,8,381,2005,992,250,-451,-507,904,1190,995,-278,-514
2026-03-19,46,27226,A,29404,24785,698,6417,0,22834,0,8,384,2006,992,258,-429,-384,908,1173,995,-243,-514
2026-03-19,47,26229,A,28178,23929,713,6417,0,22834,0,8,659,2005,992,679,-444,-363,991,1368,995,-20,-514
2026-03-19,48,25146,A,27161,22931,672,6417,0,22840,0,8,730,2006,992,712,-452,-441,997,1397,996,3,-514
2026-03-20,1,25430,A,27317,23219,695,6417,0,22840,0,8,762,2005,992,875,-451,-309,997,1397,996,227,-519
2026-03-20,2,25867,A,27704,23667,670,6417,0,22840,0,8,900,2005,992,888,-452,-263,997,1397,996,253,-514
2026-03-20,3,25755,A,27608,23559,717,6417,0,22840,0,6,919,2005,992,884,-451,-282,997,1397,996,570,-514
2026-03-20,4,25095,A,26974,23002,692,6417,0,22840,0,49,914,2005,992,884,-452,-264,997,1397,996,600,-514
2026-03-20,5,24509,A,26529,22476,717,6417,0,22840,0,154,884,2006,992,660,-452,-300,997,1397,996,538,-514
2026-03-20,6,24024,A,26139,21978,706,6417,0,22840,0,186,919,2005,992,643,-451,-364,997,1397,996,522,-514
2026-03-20,7,23782,A,26070,21836,637,6417,0,22840,0,254,1093,2005,992,496,-452,-317,997,1397,995,-151,-514
2026-03-20,8,23229,A,25606,21322,601,6417,0,22840,0,342,991,2006,992,473,-452,-244,998,1397,995,-225,-514
2026-03-20,9,22848,A,26083,21024,597,6417,0,22840,0,176,1210,2007,992,-258,-452,-214,665,1397,996,-1021,-514
2026-03-20,10,22873,A,26017,21012,584,6417,0,22840,0,12,1293,2007,992,-306,-452,-165,589,1397,995,-1095,-514
2026-03-20,11,22634,A,27109,20738,618,6417,0,22840,0,14,1387,2012,992,-959,-452,-111,-733,1397,996,-1092,-514
2026-03-20,12,23443,A,28236,21494,613,6417,0,22840,0,16,1537,2012,992,-1015,-439,-255,-862,1396,996,-1092,-514
2026-03-20,13,25900,A,29643,23709,602,6417,6,22840,0,19,1678,2008,992,-838,-343,-370,239,1389,995,-1059,-514
2026-03-20,14,27499,A,31256,25129,608,6417,256,22840,0,15,1783,2007,992,-764,-428,-505,352,1389,996,-931,-514
2026-03-20,15,30267,A,32373,27603,608,6417,894,22840,0,9,1305,2006,992,723,-452,-531,822,1396,996,726,-514
2026-03-20,16,30989,A,33094,28225,610,6417,1826,22840,0,8,1439,2006,992,952,-452,-531,858,1397,996,989,-514
2026-03-20,17,31264,A,33362,28471,604,6417,2906,22840,0,1,1326,2006,992,999,-452,-531,897,1397,996,989,-514
2026-03-20,18,31236,A,33334,28415,588,6417,4056,22840,0,1,1286,2006,992,1003,-452,-531,899,1397,995,989,-514
2026-03-20,19,30581,A,32680,27813,586,6417,5303,22840,0,2,1175,2006,992,1002,-452,-531,872,1397,995,992,-514
2026-03-20,20,29457,A,31558,26745,566,6417,6451,22840,0,7,1132,2007,992,1003,-452,-528,870,1397,995,993,-514
2026-03-20,21,28140,A,30142,25497,564,6417,7383,22840,0,10,1092,2007,992,1003,-452,-426,1006,1397,995,993,-514
2026-03-20,22,27007,A,28857,24408,621,6417,8629,22840,0,8,991,2007,992,1003,-452,-276,1016,1397,995,993,-514
2026-03-20,23,26230,A,28089,23710,662,6417,9675,22840,0,97,886,2006,992,1002,-452,-196,1016,1397,995,993,-514
2026-03-20,24,25347,A,27289,22899,658,6417,10109,22840,0,219,805,2007,992,1002,-452,-157,1016,1397,995,993,-514
2026-03-20,25,24707,A,26624,22304,651,6417,10385,22840,0,227,561,2006,992,1002,-452,-124,1016,1397,995,993,-514
2026-03-20,26,24526,A,26610,22211,641,6417,10427,22840,0,414,616,2006,992,1002,-452,-104,1016,1397,995,991,-514
2026-03-20,27,23962,A,26444,21748,654,6417,10168,22840,0,830,558,2006,992,1003,-452,-86,1016,1397,995,989,-514
2026-03-20,28,23790,A,26293,21600,653,6417,9560,22840,0,855,550,2006,992,1002,-452,-82,1016,1397,996,989,-514
2026-03-20,29,24158,A,26627,21923,613,6417,9145,22840,0,901,593,2006,992,1003,-452,-2,998,1397,995,989,-514
2026-03-20,30,24314,A,26786,22053,682,6417,8203,22840,0,836,669,2004,992,1002,-445,-77,996,1397,995,969,-514
2026-03-20,31,24910,A,26780,22742,756,6417,6871,22840,0,198,838,2004,992,821,-342,-216,753,1397,995,92,-514
2026-03-20,32,26058,A,28051,23990,737,6417,5395,22840,0,170,1093,2004,992,778,-320,-366,735,1397,995,-23,-514
2026-03-20,33,27493,A,30721,25422,696,6417,3906,22840,0,172,1206,2004,992,116,-441,-505,609,1397,996,-996,-514
2026-03-20,34,29503,A,32867,27387,709,6417,2622,22840,0,173,1183,2004,992,102,-451,-531,600,1397,996,-1095,-514
2026-03-20,35,31140,A,35192,28936,750,6417,1303,22840,0,166,1379,2004,992,-695,-452,-530,527,1397,996,-1095,-514
2026-03-20,36,32654,A,36896,30399,859,6417,385,22840,0,164,1586,2005,992,-894,-452,-531,522,1397,996,-1087,-514
2026-03-20,37,34093,A,37134,31709,921,6417,12,22840,0,167,1465,2004,992,-236,-452,-530,679,1397,996,-542,-514
2026-03-20,38,34598,A,37531,32014,1013,6417,0,22840,0,164,1352,2004,992,-187,-452,-530,690,1397,996,-486,-514
2026-03-20,39,34778,A,37175,32123,935,6417,0,22840,0,168,1377,2002,992,556,-451,-530,976,1397,996,-134,-514
2026-03-20,40,34214,A,36580,31461,918,6417,0,22840,0,168,1011,2002,992,692,-452,-531,997,1397,997,-101,-514
2026-03-20,41,33091,A,35508,30542,829,6417,0,22840,0,168,948,2003,992,488,-451,-530,775,1397,996,-154,-514
2026-03-20,42,32119,A,34549,29785,826,6417,0,22840,0,171,1202,2003,992,473,-452,-530,759,1397,996,-163,-514
2026-03-20,43,30696,A,33117,28632,787,6417,0,22840,0,170,1469,2004,992,774,-451,-530,557,1397,996,-156,-514
2026-03-20,44,29231,A,31646,27392,739,6417,0,22840,0,168,1501,2004,992,797,-452,-529,542,1397,996,-152,-514
2026-03-20,45,27831,A,30208,26165,657,6417,0,22840,0,166,1381,2003,992,837,-452,-530,914,1397,997,-115,-514
2026-03-20,46,26438,A,28808,24876,626,6417,0,22840,0,163,1554,2003,992,840,-451,-530,941,1397,996,-112,-514
2026-03-20,47,25577,A,28029,23871,636,6417,0,22840,0,162,1504,2004,992,573,-452,-529,763,1397,995,-195,-514
2026-03-20,48,24685,A,27062,22916,633,6417,0,22841,0,88,1469,2004,992,553,-452,-529,750,1397,996,-194,-514
2026-03-21,1,25095,A,27200,23283,584,6417,0,22841,0,11,1505,1667,992,652,-451,-529,714,1397,996,424,-514
2026-03-21,2,25038,A,27145,23245,564,6417,0,22841,0,12,1570,1004,992,660,-452,-529,711,1397,998,483,-514
2026-03-21,3,24945,A,27052,22999,524,6417,0,22841,0,12,1235,1002,992,899,-452,-529,940,1397,998,573,-514
2026-03-21,4,24381,A,26489,22395,513,6417,0,22841,0,13,1145,1002,992,917,-452,-529,957,1397,998,578,-514
2026-03-21,5,23942,A,26048,21946,489,6417,0,22841,0,12,1190,1003,992,667,-452,-528,976,1397,998,375,-514
2026-03-21,6,23622,A,25779,21558,493,6417,0,22841,0,63,1144,1002,992,649,-452,-528,977,1397,998,350,-514
2026-03-21,7,23418,A,25585,21252,457,6417,0,22841,0,72,1027,1018,992,735,-452,-529,992,1397,997,32,-514
2026-03-21,8,22850,A,24985,20690,437,6417,0,22841,0,72,936,1003,992,741,-452,-496,993,1397,997,-1,-514
2026-03-21,9,22623,A,24945,20454,381,6417,0,22841,0,69,930,1002,992,583,-452,-497,772,1397,997,-190,-514
2026-03-21,10,22538,A,24794,20340,370,6417,0,22841,0,69,622,1002,992,570,-451,-411,755,1397,997,-211,-514
2026-03-21,11,22382,A,24728,20194,330,6417,0,22841,0,14,451,1002,992,363,-451,-458,971,1397,998,-309,-514
2026-03-21,12,22435,A,24762,20208,333,6417,0,22841,0,9,535,1001,992,348,-452,-457,987,1397,998,-295,-514
2026-03-21,13,23615,A,25718,21213,326,6417,41,22841,0,9,243,1252,992,750,-452,-528,996,1397,997,672,-514
2026-03-21,14,24214,A,26320,21676,330,6417,630,22841,0,10,185,1504,992,781,-452,-530,997,1397,997,775,-514
2026-03-21,15,24835,A,26940,22177,291,6417,1634,22841,0,9,218,1503,992,805,-452,-530,997,1397,997,972,-514
2026-03-21,16,25105,A,27208,22332,291,6417,2851,22841,0,5,22,1503,991,807,-452,-531,997,1397,997,991,-515
2026-03-21,17,25220,A,27322,22380,236,6417,4296,22841,0,5,-167,1503,991,808,-452,-531,997,1397,996,991,-514
2026-03-21,18,24922,A,27023,21979,227,6417,5849,22841,0,5,-445,1503,977,807,-451,-531,997,1397,997,991,-514
2026-03-21,19,24197,A,26299,21208,199,6417,7396,22841,0,5,-442,1503,81,718,-452,-531,1015,1397,997,991,-514
2026-03-21,20,23110,A,25139,20141,196,6417,9020,22841,0,11,-318,1503,-1,711,-452,-451,1016,1397,996,991,-514
2026-03-21,21,21747,A,23625,18785,195,6417,10657,22841,0,12,-302,1503,-1,806,-452,-299,1016,1397,996,991,-514
2026-03-21,22,20707,A,22431,17766,202,6417,11952,22841,0,6,-330,1503,-1,808,-452,-151,1016,1397,996,991,-514
2026-03-21,23,20076,A,21800,17219,190,6417,12751,22841,0,7,-101,1503,-1,995,-452,-171,1016,1397,997,991,-493
2026-03-21,24,19338,A,21316,16496,200,6417,13206,22841,0,277,-80,1503,-1,1002,-452,-135,1016,1397,997,991,-513
2026-03-21,25,18834,A,21211,16085,196,6417,13362,22841,0,685,-56,1503,-1,1003,-451,-126,1016,1397,997,991,-514
2026-03-21,26,18566,A,21273,15927,209,6417,13309,22841,0,974,239,1502,7,1002,-451,-177,1016,1397,996,991,-505
2026-03-21,27,18256,A,21200,15671,243,6417,12816,22841,0,1192,41,1503,894,1003,-452,-198,1016,1397,996,991,-502
2026-03-21,28,18409,A,21305,15829,287,6417,11998,22841,0,1163,72,1503,993,1002,-452,-168,1016,1397,996,991,-513
2026-03-21,29,18454,A,21353,15869,316,6417,10916,22841,0,1121,126,1503,993,1002,-451,-213,997,1397,996,991,-514
2026-03-21,30,18917,A,21739,16359,358,6417,9754,22841,0,1096,327,1503,993,1003,-452,-160,996,1397,996,990,-514
2026-03-21,31,19871,A,22595,17304,408,6417,8366,22841,0,1005,526,1504,993,893,-451,-154,618,1397,997,884,-514
2026-03-21,32,21261,A,23538,18755,440,6417,6798,22841,0,655,706,1504,993,883,-427,-81,590,1397,997,840,-514
2026-03-21,33,23231,A,25144,20816,500,6417,5134,22841,0,41,1010,1504,992,385,-337,-213,533,1397,996,-208,-514
2026-03-21,34,25482,A,27723,23024,555,6417,3437,22841,0,13,1032,1504,992,346,-427,-366,529,1397,997,-321,-514
2026-03-21,35,28166,A,30247,25627,618,6417,1832,22841,0,12,1225,1503,992,483,-452,-503,964,1397,997,86,-514
2026-03-21,36,30085,A,32189,27571,691,6417,601,22841,0,11,1590,1503,992,494,-451,-528,997,1397,997,136,-514
2026-03-21,37,31651,A,33752,29083,705,6417,34,22841,0,8,1687,1502,992,965,-451,-528,997,1397,997,880,-514
2026-03-21,38,32487,A,34585,29692,747,6417,0,22841,0,4,1389,1503,992,1002,-452,-528,997,1397,997,950,-514
2026-03-21,39,32654,A,34754,29849,785,6417,0,22841,0,7,1189,1502,992,1002,-452,-527,997,1397,997,987,-514
2026-03-21,40,31893,A,33991,29170,833,6417,0,22841,0,6,1263,1502,992,1003,-451,-527,997,1397,997,991,-514
2026-03-21,41,30944,A,33042,28255,855,6417,0,22841,0,6,1347,1503,992,1002,-451,-527,997,1397,998,991,-514
2026-03-21,42,30406,A,32506,27816,861,6417,0,22841,0,8,1499,1503,992,1002,-451,-527,997,1397,997,991,-514
2026-03-21,43,29817,A,31857,27408,933,6417,0,22841,0,7,1599,1503,992,1003,-451,-468,997,1397,997,990,-514
2026-03-21,44,28451,A,30293,26372,989,6417,0,22841,0,5,1929,1503,992,1003,-405,-318,997,1397,997,991,-514
2026-03-21,45,26928,A,28770,25262,1025,6417,0,22841,0,66,2169,1503,992,1002,-447,-215,997,1397,997,990,-514
2026-03-21,46,25566,A,27340,23877,1087,6417,0,22841,0,160,2591,1503,992,1002,-433,-67,997,1397,997,991,-514
2026-03-21,47,24744,A,26496,23037,1112,6417,0,22841,0,160,2851,1503,992,1002,-446,-32,997,1397,997,991,-514
2026-03-21,48,23989,A,25683,22355,1170,6417,0,22841,0,187,2821,1504,992,1003,-393,0,997,1397,997,991,-514
2026-03-22,1,24335,A,26113,22686,1145,6417,0,22841,0,311,2829,1504,992,1004,-353,0,997,1397,997,991,-514
2026-03-22,2,24632,A,26287,23013,1216,6417,0,22841,0,314,3020,1503,992,1003,-227,0,997,1397,997,990,-514
2026-03-22,3,24093,A,25722,22541,1195,6417,0,22841,0,311,3199,1504,992,1002,-204,0,997,1397,997,991,-514
2026-03-22,4,23683,A,25284,22203,1264,6417,0,22841,0,308,3414,1503,992,1002,-179,0,997,1397,997,991,-514
2026-03-22,5,22854,A,24540,21500,1262,6417,0,22841,0,316,3296,1504,992,1002,-289,0,998,1397,997,991,-481
2026-03-22,6,22272,A,24304,20961,1300,6417,0,22841,0,572,3386,1503,992,1002,-347,0,997,1397,997,990,-513
2026-03-22,7,21774,A,24062,20473,1219,6417,0,22841,0,827,3442,1503,992,1002,-347,0,997,1397,997,990,-514
2026-03-22,8,21492,A,23948,20304,1186,6417,0,22841,0,1005,3528,1504,992,1003,-337,0,998,1397,997,991,-514
2026-03-22,9,21188,A,23824,19996,1163,6417,0,22841,0,1223,3543,1503,992,1003,-299,0,997,1397,997,990,-514
2026-03-22,10,20926,A,23601,19697,1252,6417,0,22841,0,1210,3217,1504,992,1002,-351,0,997,1397,997,990,-514
2026-03-22,11,20939,A,23611,19686,1176,6417,0,22841,0,1207,2893,1504,992,1003,-351,0,997,1397,997,991,-514
2026-03-22,12,20769,A,23451,19432,1231,6417,0,22841,0,1211,2681,1504,992,1003,-351,-6,997,1397,997,991,-514
2026-03-22,13,21408,A,23649,19913,1170,6417,41,22841,0,717,2679,1504,992,1003,-410,0,997,1397,997,991,-514
2026-03-22,14,21727,A,23866,20103,1144,6417,651,22841,0,594,2721,1503,992,1003,-431,0,997,1397,997,991,-514
2026-03-22,15,22092,A,24030,20421,991,6417,1667,22841,0,336,2651,1503,992,1003,-451,-37,997,1397,997,990,-514
2026-03-22,16,22097,A,24068,20325,957,6417,2817,22841,0,324,2484,1503,992,1002,-451,-82,997,1397,997,991,-514
2026-03-22,17,22485,A,24303,20587,877,6417,4058,22841,0,261,2341,1503,992,1003,-438,-5,997,1397,996,991,-514
2026-03-22,18,22487,A,24100,20388,855,6417,5139,22841,0,19,2256,1504,992,1004,-451,-29,997,1397,996,991,-514
2026-03-22,19,22297,A,23926,20228,855,6417,6365,22841,0,12,2092,1503,992,1003,-452,-51,1015,1397,997,991,-514
2026-03-22,20,21659,A,23752,19543,892,6417,7518,22841,0,337,2077,1503,992,1002,-451,-191,1017,1397,996,990,-514
2026-03-22,21,21215,A,23610,19059,876,6417,8748,22841,0,605,2086,1504,992,1002,-452,-224,1017,1397,996,991,-514
2026-03-22,22,20778,A,23247,18630,921,6417,9280,22841,0,651,2354,1505,992,1002,-451,-253,1016,1397,995,990,-514
2026-03-22,23,20812,A,23269,18713,899,6417,9308,22841,0,608,2472,1506,992,1002,-452,-322,1017,1397,996,991,-475
2026-03-22,24,20649,A,23334,18572,933,6417,9760,22841,0,739,2434,1506,992,1002,-451,-383,1016,1397,996,990,-512
2026-03-22,25,20998,A,23668,18983,832,6417,9807,22841,0,762,2568,1507,992,1003,-451,-328,1016,1397,996,991,-529
2026-03-22,26,21487,A,23837,19529,860,6417,9436,22841,0,527,2675,1506,992,1003,-452,-285,1016,1397,996,991,-486
2026-03-22,27,21927,A,24283,20090,862,6417,8734,22841,0,630,2813,1506,992,1003,-452,-161,1016,1397,996,991,-513
2026-03-22,28,22451,A,24739,20665,927,6417,7819,22841,0,605,3232,1506,992,1003,-451,-118,1016,1397,996,990,-514
2026-03-22,29,23302,A,24950,21595,845,6417,6722,22841,0,74,3419,1502,992,1004,-451,-9,998,1397,996,991,-514
2026-03-22,30,24215,A,25666,22574,918,6417,5382,22841,0,11,3320,1502,992,1003,-376,0,996,1397,997,991,-464
2026-03-22,31,25501,A,26903,23910,1024,6417,4090,22841,0,10,3329,1502,992,1003,-285,0,996,1397,996,991,-507
2026-03-22,32,26983,A,28407,25343,1168,6417,3041,22841,0,9,3249,1502,992,1003,-302,0,997,1397,997,989,-513
2026-03-22,33,28703,A,30150,26944,1067,6417,2166,22841,0,13,3460,1502,992,1003,-258,-62,997,1397,997,852,-514
2026-03-22,34,30526,A,32085,28537,1069,6417,1432,22841,0,11,3423,1503,992,1002,-219,-215,997,1397,997,839,-514
2026-03-22,35,31934,A,33740,29638,1032,6417,716,22841,0,8,2824,1503,992,1003,-365,-366,997,1397,997,887,-467
2026-03-22,36,32808,A,34876,30250,1069,6417,259,22841,0,7,2440,1503,992,1002,-450,-504,997,1397,997,894,-507
2026-03-22,37,33433,A,35533,30733,1047,6417,18,22841,0,7,2366,1503,992,1003,-450,-529,997,1397,997,980,-514
2026-03-22,38,33692,A,35795,30905,1092,6417,0,22841,0,9,2121,1503,992,1003,-450,-530,997,1397,997,988,-514
2026-03-22,39,33358,A,35462,30618,1052,6417,0,22841,0,10,1948,1503,992,1003,-451,-529,997,1397,997,988,-514
2026-03-22,40,32586,A,34695,29806,1106,6417,0,22841,0,15,1410,1502,992,1003,-451,-529,997,1397,997,988,-514
2026-03-22,41,31814,A,33924,29086,1024,6417,0,22841,0,16,1039,1502,992,1001,-451,-529,997,1397,997,991,-514
2026-03-22,42,30918,A,33028,28173,1002,6417,0,22841,0,15,873,1502,992,1000,-451,-530,997,1397,997,991,-514
2026-03-22,43,29847,A,31951,27175,921,6417,0,22841,0,9,785,1503,992,969,-451,-530,997,1397,997,991,-514
2026-03-22,44,28553,A,30658,26077,941,6417,0,22841,0,9,779,1502,992,967,-451,-531,997,1397,997,991,-514
2026-03-22,45,26906,A,29011,24531,922,6417,0,22841,0,9,964,1502,992,984,-451,-531,997,1397,997,991,-514
2026-03-22,46,25180,A,27282,22943,957,6417,0,22841,0,9,839,1502,992,986,-451,-528,997,1397,998,985,-514
2026-03-22,47,24106,A,26207,21982,878,6417,0,22841,0,9,956,1502,992,884,-451,-527,997,1397,997,548,-514
2026-03-22,48,23615,A,25663,21506,875,6417,0,22846,0,9,774,1502,992,877,-451,-474,998,1397,997,510,-514
2026-03-23,1,23712,A,25809,21563,824,6417,0,22846,0,9,829,1502,992,837,-451,-523,998,1397,997,773,-514
2026-03-23,2,24487,A,26541,22382,829,6417,0,22846,0,9,1049,1502,992,834,-451,-480,998,1397,997,798,-514
2026-03-23,3,24577,A,26612,22483,792,6417,0,22846,0,10,883,1502,992,960,-451,-461,997,1397,997,827,-513
2026-03-23,4,24118,A,26149,22062,740,6417,0,22846,0,10,719,1502,992,970,-451,-438,997,1397,997,823,-532
2026-03-23,5,23390,A,25484,21342,618,6417,0,22846,0,10,776,1503,992,718,-451,-519,997,1397,997,346,-514
2026-03-23,6,22957,A,24970,20935,620,6417,0,22846,0,10,445,1502,992,699,-451,-438,997,1397,997,291,-514
2026-03-23,7,22505,A,24957,20502,604,6417,0,22846,0,107,414,1502,992,473,-451,-474,922,1397,997,-306,-514
2026-03-23,8,22370,A,24780,20357,555,6417,0,22846,0,127,195,1502,992,446,-451,-350,914,1397,997,-368,-514
2026-03-23,9,22156,A,25431,20157,499,6417,0,22846,0,130,301,1504,992,-635,-451,-200,291,1397,997,-745,-514
2026-03-23,10,22396,A,25737,20277,486,6417,0,22846,0,131,246,1498,991,-807,-451,-53,221,1397,997,-785,-514
2026-03-23,11,22800,A,27186,20646,429,6417,0,22846,0,31,152,962,936,-999,-417,0,-759,1397,944,-1066,-514
2026-03-23,12,23767,A,28211,21561,381,6417,0,22846,0,10,295,902,926,-1013,-361,0,-854,1397,934,-1092,-514
2026-03-23,13,25941,A,29804,23531,346,6417,47,22846,0,13,360,426,601,-716,-443,-19,-491,1397,559,-1067,-514
2026-03-23,14,27418,A,31232,24883,327,6417,406,22846,0,16,460,393,577,-668,-452,-153,-423,1397,533,-966,-536
2026-03-23,15,30356,A,32249,27476,292,6417,1109,22846,0,21,-117,1394,933,504,-452,-306,807,1397,933,576,-514
2026-03-23,16,31300,A,33260,28295,267,6417,1946,22846,0,21,49,1505,967,621,-452,-373,944,1397,968,805,-514
2026-03-23,17,31792,A,33685,28751,257,6417,3124,22846,0,14,77,1505,990,679,-452,-313,993,1397,995,971,-514
2026-03-23,18,31402,A,33302,28300,259,6417,4255,22846,0,12,-155,1505,992,682,-452,-322,997,1397,998,986,-514
2026-03-23,19,31278,A,33126,28204,302,6417,5326,22846,0,11,143,1505,992,682,-451,-272,1015,1397,997,987,-514
2026-03-23,20,30411,A,32082,27413,371,6417,6492,22846,0,10,338,1505,991,684,-426,-121,1016,1397,997,986,-514
2026-03-23,21,29387,A,30796,26526,468,6417,7360,22846,0,10,983,1504,991,993,-290,-6,1016,1397,997,986,-503
2026-03-23,22,27528,A,28691,25633,625,6417,7993,22846,0,33,1779,1504,992,1001,-140,0,1016,1397,998,991,-390
2026-03-23,23,27081,A,28593,24866,851,6417,8753,22846,0,369,2296,1504,992,912,-92,0,1016,1397,998,991,-451
2026-03-23,24,27003,A,28427,24541,1085,6417,8536,22846,0,372,2946,1504,992,903,-15,0,1016,1397,998,991,-437
2026-03-23,25,26970,A,28318,24775,1370,6417,8086,22846,0,425,3406,1504,992,950,-3,0,1016,1397,998,991,-320
2026-03-23,26,26840,A,28558,24825,1599,6417,8022,22846,0,636,3799,1504,992,953,-79,0,1016,1373,998,991,-403
2026-03-23,27,27195,A,28840,25189,1724,6417,7485,22846,0,695,4360,1504,992,862,-9,0,968,1002,997,982,-341
2026-03-23,28,27446,A,29204,25305,1902,6417,6288,22846,0,861,4503,1504,992,855,0,0,964,924,997,972,-297
2026-03-23,29,27794,A,29430,25624,2020,6417,5402,22846,0,869,4933,1505,992,731,19,0,688,553,997,428,-167
2026-03-23,30,28080,A,29798,26030,2189,6417,4425,22846,0,1002,4832,1505,992,682,-54,0,667,521,998,322,-62
2026-03-23,31,28146,A,30643,26245,2377,6417,3908,22846,0,465,4946,1507,992,-489,-13,0,219,893,998,-930,22
2026-03-23,32,29482,A,32090,27528,2459,6417,3147,22846,0,325,5023,1507,992,-598,64,0,185,970,998,-1085,152
2026-03-23,33,30791,A,33792,28604,2433,6417,2296,22846,0,329,4915,1507,992,-984,161,0,150,1341,997,-1088,196
2026-03-23,34,32036,A,35064,29778,2457,6417,1443,22846,0,326,4547,1498,990,-1014,42,0,143,1397,994,-1088,196
2026-03-23,35,33223,A,36745,30838,2493,6417,721,22846,0,310,4351,642,839,-1014,0,0,-507,1397,797,-1091,196
2026-03-23,36,34393,A,37965,32012,2634,6417,191,22846,0,307,4950,553,819,-1014,0,0,-559,1397,768,-1092,196
2026-03-23,37,35606,A,39420,33254,2780,6417,7,22846,0,320,4965,572,441,-975,45,0,-791,1443,105,-1128,203
2026-03-23,38,34997,A,38708,32706,2907,6417,0,22846,0,307,4828,564,404,-937,80,0,-775,1393,48,-1092,196
2026-03-23,39,35324,A,38615,33156,3055,6417,0,22846,0,321,4695,1206,871,-1011,2,0,-271,1350,156,-1088,196
2026-03-23,40,33855,A,37138,31893,3271,6417,0,22846,0,320,4853,1256,905,-1014,36,0,-260,1315,185,-1089,196
2026-03-23,41,32688,A,36694,30887,3359,6417,0,22846,0,319,4862,1423,957,-1014,0,0,-982,942,916,-1091,196
2026-03-23,42,31241,A,35289,29508,3565,6417,0,22846,0,320,4878,1427,961,-1014,2,0,-1022,866,961,-1092,196
2026-03-23,43,29647,A,33692,28075,3662,6417,0,22846,0,316,5226,942,943,-1014,100,0,-1022,492,922,-1093,196
2026-03-23,44,27986,A,31947,26542,3870,6417,0,22846,0,229,5293,900,929,-1014,249,68,-1022,416,907,-1096,196
2026-03-23,45,25885,A,29775,24580,3934,6417,0,22846,0,162,5306,450,458,-1013,237,153,-1022,42,476,-1093,196
2026-03-23,46,24332,A,28265,23143,4029,6417,0,22846,0,164,5440,424,422,-1020,221,153,-1022,-34,446,-1093,196
2026-03-23,47,23248,A,27298,22038,4116,6417,0,22846,0,166,5184,728,259,-1015,149,153,-764,-412,331,-1093,196
2026-03-23,48,22491,A,26617,21392,4268,6417,0,22851,0,175,5297,751,250,-1015,18,153,-754,-489,324,-1093,196
2026-03-24,1,22459,A,27411,21374,4318,6417,0,22851,0,616,5384,836,333,-1014,5,153,-755,-874,348,-1093,196
2026-03-24,2,22910,A,28233,21811,4452,6417,0,22851,0,916,5575,842,341,-1015,70,153,-755,-944,352,-1093,196
2026-03-24,3,22480,A,28350,21474,4439,6417,0,22851,0,1200,5454,793,419,-1015,4,153,-755,-1207,425,-1093,196
2026-03-24,4,21776,A,27824,20771,4543,6417,0,22851,0,1347,5578,792,423,-1014,0,153,-755,-1239,437,-1093,196
2026-03-24,5,21259,A,27582,20322,4568,6417,0,22851,0,1621,5578,883,373,-1014,0,153,-755,-1240,701,-1093,196
2026-03-24,6,21035,A,27363,20126,4631,6417,0,22851,0,1628,5567,887,369,-1014,58,153,-755,-1240,714,-1091,191
2026-03-24,7,20481,A,26705,19606,4434,6417,0,22851,0,1631,5360,707,344,-984,5,153,-755,-1240,598,-1014,84
2026-03-24,8,19526,A,25765,18745,4463,6417,0,22851,0,1625,5231,687,334,-982,0,153,-755,-1240,581,-1001,-36
2026-03-24,9,19186,A,25128,18452,4428,6417,0,22851,0,1590,5430,353,8,-1013,0,153,-755,-1240,214,-744,37
2026-03-24,10,19298,A,25173,18487,4483,6417,0,22851,0,1513,5505,324,-40,-1014,0,153,-756,-1240,180,-708,-4
2026-03-24,11,19794,A,25219,18947,4332,6417,0,22851,0,363,5404,40,-964,-1014,13,119,-1012,-1240,-174,-41,-17
2026-03-24,12,20492,A,25748,19607,4396,6417,0,22851,0,15,5139,22,-1027,-1014,-15,-23,-1022,-1208,-189,14,-143
2026-03-24,13,23025,A,28060,21922,4248,6417,14,22851,0,13,4801,48,-1027,-1014,-144,-173,-1022,-818,27,444,-224
2026-03-24,14,24927,A,30208,23718,4292,6417,281,22851,0,15,5179,68,-967,-996,-295,-324,-990,-739,57,481,-355
2026-03-24,15,27710,A,30275,26200,4223,6417,715,22851,0,15,4337,940,284,-185,-430,-474,-16,-355,595,829,-490
2026-03-24,16,28535,A,31081,26849,4286,6417,1137,22851,0,18,4138,1011,410,-134,-451,-528,62,-301,638,857,-514
2026-03-24,17,29596,A,31853,27720,4245,6417,1667,22851,0,22,4043,1428,936,429,-450,-462,718,-209,922,981,-514
2026-03-24,18,29482,A,31906,27613,4406,6417,2245,22851,0,278,3969,1457,972,494,-450,-396,756,-186,941,990,-514
2026-03-24,19,29866,A,32144,27980,4463,6417,2700,22851,0,292,3920,1500,990,979,-451,-396,1007,-25,993,990,-514
2026-03-24,20,29775,A,32036,27870,4590,6417,3001,22851,0,300,3741,1503,992,1003,-451,-396,1017,18,997,990,-514
2026-03-24,21,29526,A,32372,27665,4629,6417,3246,22851,0,885,3861,1503,992,1003,-451,-396,1016,301,997,990,-514
2026-03-24,22,29483,A,32526,27627,4687,6417,3430,22851,0,1139,3976,1502,992,1003,-451,-339,1016,342,997,990,-514
2026-03-24,23,29455,A,32439,27636,4666,6417,3313,22851,0,1230,3928,1503,992,1002,-451,-189,1016,427,997,990,-514
2026-03-24,24,29616,A,32087,27698,4764,6417,3214,22851,0,863,3737,1503,992,1003,-451,-43,1016,430,998,990,-514
2026-03-24,25,29498,A,32291,27500,4699,6417,3152,22851,0,1229,3897,1502,992,1002,-451,0,1016,347,997,767,-513
2026-03-24,26,29207,A,31943,27080,4725,6417,3053,22851,0,1171,3877,1503,992,1002,-451,0,1016,315,996,494,-514
2026-03-24,27,28969,A,31251,26862,4629,6417,3015,22851,0,718,3983,1503,992,1003,-451,0,1016,36,997,410,-513
2026-03-24,28,29144,A,31445,26915,4616,6417,3158,22851,0,764,3942,1503,992,1003,-451,0,1016,2,997,982,-486
2026-03-24,29,28908,A,30961,26661,4598,6417,3010,22851,0,523,3675,1503,992,1002,-451,0,997,-3,997,982,-476
2026-03-24,30,28903,A,30409,26652,4459,6417,2648,22851,0,32,3174,1503,992,1002,-376,0,997,20,998,982,-498
2026-03-24,31,29405,A,30814,27168,4420,6417,1993,22851,0,19,3254,1503,992,1002,-326,0,997,316,997,982,-464
2026-03-24,32,30430,A,31744,28208,4478,6417,1451,22851,0,19,3724,1503,992,1003,-268,0,997,382,997,982,-427
2026-03-24,33,31607,A,32877,29157,4414,6417,996,22851,0,12,3652,1503,992,973,-205,0,997,755,997,982,-453
2026-03-24,34,33183,A,34558,30671,4425,6417,754,22851,0,2,3556,1503,992,970,-342,-8,997,830,997,1263,-423
2026-03-24,35,34301,A,35880,31656,4421,6417,438,22851,0,0,3813,1503,992,879,-447,-124,997,1203,997,1303,-408
2026-03-24,36,35107,A,36719,32362,4404,6417,114,22851,0,0,3972,1498,991,878,-451,-225,997,1259,996,1233,-336
2026-03-24,37,35623,A,37081,32790,4279,6417,12,22851,0,0,3953,1095,969,993,-395,-114,858,1381,997,1034,-349
2026-03-24,38,35651,A,37244,32800,4282,6417,0,22851,0,0,3702,1072,968,998,-448,-112,853,1375,997,959,-433
2026-03-24,39,35526,A,37354,32477,4296,6417,0,22851,0,0,3614,1476,991,1002,-452,-263,972,1100,997,933,-513
2026-03-24,40,34631,A,36610,31675,4333,6417,0,22851,0,0,3634,1496,992,1004,-452,-413,977,1037,996,932,-514
2026-03-24,41,32803,A,34775,30234,4351,6417,0,22851,0,1,3595,1147,992,1003,-452,-405,836,663,997,985,-514
2026-03-24,42,31810,A,33768,29285,4444,6417,0,22851,0,0,3920,1120,992,1003,-452,-392,831,587,997,989,-514
2026-03-24,43,30188,A,32013,27809,4551,6417,0,22851,0,8,3996,1086,969,944,-452,-251,865,215,997,989,-514
2026-03-24,44,28402,A,30068,26274,4709,6417,0,22851,0,9,4102,1082,956,940,-445,-98,866,139,990,987,-514
2026-03-24,45,26511,A,28416,24570,4787,6417,0,22851,0,221,4285,989,519,794,-385,-1,665,-239,733,884,-459
2026-03-24,46,25161,A,27749,23476,4863,6417,0,22851,0,798,4276,975,488,742,-449,69,658,-316,708,868,-425
2026-03-24,47,23289,A,26741,21668,4793,6417,0,22851,0,1347,4238,511,419,106,-452,85,432,-698,416,569,-355
2026-03-24,48,22960,A,26582,21412,4836,6417,0,22926,0,1592,4549,480,412,102,-379,-63,425,-777,400,548,-211
2026-03-25,1,23444,A,26909,21912,4760,6417,0,22926,0,1203,4961,573,321,167,-229,-198,720,-1166,495,558,-69
2026-03-25,2,23853,A,27170,22217,4721,6417,0,22926,0,1026,5086,575,309,172,-129,-346,731,-1216,492,558,68
2026-03-25,3,23120,A,26521,21502,4600,6417,0,22926,0,1119,4674,125,109,319,-49,-396,612,-1237,181,514,166
2026-03-25,4,22859,A,26533,21276,4595,6417,0,22926,0,1280,4796,100,94,325,-159,-396,608,-1239,161,503,250
2026-03-25,5,22632,A,26361,20965,4462,6417,0,22926,0,1275,4645,402,45,291,-248,-367,542,-1239,160,237,235
2026-03-25,6,22055,A,25962,20441,4495,6417,0,22926,0,1524,4783,422,42,290,-283,-261,540,-1239,156,215,202
2026-03-25,7,21671,A,25697,20163,4594,6417,0,22926,0,1522,4811,212,62,326,-301,-363,470,-1240,27,90,250
2026-03-25,8,21073,A,25136,19651,4659,6417,0,22926,0,1536,5109,192,59,328,-291,-396,466,-1240,19,82,216
2026-03-25,9,20798,A,25281,19466,4522,6417,0,22926,0,1498,5665,-402,-144,163,-204,-396,147,-1239,26,161,250
2026-03-25,10,20791,A,24907,19392,4579,6417,0,22926,0,1229,5423,-452,-145,156,-55,-396,135,-1239,39,170,223
2026-03-25,11,21610,A,25472,20112,4300,6417,0,22926,0,1088,5210,20,344,-452,37,-378,-105,-1239,453,260,84
2026-03-25,12,22361,A,26445,20832,4332,6417,0,22926,0,1343,5322,48,385,-493,-33,-247,-111,-1239,492,284,-18
2026-03-25,13,24919,A,28397,23240,4224,6417,81,22926,0,1157,5368,738,632,339,-177,-157,355,-1239,918,921,-148
2026-03-25,14,26923,A,29583,25107,4350,6417,542,22926,0,176,5316,792,652,380,-328,-24,383,-1239,941,967,-293
2026-03-25,15,28759,A,31493,26696,4304,6417,1357,22926,0,12,5318,943,773,293,-444,0,967,-1239,805,989,-439
2026-03-25,16,29301,A,32149,27131,4574,6417,2423,22926,0,8,5292,963,787,283,-452,-35,997,-1239,802,990,-514
2026-03-25,17,29197,A,32087,27042,4588,6417,3613,22926,0,11,5250,1467,979,213,-451,-75,895,-1239,984,990,-514
2026-03-25,18,28683,A,31602,26521,4840,6417,4635,22926,0,14,4862,1493,985,210,-451,-101,886,-1239,987,990,-514
2026-03-25,19,28110,A,30879,25983,4983,6417,6038,22926,0,12,5079,719,717,350,-398,-7,346,-1239,662,977,-513
2026-03-25,20,27260,A,30047,25185,5065,6417,7299,22926,0,12,4776,663,703,350,-431,-25,321,-1239,646,958,-480
2026-03-25,21,26257,A,29155,24096,5074,6417,8323,22926,0,252,5040,438,862,667,-307,-164,448,-1239,774,277,-336
2026-03-25,22,25372,A,28523,23313,5207,6417,9371,22926,0,608,4914,425,860,681,-231,-283,452,-1239,778,229,-190
2026-03-25,23,25074,A,28353,23015,5167,6417,9913,22926,0,881,5364,625,366,990,-150,-176,289,-1239,607,198,-233
2026-03-25,24,24805,A,28199,22741,5198,6417,10028,22926,0,1165,5450,636,330,1003,-139,-36,295,-1239,601,120,-215
2026-03-25,25,24934,A,28542,22919,5166,6417,10250,22926,0,1373,5435,438,294,1002,-291,68,970,-1239,798,309,-105
2026-03-25,26,24821,A,28581,22919,5190,6417,10353,22926,0,1394,5257,430,299,1003,-427,191,1007,-1239,806,411,-100
2026-03-25,27,25075,A,28833,23162,5097,6417,9676,22926,0,1382,5257,601,568,1002,-437,202,928,-1239,610,411,-100
2026-03-25,28,25144,A,28772,23054,5082,6417,9445,22926,0,1402,5219,613,578,1003,-311,203,925,-1215,589,388,-100
2026-03-25,29,25257,A,28334,23171,4919,6417,8647,22926,0,1309,5329,476,238,998,-162,190,753,-906,278,209,-100
2026-03-25,30,25895,A,28066,23775,4797,6417,7810,22926,0,610,5436,487,236,871,-24,77,747,-837,278,203,-100
2026-03-25,31,26357,A,27765,24090,4829,6417,7250,22926,0,158,4883,1430,946,-96,0,0,871,-452,953,223,-102
2026-03-25,32,27517,A,28792,25250,4810,6417,5753,22926,0,76,4755,1506,992,-122,-25,0,875,-375,996,263,-77
2026-03-25,33,29428,A,31076,27088,4629,6417,4450,22926,0,73,4848,1506,992,-959,-16,0,992,3,996,1211,49
2026-03-25,34,31065,A,32716,28650,4384,6417,3280,22926,0,15,4320,1506,992,-883,-116,-37,996,79,995,1288,35
2026-03-25,35,32902,A,33613,30360,4100,6417,1949,22926,0,14,4211,1505,992,204,-30,0,996,452,996,1384,-67
2026-03-25,36,34715,A,35708,32099,3912,6417,771,22926,0,7,3830,1505,992,215,-113,-55,996,527,996,1391,-218
2026-03-25,37,35961,A,37307,33223,3698,6417,95,22926,0,6,3518,1504,992,-102,-265,-3,997,901,996,1371,-370
2026-03-25,38,36785,A,38398,33888,3477,6417,0,22926,0,4,3488,1504,992,-104,-342,-65,997,977,996,1370,-498
2026-03-25,39,37244,A,39022,34153,3238,6417,0,22926,0,5,2929,1503,992,615,-442,-217,997,1350,996,1418,-514
2026-03-25,40,36721,A,38657,33802,3064,6417,0,22926,0,4,3177,1503,992,736,-450,-368,997,1397,996,1424,-514
2026-03-25,41,35851,A,37921,32996,2833,6417,0,22926,0,1,2971,1503,992,962,-450,-505,997,1397,996,1423,-514
2026-03-25,42,34856,A,36953,32027,2824,6417,0,22926,0,3,2832,1503,992,963,-450,-531,997,1397,996,1422,-513
2026-03-25,43,33255,A,35350,30423,2689,6417,0,22926,0,0,2534,1504,992,362,-450,-531,997,1397,997,1360,-514
2026-03-25,44,31719,A,33814,29117,2604,6417,0,22926,0,0,2466,1503,992,329,-450,-531,997,1367,996,1355,-514
2026-03-25,45,29982,A,32079,27598,2414,6417,0,22926,0,2,2489,1503,992,194,-450,-531,996,994,996,1335,-514
2026-03-25,46,28513,A,30619,26197,2358,6417,0,22926,0,11,2316,1504,992,188,-450,-531,996,918,996,1335,-514
2026-03-25,47,26585,A,29271,24321,2269,6417,0,22926,0,496,2361,1505,992,-97,-450,-530,839,544,996,1415,-513
2026-03-25,48,26020,A,29130,23757,2259,6417,0,22931,0,911,2637,1505,992,-104,-450,-531,833,491,997,1420,-514
2026-03-26,1,26522,A,29780,24155,2134,6417,0,22931,0,1163,2234,1505,992,690,-450,-531,788,400,997,1420,-514
2026-03-26,2,27050,A,30312,24778,2145,6417,0,22931,0,1167,2431,1505,992,843,-451,-531,786,411,997,1420,-513
2026-03-26,3,26988,A,30165,24707,2066,6417,0,22931,0,1082,2530,1505,992,995,-451,-530,665,690,997,1420,-514
2026-03-26,4,26518,A,29514,24181,2060,6417,0,22931,0,900,2346,1505,992,1001,-452,-530,661,703,997,1420,-514
2026-03-26,5,25867,A,28842,23633,1943,6417,0,22931,0,879,2577,1505,992,999,-451,-531,618,432,997,1421,-514
2026-03-26,6,25501,A,28603,23287,1939,6417,0,22931,0,1006,2407,1505,992,999,-452,-530,616,414,997,1428,-514
2026-03-26,7,24948,A,28108,22866,1800,6417,0,22931,0,1063,2509,1506,992,904,-452,-531,414,611,997,1423,-514
2026-03-26,8,24267,A,27439,22162,1807,6417,0,22931,0,1077,2291,1504,991,891,-451,-530,406,626,997,1420,-514
2026-03-26,9,24236,A,26990,22172,1671,6417,0,22931,0,657,2515,1345,972,248,-452,-531,222,513,991,1421,-514
2026-03-26,10,24410,A,26499,22257,1663,6417,0,22931,0,14,2151,1333,968,209,-451,-511,203,529,991,1420,-513
2026-03-26,11,24729,A,27800,22496,1578,6417,0,22931,0,12,2270,1274,874,-695,-391,-379,-480,902,988,1381,-514
2026-03-26,12,25287,A,28375,23001,1489,6417,0,22931,0,11,2021,1268,863,-764,-442,-267,-490,977,986,1377,-514
2026-03-26,13,27957,A,29793,25415,1484,6417,169,22931,0,15,1987,1035,688,347,-371,-336,425,1351,908,1377,-514
2026-03-26,14,29207,A,31259,26435,1430,6417,1152,22931,0,10,1708,1027,681,396,-444,-484,486,1397,906,1378,-514
2026-03-26,15,31085,A,33196,28101,1299,6417,2613,22931,0,14,1692,1475,817,948,-452,-531,469,1397,992,1420,-514
2026-03-26,16,31071,A,33180,27989,1143,6417,4339,22931,0,13,1382,1505,826,977,-451,-531,469,1397,996,1423,-514
2026-03-26,17,30856,A,32963,27713,1056,6417,5862,22931,0,11,1393,1383,826,1003,-451,-531,756,1397,971,1400,-514
2026-03-26,18,29624,A,31733,26435,1052,6417,7285,22931,0,12,1176,1376,825,1003,-452,-531,767,1397,971,1388,-514
2026-03-26,19,28702,A,30815,25545,1064,6417,8570,22931,0,16,938,1496,831,1003,-452,-531,1007,1397,996,1017,-514
2026-03-26,20,27770,A,29880,24584,984,6417,9798,22931,0,14,600,1504,831,1003,-451,-531,1016,1397,998,991,-514
2026-03-26,21,26756,A,28864,23669,981,6417,10592,22931,0,11,432,1505,831,1003,-452,-531,1016,1397,997,991,-514
2026-03-26,22,26104,A,28193,22940,993,6417,11481,22931,0,10,-13,1505,831,1003,-451,-514,1016,1397,998,991,-514
2026-03-26,23,25449,A,27359,22350,971,6417,11835,22931,0,10,-311,1505,831,1002,-452,-384,1016,1397,997,991,-464
2026-03-26,24,25469,A,27164,22477,993,6417,11752,22931,0,9,-31,1504,831,1003,-446,-233,1016,1397,998,991,-407
2026-03-26,25,25254,A,26778,22219,972,6417,11607,22931,0,9,-62,1505,831,1003,-451,-81,1016,1397,998,991,-383
2026-03-26,26,25183,A,26532,22161,974,6417,11139,22931,0,9,103,1505,831,1002,-373,0,1016,1397,998,991,-367
2026-03-26,27,24995,A,26164,22001,888,6417,10825,22931,0,9,328,1505,831,1003,-223,0,1016,1397,998,991,-337
2026-03-26,28,25001,A,26066,21982,934,6417,10082,22931,0,9,68,1505,831,1003,-72,0,1016,1397,998,991,-384
2026-03-26,29,25622,A,26538,22684,949,6417,9060,22931,0,9,577,1505,831,1003,-22,0,997,1397,997,991,-285
2026-03-26,30,26096,A,26875,23267,1064,6417,7912,22931,0,11,1240,1503,832,1003,0,0,996,1397,998,1002,-168
2026-03-26,31,27194,A,28071,24469,1176,6417,6513,22931,0,14,1798,1412,827,1003,0,0,970,1397,998,1397,-263
2026-03-26,32,29018,A,29909,26314,1262,6417,5331,22931,0,13,2240,1402,830,1003,0,0,964,1397,998,1423,-278
2026-03-26,33,31070,A,32022,28329,1277,6417,3810,22931,0,11,2323,1017,928,940,0,0,429,1397,998,1349,-341
2026-03-26,34,33219,A,34314,30346,1323,6417,2373,22931,0,13,2615,985,935,830,0,0,404,1397,988,1345,-482
2026-03-26,35,34665,A,36043,31757,1299,6417,1166,22931,0,15,3520,631,912,-197,-67,0,321,1397,651,1349,-499
2026-03-26,36,36002,A,37555,33012,1429,6417,400,22931,0,7,3567,592,900,-214,-219,0,316,1397,640,1351,-513
2026-03-26,37,36366,A,37867,33429,1491,6417,41,22931,0,7,3776,56,516,-2,-297,0,-81,1397,968,1417,-514
2026-03-26,38,36848,A,38400,33839,1575,6417,0,22931,0,3,3877,46,502,0,-345,0,-90,1397,988,1422,-514
2026-03-26,39,38146,A,39739,35116,1523,6417,0,22931,0,4,3521,978,911,607,-446,-29,480,1397,913,1406,-514
2026-03-26,40,36993,A,38551,34025,1611,6417,0,22931,0,4,3472,1054,939,721,-440,0,504,1397,903,1402,-514
2026-03-26,41,35581,A,37090,32813,1541,6417,0,22931,0,8,3263,1086,943,940,-387,0,6,1397,727,1312,-514
2026-03-26,42,34577,A,35928,31954,1665,6417,0,22931,0,9,3176,1090,944,949,-238,0,-17,1397,722,1296,-487
2026-03-26,43,32889,A,34105,30473,1707,6417,0,22931,0,9,3209,1326,962,775,-87,0,-136,1397,955,936,-384
2026-03-26,44,31536,A,32545,29217,1835,6417,0,22931,0,10,3261,1340,962,700,-1,0,-140,1389,967,910,-258
2026-03-26,45,29291,A,30267,27186,1869,6417,0,22931,0,15,3466,1233,911,3,-64,0,110,1291,902,865,-297
2026-03-26,46,27836,A,28704,25858,2015,6417,0,22931,0,17,3634,1208,896,0,-5,0,119,1287,888,861,-246
2026-03-26,47,25888,A,27346,23957,2053,6417,0,22931,0,250,3334,307,465,-271,-55,0,328,1385,530,858,-282
2026-03-26,48,25394,A,26852,23603,2120,6417,0,22938,0,158,3756,237,435,-296,-10,0,336,1382,512,855,-394
2026-03-27,1,25719,A,27096,23878,2065,6417,0,22938,0,95,3703,358,420,-178,0,0,341,1189,646,775,-504
2026-03-27,2,25966,A,27473,24103,2166,6417,0,22938,0,170,3637,376,420,-174,-49,0,341,1136,655,757,-514
2026-03-27,3,25432,A,27466,23593,2192,6417,0,22938,0,352,3362,1014,448,-409,-159,0,246,762,653,276,-514
2026-03-27,4,24578,A,26676,22846,2213,6417,0,22938,0,354,3070,1061,454,-419,-211,0,241,686,652,241,-514
2026-03-27,5,23868,A,25946,22300,2135,6417,0,22938,0,352,2983,1095,605,-289,-323,0,257,314,648,202,-514
2026-03-27,6,23223,A,25487,21715,2201,6417,0,22938,0,536,3226,1096,610,-284,-330,0,257,253,642,195,-514
2026-03-27,7,23038,A,25290,21417,2135,6417,0,22938,0,493,3447,1023,400,-315,-330,0,286,72,425,55,-514
2026-03-27,8,22636,A,24905,21028,2162,6417,0,22938,0,519,4063,1010,382,-325,-314,0,258,79,407,22,-511
2026-03-27,9,22343,A,26141,20814,2141,6417,0,22938,0,74,4074,644,255,-976,-191,0,-699,452,286,-825,-433
2026-03-27,10,22267,A,26299,20574,2275,6417,0,22938,0,130,3688,588,238,-1014,-157,-23,-767,527,268,-867,-474
2026-03-27,11,22547,A,26474,20744,2186,6417,0,22938,0,22,3756,-388,-68,-1014,-41,0,-1012,901,-76,-355,-351
2026-03-27,12,23439,A,27613,21524,2145,6417,0,22938,0,19,3711,-490,-88,-1014,-139,0,-1021,977,-100,-311,-392
2026-03-27,13,25487,A,29319,23479,2144,6417,54,22938,0,431,3289,-222,-64,-730,-291,-21,-747,1351,-202,-17,-507
2026-03-27,14,27027,A,30811,24889,2136,6417,372,22938,0,298,2783,-187,-54,-649,-423,-155,-712,1397,-192,24,-514
2026-03-27,15,29794,A,31972,27409,2048,6417,851,22938,0,307,2565,699,252,449,-450,-307,179,1397,351,829,-514
2026-03-27,16,30581,A,32769,28074,2023,6417,1371,22938,0,166,2776,801,287,518,-450,-457,250,1397,401,886,-515
2026-03-27,17,32029,A,34206,29479,1925,6417,1904,22938,0,156,2733,1457,797,980,-450,-457,957,1397,961,983,-514
2026-03-27,18,31914,A,33837,29394,2002,6417,2535,22938,0,9,3001,1505,832,1002,-448,-352,997,1397,997,992,-514
2026-03-27,19,32204,A,33849,29791,2009,6417,3202,22938,0,7,3496,1505,832,1001,-352,-206,1015,1397,997,992,-480
2026-03-27,20,31660,A,33021,29460,2091,6417,3753,22938,0,6,3796,1505,832,1002,-262,-157,1016,1397,997,992,-336
2026-03-27,21,31323,A,32257,29192,2100,6417,4098,22938,0,6,3899,1504,832,1002,-115,-28,1016,1397,997,992,-185
2026-03-27,22,31073,A,31745,28986,2202,6417,4293,22938,0,24,4112,1504,832,1003,-5,0,1016,1397,997,992,-43
2026-03-27,23,31047,A,31807,29247,2220,6417,4550,22938,0,160,4016,1503,831,1002,68,0,1016,1397,996,992,60
2026-03-27,24,30789,A,31551,29071,2427,6417,4944,22938,0,162,4303,1503,832,1002,131,0,1016,1397,996,992,100
2026-03-27,25,30561,A,31321,28921,2560,6417,5035,22938,0,160,4442,1503,832,1002,14,0,1016,1397,996,992,100
2026-03-27,26,30612,A,31371,28893,2832,6417,4938,22938,0,159,4559,1504,832,1002,32,0,1016,1397,997,992,100
2026-03-27,27,30517,A,31275,28616,2929,6417,4833,22938,0,158,4872,1504,832,1002,49,0,1016,1397,996,992,100
2026-03-27,28,30194,A,30953,28146,3117,6417,4799,22938,0,159,4689,1504,832,1002,104,0,1016,1367,997,984,100
2026-03-27,29,30163,A,30921,28174,3047,6417,4554,22938,0,158,5031,1504,832,1002,171,0,948,993,997,698,100
2026-03-27,30,29720,A,30478,27785,3096,6417,4345,22938,0,158,4945,1504,831,987,197,0,945,918,997,671,100
2026-03-27,31,29325,A,30084,27514,3045,6417,3907,22938,0,159,5237,1505,832,236,200,55,734,544,996,413,100
2026-03-27,32,29768,A,30526,27905,3161,6417,3405,22938,0,158,5348,1506,836,188,200,9,701,527,996,401,100
2026-03-27,33,30552,A,31608,28660,3009,6417,2548,22938,0,160,5456,1507,982,-97,200,90,-199,901,996,642,100
2026-03-27,34,31608,A,32732,29638,2946,6417,1729,22938,0,160,5676,1503,980,-104,200,104,-260,976,989,669,100
2026-03-27,35,32485,A,34347,30361,2849,6417,1026,22938,0,161,5634,1191,542,-546,200,99,-555,1351,746,1030,100
2026-03-27,36,33017,A,34950,30787,2807,6417,514,22938,0,159,5240,1163,505,-608,176,69,-566,1397,717,1064,100
2026-03-27,37,33573,A,35302,31318,2727,6417,98,22938,0,156,5434,848,254,-469,45,10,-504,1397,255,1401,100
2026-03-27,38,34493,A,36256,32093,2735,6417,0,22938,0,156,5145,833,241,-444,-68,0,-495,1397,242,1424,50
2026-03-27,39,35441,A,36492,33183,2640,6417,0,22938,0,159,4633,1301,390,408,-211,-14,80,1397,811,1424,-67
2026-03-27,40,34471,A,35622,32297,2700,6417,0,22938,0,161,5043,1339,415,499,-177,0,108,1397,851,1424,-213
2026-03-27,41,33209,A,34484,31108,2620,6417,0,22938,0,165,4724,1494,955,1000,-224,0,268,1397,966,1424,-286
2026-03-27,42,32065,A,33167,30068,2719,6417,0,22938,0,161,5243,1506,989,1002,-98,0,274,1395,972,1424,-243
2026-03-27,43,30438,A,31506,28603,2901,6417,0,22938,0,160,5573,1494,901,672,-17,0,84,1367,885,1424,-291
2026-03-27,44,29108,A,30276,27302,3020,6417,0,22938,0,162,5412,1490,887,609,0,0,77,1334,869,1420,-406
2026-03-27,45,27682,A,28907,26008,2981,6417,0,22938,0,166,5658,1217,586,-96,-56,0,328,961,516,1243,-307
2026-03-27,46,26321,A,27661,24778,3164,6417,0,22938,0,166,5404,1190,556,-104,-169,0,313,885,485,1207,-301
2026-03-27,47,24561,A,27096,23097,3077,6417,0,22938,0,165,5033,828,220,-478,-297,-63,-570,512,182,341,-362
2026-03-27,48,23888,A,26799,22464,3221,6417,0,22938,0,170,4991,800,202,-523,-380,-209,-628,436,172,268,-401
2026-03-28,1,24067,A,27269,22650,3250,6417,0,22938,0,172,5156,888,404,-594,-380,-155,-760,64,445,-140,-401
2026-03-28,2,24769,A,27890,23464,3326,6417,0,22938,0,158,5428,895,422,-597,-380,-20,-764,-12,467,-190,-400
2026-03-28,3,24378,A,28639,22998,3402,6417,0,22938,0,155,5470,904,579,-757,-368,0,-608,-392,648,-981,-400
2026-03-28,4,23679,A,28141,22394,3549,6417,0,22938,0,303,5244,905,591,-763,-289,0,-603,-469,662,-1034,-401
2026-03-28,5,22810,A,28324,21696,3542,6417,0,22938,0,303,5527,1017,647,-1003,-366,0,-900,-855,751,-1086,-401
2026-03-28,6,22165,A,27810,21159,3700,6417,0,22938,0,412,5877,1022,649,-1014,-283,0,-911,-934,758,-1090,-401
2026-03-28,7,21754,A,27411,20821,3787,6417,0,22938,0,451,5861,778,564,-837,-247,0,-705,-1327,798,-1090,-400
2026-03-28,8,21236,A,26803,20373,3931,6417,0,22938,0,424,5828,762,557,-830,-98,0,-698,-1381,797,-1090,-446
2026-03-28,9,20929,A,27069,20057,4002,6417,0,22938,0,677,5997,865,519,-988,-2,0,-826,-1444,670,-1090,-513
2026-03-28,10,20818,A,26964,19858,4101,6417,0,22938,0,706,5757,863,512,-994,0,0,-830,-1452,655,-1091,-473
2026-03-28,11,20636,A,26970,19673,4060,6417,0,22938,0,697,6005,497,358,-1013,0,0,-985,-1453,446,-1094,-492
2026-03-28,12,20546,A,26916,19565,4080,6417,0,22938,0,682,5798,465,342,-1014,-11,0,-991,-1453,429,-1095,-524
2026-03-28,13,21125,A,27112,20126,3931,6417,259,22938,0,418,5894,313,154,-965,0,0,-1020,-1453,314,-1095,-436
2026-03-28,14,21392,A,27465,20324,3941,6417,1248,22938,0,455,5792,302,142,-962,-65,0,-1020,-1439,301,-1086,-446
2026-03-28,15,21731,A,27449,20552,3902,6417,2663,22938,0,678,5574,353,176,-870,-213,0,-665,-1262,88,-917,-513
2026-03-28,16,20853,A,26934,19595,4046,6417,4170,22938,0,1108,5494,365,180,-866,-201,0,-650,-1239,87,-904,-513
2026-03-28,17,20555,A,26678,19100,4072,6417,5669,22938,0,1198,5005,980,246,-737,-272,0,-677,-1239,513,-874,-526
2026-03-28,18,20156,A,26349,18673,4366,6417,7192,22938,0,1193,4790,1017,253,-733,-366,0,-678,-1240,538,-869,-514
2026-03-28,19,19598,A,25720,18060,4431,6417,8379,22938,0,1186,4739,533,322,-836,-277,0,-715,-1239,479,-755,-514
2026-03-28,20,19369,A,25428,17829,4520,6417,9118,22938,0,1170,4469,490,321,-839,-232,0,-711,-1239,474,-755,-513
2026-03-28,21,19149,A,24786,17554,4374,6417,9942,22938,0,1172,4698,138,89,-734,-158,0,-192,-1239,440,-1028,-514
2026-03-28,22,19001,A,24619,17402,4511,6417,10595,22938,0,1160,5154,112,69,-730,-159,0,-168,-1239,434,-1048,-514
2026-03-28,23,19222,A,24393,17704,4397,6417,10872,22938,0,1149,5063,195,-84,-462,-93,0,159,-1239,298,-1088,-456
2026-03-28,24,19085,A,24172,17550,4465,6417,11047,22938,0,1142,4886,196,-96,-451,-1,0,172,-1239,293,-1092,-466
2026-03-28,25,19279,A,24724,17718,4387,6417,10948,22938,0,1137,4867,-105,-194,-576,0,0,259,-1239,421,-1092,-502
2026-03-28,26,19040,A,24530,17563,4535,6417,10781,22938,0,1136,5062,-142,-195,-580,68,0,262,-1239,436,-1092,-506
2026-03-28,27,19104,A,24360,17641,4562,6417,10969,22938,0,1141,5003,-56,-9,-613,187,0,165,-1239,668,-1092,-506
2026-03-28,28,18962,A,24180,17481,4618,6417,10252,22938,0,1138,5101,-38,20,-615,83,0,152,-1254,690,-1092,-481
2026-03-28,29,18916,A,24745,17457,4458,6417,9234,22938,0,876,5063,368,596,-962,-26,0,-476,-1430,951,-1092,-367
2026-03-28,30,18967,A,24903,17494,4483,6417,8572,22938,0,801,4779,427,641,-977,-129,0,-510,-1421,967,-1092,-406
2026-03-28,31,19592,A,25510,18165,4474,6417,7668,22938,0,669,4737,1242,820,-998,-185,0,-841,-1027,936,-1092,-506
2026-03-28,32,21024,A,26377,19537,4362,6417,6484,22938,0,12,4226,1303,836,-999,-336,0,-854,-947,935,-1092,-513
2026-03-28,33,22770,A,27879,21109,4109,6417,5324,22938,0,7,3815,1497,982,-1013,-420,-16,-956,-560,993,-1092,-445
2026-03-28,34,24634,A,29555,22818,3981,6417,3879,22938,0,3,4188,1509,992,-1011,-303,-72,-947,-482,997,-1087,-416
2026-03-28,35,27800,A,31033,25727,3603,6417,2408,22938,0,2,4409,1507,992,-584,-295,-224,-210,-103,997,-893,-322
2026-03-28,36,28771,A,32131,26661,3343,6417,1077,22938,0,1,4648,1507,992,-531,-419,-369,-152,-26,997,-846,-416
2026-03-28,37,31198,A,32904,28982,3222,6417,175,22938,0,0,3875,1505,992,141,-361,-376,634,348,996,64,-369
2026-03-28,38,31589,A,33559,29391,3110,6417,0,22938,0,0,3732,1505,992,164,-442,-448,682,424,996,155,-480
2026-03-28,39,31911,A,33924,29528,2849,6417,0,22938,0,0,3326,1504,992,853,-450,-449,985,797,996,914,-514
2026-03-28,40,32078,A,34091,29576,2763,6417,0,22938,0,0,2921,1503,992,898,-450,-449,997,873,996,963,-514
2026-03-28,41,31601,A,33616,29224,2538,6417,0,22938,0,1,2922,1504,992,803,-450,-450,997,1245,996,870,-514
2026-03-28,42,30284,A,32298,27960,2521,6417,0,22938,0,0,2878,1503,992,800,-450,-450,997,1299,997,865,-514
2026-03-28,43,29405,A,31420,27090,2484,6417,0,22938,0,2,2753,1503,992,984,-450,-450,996,1386,996,932,-513
2026-03-28,44,28679,A,30612,26387,2411,6417,0,22938,0,4,2888,1503,992,991,-450,-448,997,1397,997,938,-431
2026-03-28,45,27739,A,29547,25382,2223,6417,0,22938,0,4,2969,1504,992,920,-450,-353,997,1397,997,815,-401
2026-03-28,46,26833,A,28658,24554,2222,6417,0,22938,0,4,2741,1504,991,913,-450,-369,996,1367,996,805,-402
2026-03-28,47,25528,A,27271,23379,2117,6417,0,22938,0,10,3041,1480,971,439,-382,-317,673,994,997,819,-434
2026-03-28,48,25109,A,26826,23015,2088,6417,0,22939,0,12,3200,1478,970,416,-373,-219,660,939,997,814,-513
2026-03-29,1,24918,A,26785,22873,2000,6417,0,22939,0,8,3338,1503,990,654,-425,-320,787,832,997,564,-514
2026-03-29,2,24994,A,26610,23111,2017,6417,0,22939,0,10,3670,1506,992,631,-302,-219,791,791,997,540,-485
2026-03-29,3,24293,A,25620,22493,1861,6417,0,22939,0,17,3410,1505,991,167,-240,-66,866,481,997,387,-504
2026-03-29,4,23712,A,24779,22007,1898,6417,0,22939,0,19,3423,1505,992,165,-160,0,868,372,996,366,-388
2026-03-29,5,23045,A,24044,21481,1833,6417,0,22939,0,19,3992,1506,992,-219,-25,0,545,207,998,5,-236
2026-03-29,6,23150,A,24127,21679,1996,6417,0,22939,0,131,4399,1507,992,-241,0,0,532,157,997,-21,-84
2026-03-29,7,22154,A,23761,20879,2106,6417,0,22939,0,169,4795,1507,992,-603,65,0,258,-220,997,-115,58
2026-03-29,8,21774,A,23480,20535,2360,6417,0,22939,0,167,4942,1504,991,-618,88,0,245,-296,997,-125,100
2026-03-29,9,21339,A,23657,20114,2410,6417,0,22939,0,167,5145,1322,973,-493,189,0,-180,-679,997,-299,100
2026-03-29,10,21128,A,23568,20058,2632,6417,0,22939,0,167,5177,1307,972,-490,141,0,-199,-757,996,-327,100
2026-03-29,11,21019,A,25121,20004,2823,6417,0,22939,0,163,5137,1308,945,-899,198,0,-488,-1146,930,-906,100
2026-03-29,12,21241,A,25466,20209,3091,6417,2,22939,0,170,5109,1307,938,-917,200,0,-499,-1198,915,-941,100
2026-03-29,13,21624,A,25550,20543,3179,6417,234,22939,0,169,5090,1222,739,-697,200,0,-529,-1235,555,-796,100
2026-03-29,14,21679,A,25518,20623,3421,6417,909,22939,0,99,4995,1215,724,-688,200,0,-530,-1239,536,-783,100
2026-03-29,15,22703,A,26062,21542,3557,6417,1406,22939,0,11,4738,1267,684,-468,168,0,-455,-1239,645,-686,100
2026-03-29,16,23327,A,26654,21987,3752,6417,2011,22939,0,11,4578,1271,684,-449,144,0,-452,-1239,659,-676,100
2026-03-29,17,24030,A,27213,22657,3854,6417,2672,22939,0,591,4872,1474,778,-106,166,0,-192,-1239,885,-555,100
2026-03-29,18,24107,A,27724,22684,4132,6417,3244,22939,0,1048,5195,1487,783,-104,152,56,-182,-1239,902,-544,100
2026-03-29,19,24734,A,27957,23320,4358,6417,3623,22939,0,500,5338,1506,738,-255,21,10,-293,-1239,972,-436,27
2026-03-29,20,24904,A,27948,23314,4655,6417,3975,22939,0,304,4892,1503,735,-262,0,0,-285,-1240,978,-424,-29
2026-03-29,21,25939,A,28343,24263,4905,6417,4227,22939,0,314,4973,1202,727,423,-37,-13,409,-1239,997,-262,-39
2026-03-29,22,26367,A,29281,24743,5090,6417,3803,22939,0,801,5377,1178,725,481,0,-139,446,-1239,989,-235,17
2026-03-29,23,26625,A,29594,25064,5229,6417,3552,22939,0,878,5348,947,698,530,-67,-285,493,-1239,711,324,97
2026-03-29,24,27490,A,30529,25899,5397,6417,3101,22939,0,921,5329,933,697,533,-148,-231,496,-1239,695,365,47
2026-03-29,25,28027,A,31063,26292,5429,6417,2937,22939,0,923,4979,1138,710,810,-296,-78,838,-1239,741,437,93
2026-03-29,26,28201,A,31283,26588,5491,6417,2527,22939,0,929,5275,1153,710,822,-414,8,852,-1239,750,452,62
2026-03-29,27,28806,A,31906,27050,5548,6417,2930,22939,0,1055,5408,1306,710,956,-306,0,896,-1239,926,700,100
2026-03-29,28,28547,A,31670,26751,5593,6417,2857,22939,0,1194,5235,1321,713,959,-190,0,898,-1239,938,718,100
2026-03-29,29,28743,A,31728,26932,5547,6417,2837,22939,0,1193,5302,1490,825,623,-53,0,877,-1239,938,748,100
2026-03-29,30,28740,A,31755,27009,5535,6417,2819,22939,0,1198,5389,1504,833,568,-64,0,856,-1253,939,742,100
2026-03-29,31,28544,A,31991,26799,5588,6417,2548,22939,0,994,5734,1506,833,-523,64,0,35,-1430,993,356,100
2026-03-29,32,29303,A,32423,27389,5570,6417,2446,22939,0,530,5405,1507,837,-611,183,63,-26,-1453,997,330,100
2026-03-29,33,29703,A,33210,27671,5517,6417,1904,22939,0,12,5468,1507,982,-853,78,34,-690,-1452,997,397,100
2026-03-29,34,30467,A,34041,28384,5499,6417,1360,22939,0,5,5505,1503,987,-862,-65,0,-721,-1421,991,411,30
2026-03-29,35,30964,A,33762,29089,5486,6417,1012,22939,0,2,5752,1191,791,-814,-101,0,-246,-1027,789,739,-108
2026-03-29,36,30891,A,33836,29035,5420,6417,526,22939,0,4,5507,1169,780,-812,-234,0,-225,-957,777,774,-213
2026-03-29,37,31432,A,34285,29488,5298,6417,44,22939,0,0,5668,1367,841,-754,-250,0,-298,-691,804,1202,-360
2026-03-29,38,31378,A,34475,29397,5225,6417,0,22939,0,0,5549,1379,848,-750,-386,0,-301,-670,812,1219,-490
2026-03-29,39,31196,A,33933,29101,5068,6417,0,22939,0,57,5309,1498,983,-341,-391,-24,-103,-808,986,712,-513
2026-03-29,40,29998,A,32951,27849,4933,6417,0,22939,0,64,5055,1506,991,-323,-447,-157,-96,-852,993,674,-514
2026-03-29,41,28820,A,32140,26788,4818,6417,0,22939,0,66,5071,1507,948,-266,-452,-216,-109,-1197,864,560,-514
2026-03-29,42,27350,A,30686,25322,4858,6417,0,22939,0,74,4704,1489,931,-259,-451,-196,-102,-1240,840,560,-514
2026-03-29,43,26410,A,29715,24519,4962,6417,0,22939,0,521,4681,607,438,588,-452,-78,473,-1240,324,868,-514
2026-03-29,44,25284,A,29219,23439,4849,6417,0,22939,0,1213,4699,530,399,698,-451,-18,499,-1240,291,881,-513
2026-03-29,45,23389,A,27241,21720,4577,6417,0,22939,0,1227,4768,42,226,379,-383,-12,110,-1240,249,560,-490
2026-03-29,46,22601,A,26355,21020,4520,6417,0,22939,0,1223,4838,6,213,366,-294,-107,94,-1240,245,523,-390
2026-03-30,1,22283,A,26501,20745,4309,6417,0,22939,0,1460,5082,-149,175,257,-313,-19,-52,-1240,203,30,-485
2026-03-30,2,22043,A,26168,20500,4240,6417,0,22943,0,1465,4956,-166,173,252,-180,0,-57,-1239,200,-5,-513
2026-03-30,3,22267,A,26330,20731,4273,6417,0,22943,0,1464,5039,229,150,270,-191,0,-51,-1240,208,-104,-513
2026-03-30,4,22615,A,26565,21150,4233,6417,0,22943,0,1463,5622,270,151,270,-95,0,-50,-1239,209,-111,-492
2026-03-30,5,22321,A,26385,21023,4253,6417,0,22943,0,1421,5542,413,220,112,-186,0,191,-1239,241,-205,-513
2026-03-30,6,22060,A,25717,20670,4288,6417,0,22943,0,1027,5071,426,223,106,-150,0,200,-1240,242,-226,-514
2026-03-30,7,21807,A,25767,20447,4253,6417,0,22943,0,697,5201,574,184,-96,-138,0,103,-1240,220,-775,-514
2026-03-30,8,21302,A,25717,19975,4214,6417,0,22943,0,1143,5148,589,192,-104,-96,0,96,-1240,224,-819,-513
2026-03-30,9,21273,A,26615,19903,4105,6417,0,22943,0,972,5233,907,581,-586,-65,0,-392,-1240,411,-1073,-514
2026-03-30,10,20834,A,26233,19562,4129,6417,0,22943,0,905,5437,928,603,-660,-78,0,-414,-1239,421,-1090,-513
2026-03-30,11,21014,A,26497,19780,4132,6417,0,22943,0,704,5517,655,445,-894,-13,0,-635,-1239,346,-1042,-456
2026-03-30,12,21851,A,27300,20506,4056,6417,0,22943,0,479,5431,640,443,-905,-126,0,-643,-1253,348,-1035,-508
2026-03-30,13,24063,A,28958,22507,3855,6417,0,22943,0,25,5449,1046,777,-891,-143,0,-504,-1431,581,-927,-474
2026-03-30,14,25533,A,30553,23817,3752,6417,4,22943,0,11,5435,1066,782,-887,-283,-68,-489,-1421,584,-884,-477
2026-03-30,15,27608,A,30653,25740,3737,6417,326,22943,0,6,5025,456,144,-367,-412,-220,152,-1027,197,59,-513
2026-03-30,16,28807,A,31851,26710,3788,6417,1188,22943,0,3,4841,426,110,-332,-360,-371,185,-964,186,148,-514
2026-03-30,17,30352,A,33106,28183,3810,6417,2417,22943,0,0,4532,1148,450,94,-443,-507,135,-790,628,746,-514
2026-03-30,18,29820,A,32623,27707,3990,6417,3692,22943,0,6,4786,1210,481,102,-452,-531,133,-800,662,794,-514
2026-03-30,19,29120,A,32318,27072,4381,6417,5233,22943,0,11,4939,1378,728,446,-452,-530,284,-1191,863,959,-514
2026-03-30,20,28426,A,31734,26393,4489,6417,6119,22943,0,73,4920,1388,745,487,-452,-530,290,-1239,875,958,-514
2026-03-30,21,27520,A,30836,25576,4510,6417,6769,22943,0,80,4895,1239,743,899,-451,-531,591,-1240,880,442,-514
2026-03-30,22,26587,A,30385,24754,4580,6417,7574,22943,0,550,4947,1232,743,915,-451,-530,603,-1239,880,405,-528
2026-03-30,23,26223,A,30180,24419,4493,6417,8328,22943,0,723,4956,1416,731,594,-451,-530,661,-1239,866,359,-514
2026-03-30,24,25973,A,29705,24243,4544,6417,8704,22943,0,497,4774,1432,732,582,-451,-531,665,-1239,869,355,-514
2026-03-30,25,25675,A,29847,23867,4477,6417,9303,22943,0,937,4486,1499,826,943,-451,-531,958,-1239,989,371,-514
2026-03-30,26,25280,A,29675,23450,4465,6417,9672,22943,0,1160,4731,1503,832,959,-451,-531,969,-1239,996,376,-514
2026-03-30,27,25135,A,29532,23260,4505,6417,9828,22943,0,1164,4756,1504,832,1001,-451,-530,1014,-1239,997,487,-513
2026-03-30,28,24613,A,29003,22758,4452,6417,9337,22943,0,1156,4675,1504,832,1003,-451,-530,1016,-1239,997,494,-514
2026-03-30,29,24189,A,28573,22530,4389,6417,8931,22943,0,1150,4681,1505,832,1003,-452,-529,862,-1239,997,493,-514
2026-03-30,30,24072,A,28397,22473,4379,6417,9272,22943,0,1114,4991,1504,832,1003,-451,-531,856,-1215,997,490,-514
2026-03-30,31,24534,A,28063,22798,4263,6417,7780,22943,0,627,5125,1505,832,746,-452,-530,700,-906,997,500,-514
2026-03-30,32,25370,A,28489,23446,4300,6417,7074,22943,0,288,5158,1505,832,735,-451,-529,695,-837,997,516,-514
2026-03-30,33,26663,A,29361,24722,4211,6417,6326,22943,0,249,5090,1504,832,992,-452,-530,985,-453,996,1045,-514
2026-03-30,34,27955,A,30319,25831,4113,6417,4836,22943,0,12,4651,1504,836,1003,-452,-529,996,-375,996,1090,-496
2026-03-30,35,29077,A,31018,26669,3785,6417,4004,22943,0,12,4228,1504,981,1004,-436,-503,996,2,996,1403,-490
2026-03-30,36,30750,A,32477,28141,3468,6417,2822,22943,0,16,4408,1504,992,1003,-340,-505,996,79,997,1425,-366
2026-03-30,37,32086,A,33833,29343,2896,6417,1833,22943,0,12,4066,1504,992,785,-430,-376,997,452,997,1425,-429
2026-03-30,38,32775,A,34548,29957,2546,6417,801,22943,0,12,4000,1503,992,776,-452,-360,996,528,997,1425,-449
2026-03-30,39,33902,A,35741,31173,2443,6417,140,22943,0,8,4066,1503,992,708,-452,-365,997,901,997,1425,-514
2026-03-30,40,33876,A,35780,31106,2410,6417,0,22943,0,7,3698,1504,992,706,-452,-431,997,977,997,1425,-514
2026-03-30,41,33939,A,35938,31026,2301,6417,0,22943,0,7,3073,1504,992,990,-452,-526,997,1351,997,1425,-514
2026-03-30,42,32927,A,34847,30062,2227,6417,0,22943,0,11,2746,1503,992,1003,-452,-443,997,1397,997,1425,-514
2026-03-30,43,31498,A,33251,28671,1943,6417,0,22943,0,10,2213,1503,992,1003,-438,-291,997,1397,997,1425,-514
2026-03-30,44,30687,A,32210,27907,1757,6417,0,22943,0,12,2377,1503,992,1002,-358,-139,997,1397,997,1422,-514
2026-03-30,45,29542,A,30917,26923,1560,6417,0,22943,0,14,2276,1504,992,613,-355,-13,970,1397,998,1322,-493
2026-03-30,46,28399,A,29777,25901,1533,6417,0,22943,0,9,1896,1504,992,596,-429,-82,969,1397,998,1311,-358
2026-03-30,47,26751,A,28175,24363,1483,6417,0,22943,0,9,2043,1504,992,724,-451,-121,991,1397,997,1179,-343
2026-03-30,48,25643,A,27327,23327,1508,6417,0,22943,0,8,2481,1504,992,729,-452,-242,992,1393,997,1169,-482
2026-03-31,1,24984,A,26654,22605,1434,6417,0,22943,0,5,2141,1504,992,761,-452,-199,892,1347,997,1143,-514
2026-03-31,2,24754,A,26420,22386,1461,6417,0,23231,0,17,2038,1502,992,756,-451,-184,888,1345,997,1144,-514
2026-03-31,3,25236,A,26797,22981,1486,6417,0,23231,0,48,2530,1501,992,994,-452,-47,993,1391,997,1284,-514
2026-03-31,4,25264,A,27033,23146,1518,6417,0,23231,0,280,2903,1501,992,1003,-451,-24,997,1397,997,1294,-514
2026-03-31,5,25162,A,26882,23139,1402,6417,0,23231,0,100,2819,1502,992,993,-452,-154,877,1397,998,1257,-514
2026-03-31,6,24588,A,26429,22598,1439,6417,0,23231,0,247,2848,1501,991,993,-451,-130,873,1397,997,1250,-513
2026-03-31,7,23729,A,25671,21845,1498,6417,0,23231,0,311,3049,1502,992,766,-452,-165,760,1397,997,1096,-514
2026-03-31,8,23003,A,25026,21124,1580,6417,0,23231,0,391,2906,1503,992,692,-452,-166,756,1395,997,1084,-514
2026-03-31,9,22557,A,24271,20718,1540,6417,0,23231,0,162,2919,1503,992,3,-452,-86,774,1371,997,1044,-514
2026-03-31,10,22330,A,23986,20542,1588,6417,0,23231,0,231,3090,1500,985,0,-401,-26,684,1370,992,1048,-498
2026-03-31,11,22248,A,24964,20505,1558,6417,0,23231,0,11,3305,1222,718,-775,-254,0,-776,1394,797,1295,-400
2026-03-31,12,22974,A,26111,21086,1614,6417,0,23231,0,79,2910,1189,690,-968,-179,0,-923,1397,771,1315,-488
2026-03-31,13,25114,A,27725,23064,1648,6417,0,23231,0,165,3167,356,330,-923,-88,-68,-353,1397,314,1407,-514
2026-03-31,14,26860,A,29699,24637,1661,6417,1,23231,0,164,3175,296,305,-915,-205,-219,-322,1397,290,1413,-514
2026-03-31,15,29450,A,31686,26992,1543,6417,117,23231,0,163,3062,689,278,-371,-317,-371,156,1397,414,1400,-514
2026-03-31,16,30627,A,33091,27952,1527,6417,486,23231,0,162,2966,725,290,-344,-438,-506,183,1397,437,1399,-514
2026-03-31,17,32543,A,35012,29801,1531,6417,1021,23231,0,166,3272,1356,798,-292,-450,-529,697,1397,965,1420,-532
2026-03-31,18,32308,A,34753,29625,1551,6417,1751,23231,0,168,3503,1403,831,-284,-451,-528,721,1397,997,1424,-514
2026-03-31,19,32492,A,34648,29799,1536,6417,2525,23231,0,163,3241,1460,795,577,-451,-528,477,1397,998,1424,-514
2026-03-31,20,31917,A,34054,29294,1617,6417,3199,23231,0,163,2979,1455,790,682,-451,-509,469,1397,998,1412,-514
2026-03-31,21,31250,A,33194,28757,1476,6417,4019,23231,0,162,3445,948,695,445,-393,-375,752,1397,998,1019,-514
2026-03-31,22,30210,A,31853,27817,1624,6417,4750,23231,0,162,3469,916,692,425,-301,-222,762,1397,996,991,-458
2026-03-31,23,29665,A,31211,27328,1629,6417,5733,23231,0,99,3441,1380,823,745,-419,-116,469,1397,928,991,-412
2026-03-31,24,28556,A,30056,26245,1766,6417,6855,23231,0,10,3619,1413,832,758,-443,-155,457,1397,926,991,-392
2026-03-31,25,27591,A,29301,25269,1711,6417,7745,23231,0,10,3307,1334,832,819,-451,-307,445,1397,994,991,-442
2026-03-31,26,26494,A,28385,24241,1793,6417,8429,23231,0,10,3327,1326,826,820,-451,-430,444,1397,990,991,-500
2026-03-31,27,25508,A,27330,23308,1685,6417,8817,23231,0,10,3337,1061,621,997,-452,-350,404,1397,719,990,-510
2026-03-31,28,24804,A,26683,22695,1732,6417,9094,23231,0,10,3032,1043,604,1003,-452,-403,403,1374,698,990,-514
2026-03-31,29,24365,A,26198,22228,1762,6417,8968,23231,0,10,2978,1035,498,1003,-452,-357,394,1090,548,990,-514
2026-03-31,30,24356,A,26277,22163,1811,6417,8344,23231,0,10,3149,1029,492,1003,-452,-469,394,1036,540,991,-490
2026-03-31,31,24510,A,26367,22314,1824,6417,7508,23231,0,6,3251,596,526,1003,-452,-411,435,788,580,991,-488
2026-03-31,32,25284,A,27135,23194,1814,6417,6404,23231,0,3,3143,569,536,1003,-452,-383,436,771,587,991,-513
2026-03-31,33,26608,A,28395,24390,1712,6417,5498,23231,0,3,3034,752,807,898,-422,-375,331,928,709,957,-487
2026-03-31,34,27734,A,29633,25389,1628,6417,4628,23231,0,3,2662,765,827,895,-451,-499,326,977,725,951,-446
2026-03-31,35,29381,A,31143,26924,1507,6417,3537,23231,0,3,2485,680,877,620,-434,-462,29,1350,982,831,-363
2026-03-31,36,30778,A,32745,28281,1382,6417,2554,23231,0,13,2539,669,883,572,-451,-522,3,1397,986,784,-481
2026-03-31,37,30697,A,34113,28079,1374,6417,1651,23231,0,4,2373,502,979,-402,-451,-529,-736,1397,580,-280,-514
2026-03-31,38,31675,A,35269,29004,1275,6417,755,23231,0,0,2301,493,975,-456,-451,-530,-779,1397,565,-364,-514
2026-03-31,39,32458,A,35958,29628,1195,6417,135,23231,0,1,1984,891,597,-519,-452,-529,-606,1397,932,-379,-514
2026-03-31,40,32373,A,35861,29608,1121,6417,1,23231,0,3,2169,925,578,-523,-451,-530,-590,1397,955,-377,-514
2026-03-31,41,32789,A,35246,29860,1056,6417,0,23231,0,3,1919,1390,814,-217,-452,-528,67,1397,995,-243,-514
2026-03-31,42,31854,A,34300,29036,996,6417,0,23231,0,6,2147,1423,828,-205,-451,-530,101,1397,992,-240,-514
2026-03-31,43,30690,A,33917,28011,965,6417,0,23231,0,7,2058,1311,750,-570,-452,-529,-188,1397,832,-467,-514
2026-03-31,44,30075,A,33354,27454,940,6417,0,23231,0,11,2033,1304,745,-585,-451,-530,-201,1397,821,-487,-514
2026-03-31,45,28759,A,32846,26286,992,6417,0,23231,0,12,2129,1342,739,-865,-452,-529,-599,1397,798,-649,-481
2026-03-31,46,27169,A,31221,24854,1002,6417,0,23231,0,9,2016,1343,736,-876,-451,-531,-616,1397,794,-662,-407
2026-03-31,47,25638,A,29690,23489,1041,6417,0,23231,0,9,2244,1221,656,-783,-451,-530,-581,1397,707,-769,-429
2026-03-31,48,24861,A,28983,22737,1075,6417,0,23231,0,9,2231,1215,649,-780,-452,-506,-581,1385,698,-781,-513
2026-04-01,1,24019,A,28762,21892,1030,6417,0,23231,0,9,2436,1009,580,-1004,-451,-406,-907,1239,598,-952,-514
2026-04-01,2,23774,A,28403,21738,1058,6417,0,23231,0,9,2538,998,579,-1014,-452,-255,-920,1217,601,-965,-514
2026-04-01,3,24112,A,28646,22125,1086,6417,0,23231,0,120,2548,1239,682,-1014,-451,-102,-821,1167,923,-1012,-514
2026-04-01,4,24114,A,28653,22306,1157,6417,0,23231,0,164,2889,1254,695,-1014,-452,-60,-818,1144,941,-1017,-514
2026-04-01,5,23803,A,28486,22078,1184,6417,0,23231,0,163,2959,1236,943,-1011,-437,-66,-916,921,875,-1076,-514
2026-04-01,6,23273,A,27912,21588,1250,6417,0,23231,0,163,3066,1236,959,-1010,-451,0,-920,864,870,-1081,-514
2026-04-01,7,22957,A,27400,21343,1229,6417,0,23231,0,40,3238,1355,968,-1015,-367,0,-920,491,861,-1087,-514
2026-04-01,8,22665,A,27030,21102,1247,6417,0,23231,0,6,3255,1363,967,-1015,-322,0,-920,448,862,-1088,-514
2026-04-01,9,22356,A,26818,20762,1233,6417,0,23231,0,6,3126,1155,918,-1015,-320,0,-1018,492,918,-1089,-514
2026-04-01,10,22165,A,26576,20550,1228,6417,0,23231,0,6,3054,1135,900,-1016,-264,0,-1022,527,909,-1091,-512
2026-04-01,11,22267,A,26469,20632,1276,6417,0,23231,0,10,3244,569,370,-1015,-126,-11,-1022,901,469,-1091,-427
2026-04-01,12,22903,A,27137,21175,1365,6417,0,23231,0,9,3137,526,334,-1014,-151,-105,-1022,977,439,-1091,-342
2026-04-01,13,24792,A,28736,22861,1228,6417,0,23231,0,14,3157,361,373,-1014,-53,-19,-1022,1350,368,-1093,-229
2026-04-01,14,26288,A,30386,24230,1260,6417,1,23231,0,17,3142,351,363,-1015,-139,0,-1010,1397,367,-1085,-332
2026-04-01,15,28270,A,31324,25980,1219,6417,98,23231,0,6,3170,525,-107,-920,-135,0,-313,1397,489,-713,-360
2026-04-01,16,29317,A,32452,26878,1264,6417,448,23231,0,6,3199,547,-122,-812,-272,0,-273,1397,504,-666,-484
2026-04-01,17,31513,A,33013,28993,1212,6417,939,23231,0,9,3107,1030,498,349,-402,0,-75,1397,745,125,-514
2026-04-01,18,31713,A,33179,29219,1265,6417,1439,23231,0,9,3230,1072,544,398,-376,0,-67,1397,765,196,-514
2026-04-01,19,32273,A,33516,29783,1289,6417,1892,23231,0,15,3445,1388,668,972,-227,0,244,1397,919,846,-501
2026-04-01,20,31844,A,33005,29418,1441,6417,2328,23231,0,11,3617,1413,680,1003,-147,0,263,1397,930,895,-503
2026-04-01,21,31547,A,32867,29029,1492,6417,2810,23231,0,14,3407,1496,799,1003,-283,0,840,1397,993,984,-523
2026-04-01,22,31128,A,32433,28651,1658,6417,3336,23231,0,10,3356,1502,810,1002,-281,0,868,1394,997,991,-514
2026-04-01,23,30627,A,31883,28249,1725,6417,3796,23231,0,12,3291,1498,922,1001,-230,0,1011,1363,997,991,-514
2026-04-01,24,30142,A,31732,27800,1755,6417,4159,23231,0,201,3287,1498,929,1001,-375,0,1016,1361,998,991,-514
2026-04-01,25,30038,A,31830,27562,1678,6417,4494,23231,0,327,3168,1502,904,1003,-435,-16,1016,1393,998,991,-514
2026-04-01,26,29607,A,31569,27171,1828,6417,4438,23231,0,377,3263,1502,904,1003,-451,-120,1016,1378,997,991,-514
2026-04-01,27,29308,A,31294,26930,1888,6417,4730,23231,0,482,3674,1502,928,1002,-452,-38,1016,1147,998,991,-514
2026-04-01,28,28833,A,31151,26633,1993,6417,4661,23231,0,814,3747,1503,930,1005,-452,-38,1016,1089,997,991,-514
2026-04-01,29,28596,A,30751,26433,1992,6417,4185,23231,0,693,3568,1502,930,1003,-450,-56,997,715,997,991,-456
2026-04-01,30,28572,A,30857,26334,2113,6417,4033,23231,0,918,3856,1502,930,1003,-359,0,996,676,996,991,-508
2026-04-01,31,28909,A,30823,26644,2146,6417,3545,23231,0,696,3922,1502,930,1003,-220,0,996,770,951,991,-498
2026-04-01,32,29709,A,31022,27438,2178,6417,2978,23231,0,350,3877,1502,928,877,-83,-10,975,811,950,937,-370
2026-04-01,33,29691,A,30982,27400,2188,6417,2819,23231,0,17,3543,1504,857,-318,0,55,140,1185,990,-237,-219
2026-04-01,34,30708,A,32036,28369,2192,6417,2239,23231,0,13,3162,1504,856,-356,-38,11,70,1243,993,-347,-74
2026-04-01,35,31794,A,34084,29460,2109,6417,1733,23231,0,9,3056,1506,979,-591,37,0,-728,1380,997,-462,35
2026-04-01,36,32882,A,35337,30491,2173,6417,1101,23231,0,12,2876,1494,976,-602,-9,0,-775,1397,987,-489,-68
2026-04-01,37,32280,A,36096,29747,2069,6417,636,23231,0,14,2681,704,551,-997,-121,0,-908,1397,644,-1056,-220
2026-04-01,38,32716,A,36836,30279,2031,6417,220,23231,0,8,2732,655,523,-1014,-198,-27,-913,1397,627,-1089,-371
2026-04-01,39,33294,A,37687,30755,1876,6417,29,23231,0,7,2683,1154,552,-966,-283,-165,-1018,1397,817,-990,-464
2026-04-01,40,32794,A,37319,30218,1917,6417,0,23231,0,5,2388,1193,563,-964,-297,-316,-1021,1397,833,-971,-451
2026-04-01,41,32647,A,36769,30075,1794,6417,0,23231,0,12,2196,1394,898,-920,-429,-466,-739,1397,969,-543,-513
2026-04-01,42,31979,A,36137,29376,1718,6417,0,23231,0,9,1913,1404,914,-918,-451,-528,-728,1397,969,-510,-514
2026-04-01,43,30958,A,35146,28331,1579,6417,0,23231,0,11,1890,1138,650,-1000,-451,-528,-836,1397,677,-348,-514
2026-04-01,44,29619,A,33806,27000,1501,6417,0,23231,0,11,2135,1117,628,-1004,-451,-527,-839,1397,656,-341,-514
2026-04-01,45,28347,A,32673,25838,1455,6417,0,23231,0,9,2293,858,472,-928,-452,-527,-886,1397,587,-510,-514
2026-04-01,46,26951,A,31276,24557,1420,6417,0,23231,0,9,1908,840,459,-925,-451,-527,-886,1387,579,-513,-514
2026-04-01,47,25609,A,29252,23347,1364,6417,0,23231,0,9,2123,772,396,-909,-451,-527,-524,1261,419,-209,-514
2026-04-01,48,24202,A,27808,22008,1354,6417,0,23231,0,9,1569,768,391,-909,-452,-527,-509,1216,407,-186,-514
2026-04-02,1,24063,A,27390,21798,1314,6417,0,23231,0,9,1091,760,377,-766,-452,-527,-419,843,336,-140,-514
2026-04-02,2,23736,A,27047,21442,1302,6417,0,23231,0,7,1036,760,375,-761,-451,-528,-416,785,332,-134,-514
2026-04-02,3,23807,A,26852,21476,1267,6417,0,23231,0,7,1143,881,358,-634,-452,-528,-383,637,372,-27,-514
2026-04-02,4,24262,A,27310,22026,1292,6417,0,23231,0,26,871,898,364,-630,-452,-527,-382,598,380,-17,-514
2026-04-02,5,23950,A,27481,21709,1301,6417,0,23231,0,355,655,1411,603,-683,-452,-527,-455,338,541,-45,-514
2026-04-02,6,23602,A,27394,21381,1301,6417,0,23231,0,605,479,1451,624,-685,-452,-527,-457,304,553,-52,-514
2026-04-02,7,23634,A,27514,21424,1258,6417,0,23231,0,710,547,1446,801,-598,-452,-527,-396,288,600,-183,-514
2026-04-02,8,23119,A,27028,20846,1240,6417,0,23231,0,715,63,1439,805,-597,-452,-527,-400,303,600,-204,-514
2026-04-02,9,22442,A,27369,20250,1092,6417,0,23231,0,372,-20,988,537,-996,-452,-528,-967,510,498,-598,-514
2026-04-02,10,22326,A,27488,20111,1032,6417,0,23231,0,533,-221,950,513,-1014,-451,-527,-995,566,486,-628,-514
2026-04-02,11,22358,A,27442,20150,960,6417,0,23231,0,313,-169,536,309,-1014,-452,-528,-1021,938,279,-742,-514
2026-04-02,12,23177,A,27965,20835,910,6417,0,23231,0,29,-629,499,290,-1008,-452,-527,-1022,1012,255,-736,-514
2026-04-02,13,25467,A,29640,22963,875,6417,0,23231,0,10,-324,-87,99,-711,-451,-528,-1022,1354,-144,-206,-514
2026-04-02,14,26888,A,31012,24268,823,6417,9,23231,0,12,-257,-147,81,-651,-452,-528,-997,1397,-168,-155,-514
2026-04-02,15,29536,A,32288,26655,763,6417,445,23231,0,10,-377,-390,-126,144,-451,-527,-105,1397,-129,406,-514
2026-04-02,16,30223,A,32792,27196,726,6417,1552,23231,0,9,-458,-324,-112,159,-452,-528,-40,1397,-90,459,-514
2026-04-02,17,31457,A,33461,28216,626,6417,2891,23231,0,11,-1032,1121,820,543,-451,-528,562,1397,904,930,-514
2026-04-02,18,30862,A,32866,27613,586,6417,4104,23231,0,9,-1214,1338,886,527,-452,-529,593,1397,972,964,-514
2026-04-02,19,30122,A,32291,26873,502,6417,5620,23231,0,9,-1272,1490,927,-167,-451,-528,924,1397,995,987,-514
2026-04-02,20,29324,A,31470,26211,437,6417,6737,23231,0,9,-1246,1502,929,-180,-435,-508,937,1397,996,989,-514
2026-04-02,21,28276,A,29979,25294,389,6417,7561,23231,0,9,-1095,1502,929,540,-306,-374,989,1397,996,989,-514
2026-04-02,22,27399,A,28762,24430,370,6417,8509,23231,0,9,-924,1502,929,633,-158,-221,992,1397,997,989,-475
2026-04-02,23,26580,A,27813,23704,344,6417,9460,23231,0,9,-708,1502,929,666,-142,-69,1016,1397,997,989,-513
2026-04-02,24,25943,A,26970,23209,336,6417,10008,23231,0,9,-227,1499,929,667,-31,0,1016,1397,997,988,-487
2026-04-02,25,25285,A,26330,22621,337,6417,11410,23231,0,10,-20,1227,919,574,-36,0,1017,1397,998,989,-499
2026-04-02,26,24180,A,25377,21574,367,6417,12100,23231,0,52,196,1210,919,570,-139,0,1016,1397,997,988,-506
2026-04-02,27,23317,A,25065,20739,389,6417,12854,23231,0,643,165,1484,929,619,-111,0,1002,1397,997,988,-494
2026-04-02,28,22559,A,24460,20073,464,6417,13045,23231,0,873,713,1503,930,621,-26,0,1001,1397,997,999,-502
2026-04-02,29,22063,A,24044,19579,517,6417,13145,23231,0,930,835,1447,920,972,-137,0,780,1397,983,1396,-414
2026-04-02,30,21432,A,23444,18996,667,6417,12471,23231,0,928,1265,1444,920,1001,-84,0,772,1394,982,1416,-500
2026-04-02,31,21466,A,23487,19023,770,6417,11624,23231,0,984,1910,1500,929,588,-54,0,969,1363,996,1125,-483
2026-04-02,32,22086,A,23980,19732,956,6417,10174,23231,0,976,2669,1503,930,538,-76,0,975,1333,996,1101,-342
2026-04-02,33,22982,A,24931,20753,1071,6417,8381,23231,0,948,3721,1504,930,-311,0,0,729,1006,997,991,-190
2026-04-02,34,24821,A,25999,22588,1245,6417,6819,23231,0,241,3740,1496,931,-348,-46,0,690,993,997,981,-43
2026-04-02,35,26796,A,28226,24504,1427,6417,4947,23231,0,11,4225,1136,978,-609,-6,0,-267,1352,984,1082,-37
2026-04-02,36,28566,A,30154,26246,1573,6417,3397,23231,0,11,4145,1100,975,-620,-44,0,-334,1397,974,1096,-79
2026-04-02,37,29479,A,31245,27227,1567,6417,1981,23231,0,5,4096,648,712,-852,-2,0,-407,1397,650,1309,22
2026-04-02,38,30420,A,32194,28131,1695,6417,778,23231,0,3,3411,617,697,-862,0,0,-409,1397,619,1313,109
2026-04-02,39,31411,A,32974,29123,1796,6417,130,23231,0,85,3206,886,781,-865,0,0,-113,1397,273,928,162
2026-04-02,40,32223,A,33790,30039,1933,6417,0,23231,0,99,3681,911,789,-866,18,0,-102,1397,263,894,199
2026-04-02,41,31978,A,33559,29738,2080,6417,0,23231,0,168,3232,1264,888,-909,0,0,-4,1397,660,722,200
2026-04-02,42,31367,A,33032,29215,2257,6417,0,23231,0,255,3051,1285,880,-910,0,0,0,1368,671,713,200
2026-04-02,43,30022,A,31924,28058,2432,6417,0,23231,0,314,3578,694,366,-884,0,0,-204,997,196,856,200
2026-04-02,44,28492,A,30406,26526,2634,6417,0,23231,0,319,3256,643,324,-883,51,0,-212,922,163,848,200
2026-04-02,45,26664,A,28793,24815,2734,6417,0,23231,0,226,3537,143,108,-1008,198,0,-395,548,56,148,200
2026-04-02,46,25721,A,27812,23953,2875,6417,0,23231,0,170,3392,104,90,-1013,190,0,-408,480,52,90,200
2026-04-02,47,23844,A,26773,22384,2926,6417,0,23231,0,168,3662,90,-43,-989,108,-45,-992,199,169,-192,200
2026-04-02,48,22947,A,25962,21552,3027,6417,0,23231,0,228,3540,84,-54,-987,4,-3,-1021,135,170,-222,200
2026-04-03,1,22391,A,26086,21001,3085,6417,0,23231,0,167,3698,-94,-98,-1013,0,0,-1022,-244,-49,-508,200
2026-04-03,2,22101,A,25972,20719,3265,6417,0,23231,0,172,3837,-140,-101,-1015,0,0,-1022,-320,-63,-538,200
2026-04-03,3,22023,A,26481,20714,3323,6417,0,23231,0,172,3914,77,-81,-1014,0,0,-1022,-703,-34,-932,200
2026-04-03,4,21881,A,26438,20696,3433,6417,0,23231,0,170,4195,104,-82,-1014,57,0,-1022,-782,-28,-959,153
2026-04-03,5,21531,A,26394,20399,3494,6417,0,23231,0,28,4363,258,-167,-1015,5,0,-1022,-1172,85,-959,22
2026-04-03,6,20750,A,25749,19687,3640,6417,0,23231,0,12,4447,269,-177,-1015,-10,0,-1022,-1236,89,-960,-67
2026-04-03,7,20219,A,25736,19229,3693,6417,0,23231,0,10,4585,154,-307,-1015,-8,0,-1022,-1429,-16,-997,-213
2026-04-03,8,19644,A,25360,18652,3893,6417,0,23231,0,14,4374,152,-314,-1015,-7,0,-1022,-1453,-31,-1002,-358
2026-04-03,9,19561,A,25483,18522,3829,6417,0,23231,0,15,4345,594,-221,-1014,-16,0,-1022,-1453,-255,-957,-469
2026-04-03,10,19072,A,25085,18065,3956,6417,0,23231,0,115,4243,586,-225,-1014,-113,0,-1022,-1434,-273,-951,-366
2026-04-03,11,18940,A,25520,17907,3833,6417,0,23231,0,194,4353,-563,-584,-1013,-22,0,-1007,-1197,-425,-844,-231
2026-04-03,12,18780,A,25531,17538,3916,6417,0,23231,0,174,3876,-704,-617,-1014,-15,0,-1006,-1136,-443,-825,-317
2026-04-03,13,19949,A,26411,18448,3700,6417,0,23231,0,159,3469,-869,-921,-724,-145,-44,-767,-745,-711,-413,-464
2026-04-03,14,20361,A,27009,18689,3687,6417,2,23231,0,159,3140,-885,-938,-707,-243,-187,-758,-667,-727,-371,-506
2026-04-03,15,21796,A,27652,19935,3582,6417,113,23231,0,158,3074,-1150,-788,-193,-391,-339,-853,-285,-687,119,-512
2026-04-03,16,22492,A,28389,20478,3586,6417,483,23231,0,158,3037,-1118,-758,-172,-451,-485,-857,-237,-647,173,-514
2026-04-03,17,24247,A,27419,21880,3359,6417,880,23231,0,166,2066,124,-56,-177,-451,-468,-624,-216,364,935,-514
2026-04-03,18,24612,A,27653,22078,3349,6417,1308,23231,0,18,2187,298,1,-177,-451,-523,-614,-244,443,987,-514
2026-04-03,19,25659,A,28496,22860,3176,6417,1844,23231,0,11,1709,1387,325,673,-451,-528,-209,-625,816,987,-513
2026-04-03,20,25720,A,28611,22753,3137,6417,2705,23231,0,14,1312,1467,352,819,-451,-527,-182,-703,843,987,-514
2026-04-03,21,25693,A,29286,22742,3207,6417,3434,23231,0,509,1265,1502,515,929,-451,-527,486,-1092,987,987,-514
2026-04-03,22,25640,A,29367,22698,3314,6417,3791,23231,0,587,1430,1504,529,933,-451,-528,521,-1147,997,987,-514
2026-04-03,23,25452,A,29069,22468,3311,6417,4468,23231,0,585,1371,1502,619,1003,-383,-474,646,-1229,996,987,-446
2026-04-03,24,25295,A,28797,22320,3359,6417,4319,23231,0,645,1349,1502,633,1003,-308,-517,651,-1239,996,987,-293
2026-04-03,25,25137,A,28687,22206,3429,6417,4652,23231,0,716,1125,1501,910,1004,-426,-527,973,-1239,996,987,-142
2026-04-03,26,24780,A,28411,21893,3519,6417,4680,23231,0,913,1006,1502,929,1003,-452,-527,985,-1239,997,987,4
2026-04-03,27,24677,A,28389,21797,3650,6417,4929,23231,0,994,1631,1502,929,1003,-452,-527,703,-1239,997,987,121
2026-04-03,28,24323,A,28030,21569,3937,6417,4888,23231,0,989,2015,1502,929,1003,-452,-527,693,-1239,997,987,134
2026-04-03,29,24052,A,27759,21422,4127,6417,5047,23231,0,989,2203,1502,930,1002,-451,-528,985,-1239,997,961,46
2026-04-03,30,23725,A,27432,21249,4305,6417,4616,23231,0,989,2845,1502,929,984,-451,-509,995,-1222,997,944,-36
2026-04-03,31,23195,A,26503,21107,4546,6417,5279,23231,0,981,3576,1503,930,157,-451,-379,686,-997,996,413,20
2026-04-03,32,22815,A,26118,21002,4653,6417,4742,23231,0,1127,3154,1503,930,102,-451,-286,674,-939,997,356,13
2026-04-03,33,22759,A,26819,21089,4779,6417,4078,23231,0,1198,3036,1503,929,-803,-452,-136,479,-553,996,-361,-57
2026-04-03,34,23578,A,27833,21833,4792,6417,3843,23231,0,1264,3126,1503,931,-1014,-452,-30,471,-475,996,-414,-106
2026-04-03,35,24956,A,28549,23014,4677,6417,3147,23231,0,752,2825,1479,988,-988,-452,-122,177,-98,997,-560,-121
2026-04-03,36,25991,A,29184,24060,4568,6417,2481,23231,0,319,2966,1477,991,-988,-449,-216,163,-21,996,-560,-140
2026-04-03,37,26775,A,29691,24906,4490,6417,1631,23231,0,308,2935,1404,967,-937,-367,-270,-227,355,997,-166,-141
2026-04-03,38,26935,A,30083,25037,4299,6417,771,23231,0,308,2954,1399,966,-929,-415,-420,-243,431,996,-122,-211
2026-04-03,39,28335,A,31275,26358,4071,6417,183,23231,0,309,3216,1477,990,-417,-417,-525,-401,805,996,473,-371
2026-04-03,40,28428,A,31493,26468,3936,6417,3,23231,0,307,3292,1481,990,-386,-452,-528,-399,880,989,522,-493
2026-04-03,41,28583,A,30991,26521,3607,6417,0,23231,0,307,3150,1210,919,-107,-452,-528,187,1253,736,826,-514
2026-04-03,42,28139,A,30484,26026,3478,6417,0,23231,0,247,2895,1181,912,-104,-452,-528,219,1301,719,847,-514
2026-04-03,43,27416,A,29736,25428,3297,6417,0,23231,0,154,3048,654,831,-171,-452,-529,647,1314,710,813,-514
2026-04-03,44,27079,A,29402,25010,3254,6417,0,23231,0,154,3050,608,810,-174,-452,-529,665,1286,705,814,-514
2026-04-03,45,25623,A,27777,23672,3117,6417,0,23231,0,160,3020,350,264,525,-452,-529,833,912,551,977,-513
2026-04-03,46,24685,A,26909,22845,2968,6417,0,23231,0,229,3231,336,238,611,-452,-529,837,836,547,990,-514
2026-04-03,47,23256,A,26008,21683,2697,6417,0,23231,0,758,3432,738,662,260,-452,-528,455,464,718,990,-514
2026-04-03,48,22778,A,25855,21087,2559,6417,0,23231,0,1084,3809,777,697,246,-452,-528,441,388,733,990,-513
2026-04-04,1,22755,A,25884,21094,2261,6417,0,23231,0,1136,4008,1315,878,416,-452,-528,756,12,842,980,-513
2026-04-04,2,22648,A,25841,20941,2152,6417,0,23231,0,1135,4206,1359,892,423,-452,-528,768,-65,853,979,-513
2026-04-04,3,22711,A,26282,21098,2037,6417,0,23231,0,1135,4082,1494,986,721,-452,-528,970,-443,988,986,-513
2026-04-04,4,22896,A,26469,21302,1993,6417,0,23231,0,1073,4085,1502,992,729,-452,-528,977,-507,997,986,-513
2026-04-04,5,22336,A,26194,20828,2000,6417,0,23231,0,1143,4210,1503,992,218,-452,-528,996,-722,997,986,-513
2026-04-04,6,21628,A,25453,20230,1953,6417,0,23231,0,1113,4308,1504,992,192,-452,-527,997,-719,997,986,-514
2026-04-04,7,21332,A,24580,19964,1695,6417,0,23231,0,792,4355,1505,992,-125,-452,-528,997,-337,997,986,-514
2026-04-04,8,20848,A,23968,19427,1643,6417,0,23231,0,716,3981,1504,992,-152,-452,-527,997,-260,996,986,-513
2026-04-04,9,20445,A,23604,18965,1498,6417,0,23231,0,208,3499,1505,992,-958,-452,-528,997,118,996,987,-513
2026-04-04,10,20046,A,23221,18529,1438,6417,0,23231,0,168,3221,1505,992,-1013,-452,-528,996,194,997,990,-514
2026-04-04,11,20231,A,23243,18634,1252,6417,0,23231,0,172,2775,1506,992,-846,-452,-528,621,568,997,980,-514
2026-04-04,12,20407,A,23222,18644,1170,6417,0,23231,0,24,2626,1506,992,-839,-452,-486,606,644,997,979,-514
2026-04-04,13,21318,A,24160,19399,1051,6417,0,23231,0,9,2675,1506,992,-860,-452,-507,608,1017,997,986,-514
2026-04-04,14,22029,A,24698,19999,1018,6417,34,23231,0,1,2342,1505,990,-861,-434,-374,609,1085,996,986,-499
2026-04-04,15,22906,A,24822,20763,922,6417,463,23231,0,0,2394,1480,934,-488,-303,-222,982,1363,997,986,-403
2026-04-04,16,23750,A,25387,21542,841,6417,985,23231,0,0,2405,1479,930,-425,-153,-69,997,1397,996,987,-490
2026-04-04,17,24682,A,25640,22316,791,6417,1539,23231,0,0,2121,1502,930,509,-20,0,997,1397,997,986,-438
2026-04-04,18,25072,A,25891,22606,822,6417,2185,23231,0,0,1918,1504,930,618,0,0,997,1397,997,987,-319
2026-04-04,19,25559,A,26390,22945,888,6417,2895,23231,0,0,1840,1503,930,1002,-44,0,1016,1397,997,991,-287
2026-04-04,20,25161,A,25765,22580,1081,6417,3722,23231,0,0,1721,1503,930,1003,-2,0,1017,1368,997,993,-102
2026-04-04,21,25049,A,25631,22443,1244,6417,4517,23231,0,0,1727,1503,930,1003,0,0,1017,994,997,993,-82
2026-04-04,22,24832,A,25340,22158,1486,6417,5047,23231,0,0,1559,1503,914,1003,0,0,1016,918,997,993,-8
2026-04-04,23,24098,A,24621,21428,1748,6417,5285,23231,0,10,1880,1503,9,1003,-13,0,1016,545,997,993,69
2026-04-04,24,23643,A,24160,21038,2150,6417,5540,23231,0,12,2414,1504,-5,1004,28,0,1016,469,997,993,135
2026-04-04,25,23194,A,23779,20469,2442,6417,5720,23231,0,12,2062,1503,-5,1003,-68,0,1016,96,997,993,63
2026-04-04,26,22546,A,23279,19781,2777,6417,5593,23231,0,11,2030,1503,-5,1003,-150,64,1016,19,997,993,-67
2026-04-04,27,22303,A,23761,19411,3123,6417,5822,23231,0,80,1494,1503,-5,1000,-296,75,784,-360,997,992,-217
2026-04-04,28,22044,A,24276,19162,3503,6417,6184,23231,0,463,1298,1504,-5,999,-430,-30,761,-436,997,989,-368
2026-04-04,29,21405,A,24110,18624,3704,6417,5933,23231,0,513,1124,1506,-5,954,-451,64,40,-820,997,989,-416
2026-04-04,30,21381,A,24355,18607,3836,6417,5752,23231,0,661,1093,1502,-4,948,-432,84,0,-893,996,986,-484
2026-04-04,31,21117,A,24418,18433,3921,6417,4969,23231,0,658,1787,1320,-4,473,-303,104,-241,-1201,969,847,-394
2026-04-04,32,21738,A,25089,19099,4206,6417,4004,23231,0,640,2272,1305,-4,432,-220,103,-263,-1239,967,800,-485
2026-04-04,33,22260,A,26678,19825,4433,6417,3303,23231,0,118,3634,1376,-4,-802,-94,100,-980,-1239,995,-225,-456
2026-04-04,34,23710,A,28204,21419,4695,6417,2577,23231,0,17,4125,1382,-1,-1020,-54,17,-1021,-1239,997,-328,-314
2026-04-04,35,25261,A,30461,22933,4798,6417,1964,23231,0,13,4185,1500,26,-1014,0,0,-1021,-1239,997,-1044,-369
2026-04-04,36,26265,A,31786,23913,5004,6417,1351,23231,0,155,3892,1508,-5,-1014,-74,0,-1021,-1239,997,-1089,-424
2026-04-04,37,26961,A,32674,24755,5152,6417,837,23231,0,196,4132,1507,-4,-1015,-203,0,-1022,-1240,997,-1090,-443
2026-04-04,38,27012,A,32855,24942,5242,6417,420,23231,0,310,4060,1507,-4,-1015,-230,0,-1021,-1239,997,-1084,-440
2026-04-04,39,27369,A,32759,25439,5323,6417,96,23231,0,311,4005,1507,-4,-862,-377,0,-807,-1239,994,-872,-418
2026-04-04,40,27215,A,32576,25405,5407,6417,3,23231,0,312,4238,1507,35,-849,-421,0,-799,-1239,995,-845,-396
2026-04-04,41,27469,A,32032,25529,5455,6417,0,23231,0,318,4097,1507,948,-243,-450,0,-1014,-1239,997,-398,-401
2026-04-04,42,26498,A,30984,24751,5499,6417,0,23231,0,298,3651,1508,993,-211,-450,0,-1022,-1239,997,-371,-395
2026-04-04,43,25539,A,30298,23990,5573,6417,0,23231,0,60,4403,1507,993,-528,-450,0,-1022,-1239,997,-525,-435
2026-04-04,44,24697,A,29461,23163,5583,6417,0,23231,0,10,4224,1502,989,-542,-450,0,-1022,-1239,991,-516,-485
2026-04-04,45,23879,A,28419,22299,5564,6417,0,23231,0,11,4309,1160,852,-823,-450,0,-1022,-1239,759,174,-495
2026-04-04,46,22720,A,27287,21182,5521,6417,0,23231,0,11,3926,1064,830,-834,-450,-8,-1012,-1239,734,205,-513
2026-04-04,47,21346,A,25726,19897,5538,6417,0,23231,0,6,4179,-321,380,-574,-436,-86,-351,-1239,377,-353,-514
2026-04-04,48,20122,A,24736,18593,5562,6417,0,23231,0,8,3492,-512,348,-563,-397,-183,-314,-1240,353,-384,-513
2026-04-05,1,19837,A,23429,18308,5463,6417,0,23231,0,10,2862,-293,310,-213,-361,-332,100,-1240,294,-129,-514
2026-04-05,2,19726,A,23449,18121,5292,6417,0,23231,0,53,3281,-276,310,-197,-360,-478,118,-1241,292,-104,-514
2026-04-05,3,19569,A,23509,17956,5264,6417,0,23231,0,800,3679,11,403,393,-360,-526,369,-1240,364,134,-514
2026-04-05,4,19954,A,23898,18572,5225,6417,0,23231,0,892,4055,22,408,446,-360,-438,376,-1240,368,150,-514
2026-04-05,5,19431,A,23387,18137,5197,6417,0,23231,0,890,4104,97,338,452,-360,-411,-41,-1240,319,83,-514
2026-04-05,6,18862,A,22859,17715,5165,6417,0,23231,0,885,3779,96,335,452,-360,-439,-59,-1240,317,78,-514
2026-04-05,7,18393,A,22561,17265,5095,6417,0,23231,0,1000,4137,-54,396,378,-340,-520,66,-1240,348,61,-514
2026-04-05,8,17825,A,21950,16802,5040,6417,0,23231,0,1001,4271,-62,398,375,-340,-468,68,-1240,347,64,-514
2026-04-05,9,17663,A,22431,16648,4963,6417,0,23231,0,994,4316,-368,318,613,-340,-451,-361,-1240,215,214,-514
2026-04-05,10,17342,A,22104,16311,4780,6417,0,23231,0,997,3764,-409,312,580,-340,-382,-379,-1241,207,222,-514
2026-04-05,11,17138,A,22071,16044,4566,6417,0,23231,0,991,3491,-660,303,-96,-340,-370,-222,-1241,215,75,-513
2026-04-05,12,17235,A,22090,16079,4547,6417,0,23231,0,987,3508,-670,306,-104,-340,-283,-216,-1241,221,62,-514
2026-04-05,13,18066,A,22420,16863,4377,6417,0,23231,0,987,3417,-204,447,181,-340,-332,-236,-1241,372,0,-514
2026-04-05,14,18395,A,22668,17191,4305,6417,59,23231,0,972,3617,-160,459,196,-340,-310,-237,-1241,387,0,-513
2026-04-05,15,19263,A,23250,17970,4123,6417,613,23231,0,981,3933,352,537,378,-340,-362,-50,-1240,569,52,-514
2026-04-05,16,19614,A,23666,18324,4068,6417,1580,23231,0,975,4301,424,547,385,-366,-414,-43,-1240,590,64,-514
2026-04-05,17,19909,A,24041,18447,3969,6417,2707,23231,0,974,4131,1147,698,502,-404,-501,147,-1239,888,192,-514
2026-04-05,18,19305,A,23470,17802,3969,6417,4079,23231,0,961,3954,1210,708,506,-444,-507,154,-1239,910,208,-514
2026-04-05,19,19726,A,23890,18026,4079,6417,5376,23231,0,974,3637,1390,693,700,-451,-529,363,-1239,992,469,-471
2026-04-05,20,19178,A,23351,17517,4221,6417,6599,23231,0,961,3624,1404,696,708,-451,-530,371,-1239,996,481,-492
2026-04-05,21,18921,A,23118,17321,4224,6417,7695,23231,0,965,3850,1446,810,810,-451,-529,465,-1239,997,240,-513
2026-04-05,22,18353,A,22543,16668,4296,6417,9080,23231,0,956,3260,1439,813,813,-452,-529,468,-1239,994,224,-514
2026-04-05,23,17932,A,22016,16194,4344,6417,10229,23231,0,944,3032,693,632,948,-413,-474,696,-1239,900,270,-514
2026-04-05,24,17507,A,21673,15652,4466,6417,11545,23231,0,944,2986,641,625,948,-452,-518,705,-1239,897,261,-513
2026-04-05,25,17328,A,21785,15520,4323,6417,12269,23231,0,1006,3164,1061,819,444,-452,-530,1004,-1240,990,-215,-514
2026-04-05,26,17528,A,22250,15756,4477,6417,12488,23231,0,1239,3406,1090,833,424,-452,-529,1016,-1239,995,-250,-513
2026-04-05,27,17226,A,22053,15660,4532,6417,12657,23231,0,1258,3400,1003,876,945,-452,-529,1016,-1240,941,-334,-514
2026-04-05,28,16666,A,21475,15182,4596,6417,12331,23231,0,1235,2824,995,874,966,-452,-528,1016,-1239,939,-341,-514
2026-04-05,29,16415,A,21235,14885,4530,6417,11676,23231,0,1243,2705,938,675,453,-452,-528,988,-1239,948,-344,-514
2026-04-05,30,16290,A,21100,14629,4613,6417,11096,23231,0,1235,2288,929,662,427,-451,-528,985,-1239,942,-343,-514
2026-04-05,31,16472,A,20984,14833,4496,6417,10403,23231,0,1012,2555,586,706,583,-452,-528,676,-1239,744,-267,-514
2026-04-05,32,16637,A,21095,15076,4473,6417,9450,23231,0,968,2912,565,701,565,-451,-528,664,-1240,726,-258,-513
2026-04-05,33,17230,A,21471,15777,4434,6417,8297,23231,0,892,3316,1149,422,104,-452,-528,447,-1240,544,-115,-514
2026-04-05,34,18871,A,22407,17343,4401,6417,7059,23231,0,228,3555,1194,414,102,-452,-527,439,-1222,539,-94,-513
2026-04-05,35,20662,A,23907,18979,4095,6417,5649,23231,0,162,3272,1349,815,-96,-452,-528,230,-993,745,173,-514
2026-04-05,36,21960,A,25155,20226,3883,6417,4420,23231,0,163,3414,1360,843,-104,-452,-528,222,-934,762,215,-514
2026-04-05,37,23912,A,27278,22161,3498,6417,3045,23231,0,167,3366,1366,893,-657,-452,-528,289,-548,872,940,-514
2026-04-05,38,24872,A,28105,23080,3169,6417,1711,23231,0,17,3551,1367,898,-752,-452,-529,302,-469,882,997,-514
2026-04-05,39,26483,A,29435,24615,2926,6417,544,23231,0,8,3484,1495,986,-859,-452,-529,962,-91,990,1255,-513
2026-04-05,40,27393,A,30227,25458,2751,6417,23,23231,0,4,3223,1504,992,-860,-452,-528,997,-14,996,1271,-476
2026-04-05,41,28246,A,31142,26160,2507,6417,0,23231,0,6,3363,1504,992,-897,-452,-528,921,361,997,1214,-513
2026-04-05,42,28112,A,31010,25998,2371,6417,0,23231,0,6,3445,1504,992,-898,-452,-528,918,437,996,1213,-514
2026-04-05,43,27560,A,30377,25444,2101,6417,0,23231,0,1,3229,1505,992,-833,-452,-528,662,809,997,1344,-503
2026-04-05,44,26997,A,29797,24881,1973,6417,0,23231,0,1,3004,1505,992,-830,-452,-528,653,885,997,1345,-489
2026-04-05,45,26190,A,28984,24185,1944,6417,0,23231,0,4,2950,1504,970,-877,-452,-522,969,1259,997,1014,-439
2026-04-05,46,24970,A,27731,23026,1840,6417,0,23231,0,9,2883,1505,969,-878,-452,-518,982,1311,996,991,-404
2026-04-05,47,23842,A,26567,21915,1731,6417,0,23231,0,10,2555,1505,991,-1003,-383,-451,997,1387,997,991,-378
2026-04-05,48,23037,A,25639,21145,1713,6417,0,23231,0,10,2539,1505,992,-996,-307,-299,998,1397,997,991,-490
2026-04-06,1,23324,A,25248,21297,1667,6417,0,23231,0,6,2213,1505,992,-360,-398,-146,998,1397,997,991,-514
2026-04-06,2,22919,A,24680,20915,1643,6417,0,23231,0,7,2016,1504,992,-322,-402,-16,998,1397,997,991,-514
2026-04-06,3,22538,A,24040,20623,1546,6417,0,23231,0,11,1958,1504,992,-106,-375,0,998,1397,997,991,-510
2026-04-06,4,22965,A,24241,21019,1488,6417,0,23231,0,11,2123,1504,992,-104,-237,0,998,1397,997,991,-424
2026-04-06,5,22522,A,24056,20663,1391,6417,0,23231,0,11,2166,1504,992,-546,-111,0,998,1397,997,991,-366
2026-04-06,6,22002,A,23490,20201,1326,6417,0,23231,0,11,2155,1504,992,-608,-143,0,998,1397,997,991,-226
2026-04-06,7,21830,A,23128,20046,1222,6417,0,23231,0,11,2310,1504,992,-686,-23,0,998,1397,997,991,-78
2026-04-06,8,21627,A,22827,19860,1198,6417,0,23231,0,11,2392,1505,992,-689,0,0,998,1397,997,991,28
2026-04-06,9,21386,A,22689,19585,1155,6417,0,23231,0,11,2352,1505,992,-792,60,0,998,1397,997,991,100
2026-04-06,10,21215,A,22522,19402,1148,6417,0,23231,0,11,2187,1505,992,-796,66,0,998,1397,998,991,100
2026-04-06,11,21649,A,22967,19724,1155,6417,0,23231,0,11,2581,1505,992,-807,181,0,992,1397,997,991,100
2026-04-06,12,21607,A,22926,19569,1123,6417,0,23231,0,11,2390,1505,992,-808,200,0,992,1397,998,991,100
2026-04-06,13,22614,A,23749,20441,1087,6417,0,23231,0,7,2390,1505,992,-628,200,39,998,1397,997,991,100
2026-04-06,14,23287,A,24375,21028,1094,6417,69,23231,0,8,2609,1505,990,-580,200,83,998,1397,997,991,100
2026-04-06,15,24120,A,24628,21751,1034,6417,634,23231,0,8,2320,1504,934,570,200,104,997,1397,997,991,100
2026-04-06,16,24747,A,25255,22187,1026,6417,1554,23231,0,8,2797,1504,930,686,200,104,998,1397,997,991,100
2026-04-06,17,24926,A,25434,22220,966,6417,2820,23231,0,8,2397,1504,930,1002,200,104,997,1397,997,991,100
2026-04-06,18,24223,A,24728,21352,874,6417,4294,23231,0,5,2121,1505,930,1004,200,104,997,1397,997,991,100
2026-04-06,19,23559,A,24063,20656,789,6417,5808,23231,0,4,1974,1504,930,1002,200,104,1016,1397,997,991,100
2026-04-06,20,22158,A,22662,19270,829,6417,7713,23231,0,4,1737,1504,930,1003,200,104,1017,1397,997,991,100
2026-04-06,21,20751,A,21254,17894,878,6417,9554,23231,0,3,1489,1504,930,1002,200,103,1017,1397,997,991,100
2026-04-06,22,19027,A,19699,16219,998,6417,11049,23231,0,172,1221,1504,930,1004,200,70,1016,1397,997,991,100
2026-04-06,23,17898,A,19228,15151,1106,6417,12296,23231,0,830,933,1504,930,1004,200,96,1016,1397,997,991,100
2026-04-06,24,16764,A,18229,14148,1202,6417,13295,23231,0,965,428,1504,930,1003,200,16,1016,1397,997,985,100
2026-04-06,25,16164,A,17717,13623,1312,6417,14051,23231,0,1053,-24,1504,930,1003,200,0,1016,1397,997,764,100
2026-04-06,26,15731,A,17446,13169,1410,6417,14261,23231,0,1215,-494,1504,930,1003,200,0,1016,1397,997,746,77
2026-04-06,27,15411,A,17167,12864,1368,6417,14385,23231,0,1256,-766,1504,930,1003,200,0,1016,1397,997,639,100
2026-04-06,28,14976,A,16737,12494,1456,6417,14243,23231,0,1261,-989,1504,930,1003,200,0,1016,1397,997,620,100
2026-04-06,29,14785,A,16520,12499,1456,6417,13864,23231,0,1235,-1033,1505,930,1003,200,49,997,1397,997,190,100
2026-04-06,30,14966,A,16704,12630,1484,6417,13062,23231,0,1238,-1047,1505,930,1002,199,87,994,1397,997,152,100
2026-04-06,31,15101,A,16980,12830,1490,6417,12081,23231,0,1227,-440,1506,930,499,200,104,604,1397,998,-152,100
2026-04-06,32,16211,A,18045,14040,1556,6417,11021,23231,0,1176,980,1499,930,421,200,99,588,1397,998,-158,100
2026-04-06,33,17677,A,19264,15511,1585,6417,9493,23231,0,1087,1730,1135,930,745,200,104,568,1397,998,366,100
2026-04-06,34,19700,A,21129,17391,1669,6417,8048,23231,0,929,2323,1112,932,758,200,87,569,1397,998,417,100
2026-04-06,35,22349,A,23071,19886,1664,6417,6455,23231,0,222,2632,1474,988,459,200,18,979,1397,997,951,100
2026-04-06,36,24603,A,25186,22006,1649,6417,4777,23231,0,83,3298,1504,992,412,165,98,996,1397,998,999,100
2026-04-06,37,25983,A,27034,23406,1569,6417,3217,23231,0,8,3221,1504,992,-543,32,23,996,1397,997,1398,100
2026-04-06,38,27069,A,28212,24431,1590,6417,1746,23231,0,5,3182,1504,992,-638,7,0,997,1397,997,1426,100
2026-04-06,39,28202,A,29666,25522,1760,6417,579,23231,0,6,3212,1504,992,-951,-7,0,997,1397,997,1426,100
2026-04-06,40,29157,A,30627,26359,1936,6417,33,23231,0,6,3190,1504,992,-964,0,0,997,1397,997,1426,100
2026-04-06,41,29644,A,30872,26831,1986,6417,0,23231,0,6,3343,1503,992,-722,14,0,997,1397,996,1426,100
2026-04-06,42,29133,A,30314,26309,2044,6417,0,23231,0,6,3458,1503,992,-675,0,0,997,1397,996,1420,73
2026-04-06,43,28334,A,28952,25681,2032,6417,0,23231,0,6,3308,1503,992,-106,0,0,997,1397,996,1180,-6
2026-04-06,44,27114,A,27762,24597,2128,6417,0,23231,0,11,3160,1503,992,-104,0,0,997,1397,997,1157,-33
2026-04-06,45,25691,A,26329,23346,2157,6417,0,23231,0,10,3052,1504,992,-128,0,0,997,1397,997,958,62
2026-04-06,46,24225,A,24866,22019,2189,6417,0,23231,0,12,2812,1504,992,-129,0,0,995,1374,997,926,100
2026-04-06,47,22859,A,23715,20970,2246,6417,0,23231,0,13,2987,1506,992,-343,0,0,575,1082,997,263,100
2026-04-06,48,21929,A,22790,20156,2231,6417,0,23231,0,13,2975,1506,992,-348,0,0,560,1032,997,217,100
2026-04-07,1,21748,A,22367,19889,2292,6417,0,23231,0,13,2805,1505,992,-106,0,0,979,860,997,240,100
2026-04-07,2,22003,A,22620,20049,2257,6417,0,23231,0,13,2983,1504,992,-104,0,0,997,850,997,244,100
2026-04-07,3,21867,A,22623,19937,2270,6417,0,23231,0,12,3039,1504,992,-244,0,0,997,983,997,303,100
2026-04-07,4,22407,A,23178,20491,2230,6417,0,23231,0,16,3014,1504,992,-255,0,0,991,986,997,308,100
2026-04-07,5,21788,A,22794,19901,2266,6417,0,23231,0,13,2859,1506,992,-493,0,0,453,827,997,321,67
2026-04-07,6,20983,A,22241,19136,2204,6417,0,23231,0,255,2734,1506,992,-503,0,0,426,790,997,319,65
2026-04-07,7,20410,A,22264,18619,2232,6417,0,23231,0,541,2940,1507,992,-813,0,0,48,566,997,179,3
2026-04-07,8,20024,A,21967,18237,2125,6417,0,23231,0,619,2996,1507,992,-824,0,0,33,535,997,148,54
2026-04-07,9,19923,A,22338,18147,2179,6417,0,23231,0,555,2892,1507,992,-805,0,0,107,502,997,-555,100
2026-04-07,10,19954,A,22669,18155,2052,6417,0,23231,0,796,2822,1507,992,-805,0,0,110,527,997,-614,100
2026-04-07,11,20281,A,23715,18449,2169,6417,0,23231,0,739,2952,1507,992,-1006,0,0,-142,901,997,-1047,100
2026-04-07,12,21171,A,24061,19191,2095,6417,0,23231,0,156,2699,1507,992,-1014,18,0,-154,976,997,-1066,100
2026-04-07,13,22841,A,25635,20711,2131,6417,0,23231,0,8,2396,1508,992,-1014,25,0,-587,1350,997,-685,100
2026-04-07,14,24391,A,26940,22153,2120,6417,116,23231,0,9,2472,1508,990,-886,147,0,-591,1374,997,-563,100
2026-04-07,15,26594,A,27095,24088,2094,6417,1000,23231,0,1,2414,1506,933,325,82,11,146,1087,997,835,72
2026-04-07,16,26823,A,27402,24321,2058,6417,2351,23231,0,0,2892,1506,929,372,-38,0,203,1022,997,990,-41
2026-04-07,17,27460,A,28370,24684,1994,6417,3932,23231,0,0,2958,1503,929,971,-184,-45,953,649,996,990,-181
2026-04-07,18,26593,A,27611,23726,1852,6417,5513,23231,0,0,3057,1504,929,1003,-188,-4,997,574,997,990,-326
2026-04-07,19,25510,A,26555,22611,1763,6417,7092,23231,0,4,3092,1503,929,1002,-101,0,1016,200,997,990,-440
2026-04-07,20,23956,A,25260,21053,1742,6417,8792,23231,0,50,2880,1500,929,1003,-235,-69,1017,124,993,991,-450
2026-04-07,21,22171,A,24491,19460,1831,6417,10355,23231,0,447,3036,1317,930,1002,-387,-220,988,-253,858,990,-513
2026-04-07,22,20651,A,23768,18046,2028,6417,11791,23231,0,952,2810,1295,921,1003,-451,-371,966,-330,853,976,-513
2026-04-07,23,19007,A,22650,16624,2198,6417,12986,23231,0,958,3042,932,591,1003,-451,-507,129,-713,989,434,-514
2026-04-07,24,18182,A,21924,15905,2463,6417,13926,23231,0,956,2972,903,575,1002,-451,-529,82,-792,998,394,-514
2026-04-07,25,17594,A,21714,15439,2657,6417,14508,23231,0,947,2385,1038,816,685,-451,-528,633,-1181,997,287,-513
2026-04-07,26,17400,A,21687,15262,2854,6417,14811,23231,0,1062,1991,1052,833,671,-451,-529,659,-1231,998,258,-514
2026-04-07,27,16914,A,21719,14942,2947,6417,14863,23231,0,1075,1906,1359,833,306,-451,-528,408,-1238,997,-499,-514
2026-04-07,28,16771,A,21643,14876,3077,6417,14554,23231,0,1079,1957,1371,833,285,-452,-528,398,-1239,997,-561,-513
2026-04-07,29,16387,A,21979,14636,3108,6417,13914,23231,0,1067,2668,575,833,-374,-451,-527,110,-1239,998,-920,-514
2026-04-07,30,16367,A,22053,14558,3186,6417,12949,23231,0,1062,2981,509,828,-460,-452,-527,99,-1223,995,-948,-514
2026-04-07,31,16778,A,22936,14959,3028,6417,11735,23231,0,1060,3430,209,660,-1011,-452,-527,71,-1013,903,-1082,-513
2026-04-07,32,17615,A,23728,15761,3054,6417,10236,23231,0,1058,3976,213,655,-1015,-452,-527,63,-956,899,-1091,-514
2026-04-07,33,19413,A,25102,17490,3072,6417,8647,23231,0,598,3910,1242,912,-917,-451,-527,-522,-569,991,-1091,-514
2026-04-07,34,21242,A,26378,19288,3073,6417,6980,23231,0,108,3835,1338,932,-913,-452,-527,-544,-492,997,-1086,-514
2026-04-07,35,23605,A,27359,21467,2925,6417,5442,23231,0,11,3666,1493,988,-757,-451,-527,49,-112,997,-882,-514
2026-04-07,36,25575,A,29243,23413,2817,6417,3764,23231,0,16,3704,1505,992,-752,-451,-527,79,-35,997,-873,-514
2026-04-07,37,27323,A,31411,25160,2700,6417,2350,23231,0,12,3564,1504,992,-1006,-452,-528,118,339,996,-1076,-514
2026-04-07,38,28342,A,32452,26106,2718,6417,1204,23231,0,12,3346,1504,992,-1015,-452,-527,113,414,997,-1090,-514
2026-04-07,39,29241,A,33766,26904,2689,6417,392,23231,0,1,2636,1506,992,-1014,-451,-529,-426,788,997,-1090,-514
2026-04-07,40,29435,A,33950,27089,2665,6417,32,23231,0,0,2458,1506,992,-1002,-451,-530,-446,864,996,-1072,-514
2026-04-07,41,30160,A,32848,27756,2622,6417,0,23231,0,3,2159,1504,992,-292,-452,-529,120,1236,996,-398,-514
2026-04-07,42,29569,A,32156,27240,2485,6417,0,23231,0,0,2008,1504,992,-249,-451,-529,147,1272,996,-344,-514
2026-04-07,43,28881,A,31099,26667,2296,6417,0,23231,0,11,2146,1504,992,-146,-451,-528,280,1139,997,-68,-514
2026-04-07,44,27495,A,29689,25325,2227,6417,0,23231,0,9,2094,1504,992,-142,-452,-528,285,1093,997,-49,-514
2026-04-07,45,25861,A,28065,23743,2146,6417,0,23231,0,5,2041,1505,992,-158,-451,-527,143,720,997,-49,-514
2026-04-07,46,24868,A,27092,22807,2076,6417,0,23231,0,5,2070,1505,992,-168,-452,-527,138,644,997,-58,-514
2026-04-07,47,23253,A,26448,21334,1991,6417,0,23231,0,10,2291,1506,992,-793,-451,-526,-21,271,996,-380,-514
2026-04-07,48,22869,A,26109,20972,1925,6417,0,23231,0,6,2186,1506,993,-823,-452,-527,-22,210,997,-396,-514
2026-04-08,1,22580,A,25086,20639,1770,6417,0,23231,0,7,2229,1504,992,-335,-451,-526,452,20,997,-173,-514
2026-04-08,2,22761,A,25212,20894,1646,6417,0,23231,0,7,2429,1505,992,-304,-451,-527,474,-5,997,-143,-514
2026-04-08,3,23024,A,25028,21069,1506,6417,0,23231,0,7,2284,1504,992,340,-451,-527,650,-5,997,380,-514
2026-04-08,4,22882,A,24885,20982,1432,6417,0,23231,0,6,2248,1505,993,381,-451,-527,657,-5,997,422,-514
2026-04-08,5,22908,A,24913,21084,1266,6417,0,23231,0,8,2393,1504,992,502,-451,-527,910,-5,997,618,-514
2026-04-08,6,22011,A,24015,20076,1207,6417,0,23231,0,8,2111,1504,992,506,-451,-526,920,-5,997,620,-514
2026-04-08,7,21506,A,23618,19640,1077,6417,0,23231,0,115,1900,1504,993,401,-451,-527,994,-5,997,177,-514
2026-04-08,8,21011,A,23137,19165,994,6417,0,23231,0,129,1705,1504,993,383,-451,-527,995,-5,997,126,-514
2026-04-08,9,20762,A,23779,18918,899,6417,0,23231,0,130,2079,1505,992,-390,-451,-527,602,-5,997,-500,-514
2026-04-08,10,20782,A,23869,18844,841,6417,0,23231,0,121,1744,1505,992,-444,-451,-510,553,0,997,-547,-514
2026-04-08,11,21100,A,25011,19121,784,6417,0,23231,0,8,1573,1507,993,-870,-451,-413,-445,44,997,-710,-514
2026-04-08,12,22006,A,26119,19915,742,6417,0,23231,0,10,1235,1507,992,-888,-451,-501,-520,79,997,-729,-514
2026-04-08,13,23593,A,28358,21434,690,6417,0,23231,0,10,1193,1507,992,-974,-451,-431,-935,451,998,-950,-514
2026-04-08,14,24746,A,29249,22561,609,6417,142,23231,0,8,1384,1490,991,-859,-451,-458,-879,527,998,-834,-514
2026-04-08,15,26937,A,28934,24417,498,6417,910,23231,0,8,471,574,925,777,-451,-524,464,901,998,790,-514
2026-04-08,16,27751,A,29751,24672,460,6417,2108,23231,0,8,117,497,920,978,-451,-527,591,977,998,989,-514
2026-04-08,17,27966,A,29967,24884,409,6417,3443,23231,0,8,-181,500,929,1002,-451,-528,980,1350,998,989,-514
2026-04-08,18,26865,A,28866,23980,348,6417,4946,23231,0,8,-510,500,930,1003,-451,-528,997,1397,998,989,-514
2026-04-08,19,25715,A,27719,22788,324,6417,6469,23231,0,11,-664,500,929,1004,-451,-528,1016,1397,999,989,-514
2026-04-08,20,24562,A,26563,21669,308,6417,7968,23231,0,9,-607,500,929,1003,-451,-527,1017,1397,998,989,-514
2026-04-08,21,23062,A,25063,20242,310,6417,9365,23231,0,9,-718,500,929,1002,-451,-527,1016,1397,998,989,-514
2026-04-08,22,21778,A,23779,19057,326,6417,10652,23231,0,9,-499,500,929,1003,-451,-527,1016,1397,998,989,-514
2026-04-08,23,20999,A,23000,18288,349,6417,11633,23231,0,9,-388,499,930,1003,-451,-527,1016,1397,998,989,-514
2026-04-08,24,20401,A,22402,17715,394,6417,12352,23231,0,9,-252,499,930,1003,-451,-527,1016,1397,997,989,-514
2026-04-08,25,20168,A,22170,17538,402,6417,12976,23231,0,9,-530,499,930,1003,-451,-528,1016,1397,997,989,-514
2026-04-08,26,19709,A,21793,17160,461,6417,13307,23231,0,111,-244,500,930,1003,-451,-508,1016,1397,998,989,-514
2026-04-08,27,19103,A,21015,16609,490,6417,13483,23231,0,123,-167,499,930,1004,-440,-378,1016,1397,998,989,-471
2026-04-08,28,18764,A,20653,16425,541,6417,13291,23231,0,126,-33,499,930,1004,-451,-300,1016,1397,998,989,-512
2026-04-08,29,18556,A,20359,16269,555,6417,12898,23231,0,124,41,499,930,1003,-451,-215,997,1397,998,989,-513
2026-04-08,30,18600,A,20303,16329,622,6417,12267,23231,0,123,100,499,930,1002,-452,-193,996,1397,998,989,-435
2026-04-08,31,19379,A,21067,17128,641,6417,11289,23231,0,121,491,499,930,1003,-451,-175,996,1397,998,989,-441
2026-04-08,32,20297,A,21880,18056,719,6417,10097,23231,0,120,837,499,930,1003,-451,-67,996,1368,998,992,-445
2026-04-08,33,21375,A,22840,19120,726,6417,8756,23231,0,14,819,499,930,1003,-451,-32,996,994,997,993,-468
2026-04-08,34,23214,A,24537,20863,722,6417,7218,23231,0,8,704,499,931,999,-430,-5,990,977,998,955,-380
2026-04-08,35,25140,A,26710,22654,693,6417,5590,23231,0,10,1287,500,988,535,-451,-115,468,1350,998,-34,-460
2026-04-08,36,27061,A,28845,24478,693,6417,4085,23231,0,12,1573,500,992,486,-452,-259,443,1397,998,-116,-445
2026-04-08,37,28211,A,30739,25664,655,6417,2703,23231,0,9,1972,500,992,-560,-452,-410,173,1397,998,-206,-391
2026-04-08,38,29301,A,31899,26647,678,6417,1400,23231,0,6,2246,500,992,-661,-452,-400,162,1397,997,-164,-415
2026-04-08,39,30050,A,32776,27251,734,6417,457,23231,0,3,1980,500,991,-1000,-451,-354,312,1397,997,897,-418
2026-04-08,40,31162,A,33789,28434,835,6417,29,23231,0,2,2287,500,992,-886,-451,-351,326,1397,998,1003,-437
2026-04-08,41,31493,A,33386,28805,961,6417,0,23231,0,5,2121,499,992,105,-452,-423,945,1397,998,1398,-513
2026-04-08,42,30632,A,32536,27955,1062,6417,0,23231,0,5,1844,499,991,115,-451,-450,977,1397,998,1416,-498
2026-04-08,43,29565,A,31330,27062,978,6417,0,23231,0,9,1803,498,983,490,-391,-467,877,1397,987,1036,-398
2026-04-08,44,28311,A,30072,26009,1048,6417,0,23231,0,9,1672,498,983,482,-447,-317,874,1397,986,1002,-488
2026-04-08,45,26538,A,28212,24431,967,6417,0,23231,0,8,1716,492,979,3,-450,-202,874,1397,997,720,-514
2026-04-08,46,25018,A,26440,22975,998,6417,0,23231,0,8,1811,491,979,0,-356,-53,874,1397,998,700,-505
2026-04-08,47,23956,A,25291,22078,1002,6417,0,23231,0,8,2167,499,991,376,-340,0,693,1397,998,751,-487
2026-04-08,48,23012,A,24176,21227,977,6417,0,23231,0,8,2344,499,992,421,-241,0,687,1381,998,755,-415
2026-04-09,1,22866,A,24043,21063,904,6417,0,23231,0,6,2343,500,992,440,-171,0,785,1175,998,735,-500
2026-04-09,2,22583,A,23636,20783,952,6417,0,23231,0,7,2591,500,992,440,-46,0,788,1158,998,736,-500
2026-04-09,3,22426,A,23330,20717,1010,6417,0,23231,0,7,2544,499,992,609,0,0,810,1266,997,863,-397
2026-04-09,4,22584,A,23522,20954,1105,6417,0,23231,0,7,2777,500,992,615,0,0,811,1264,998,865,-431
2026-04-09,5,21982,A,23034,20388,1088,6417,0,23231,0,7,2538,499,991,674,-31,0,708,1064,998,592,-514
2026-04-09,6,21343,A,22456,19763,1156,6417,0,23231,0,7,2589,500,992,674,-92,0,705,1010,998,563,-514
2026-04-09,7,20938,A,21992,19358,1068,6417,0,23231,0,7,2798,500,992,341,-33,0,625,638,998,184,-514
2026-04-09,8,20333,A,21300,18841,1061,6417,0,23231,0,7,2899,500,992,319,0,0,619,585,997,157,-460
2026-04-09,9,20042,A,21285,18525,985,6417,0,23231,0,7,3070,501,992,-263,0,0,167,508,997,120,-473
2026-04-09,10,19826,A,21083,18291,1060,6417,0,23231,0,9,3011,501,992,-296,0,0,143,527,998,120,-452
2026-04-09,11,19975,A,22084,18360,1107,6417,0,23231,0,9,2929,502,992,-860,0,0,-349,901,998,226,-391
2026-04-09,12,20748,A,22965,19142,1156,6417,0,23231,0,14,3102,502,991,-888,0,0,-371,976,998,234,-444
2026-04-09,13,22225,A,24314,20499,1159,6417,0,23231,0,14,3138,502,991,-834,0,0,-313,1350,998,248,-428
2026-04-09,14,23839,A,25987,21956,1236,6417,173,23231,0,13,3027,502,990,-750,-69,0,-308,1397,998,267,-508
2026-04-09,15,25718,A,26939,23560,1131,6417,828,23231,0,16,2833,500,934,400,-191,0,132,1397,998,903,-514
2026-04-09,16,26427,A,27712,24080,1131,6417,1651,23231,0,13,2244,500,929,456,-258,0,167,1397,998,948,-514
2026-04-09,17,27277,A,28798,24761,1061,6417,2405,23231,0,163,1359,499,929,861,-344,0,930,1397,998,985,-514
2026-04-09,18,27129,A,28429,24513,1099,6417,3287,23231,0,62,1362,499,929,878,-224,0,974,1397,998,989,-514
2026-04-09,19,26777,A,27874,24046,1052,6417,4067,23231,0,11,1977,499,929,998,-74,0,1015,1397,997,992,-512
2026-04-09,20,26458,A,27399,23737,1204,6417,4651,23231,0,11,2757,499,929,1002,0,0,1017,1397,998,992,-430
2026-04-09,21,26177,A,27163,23498,1342,6417,5227,23231,0,11,2875,499,929,1003,-31,0,1017,1397,998,992,-444
2026-04-09,22,25813,A,26779,23148,1487,6417,5785,23231,0,10,2243,499,929,1003,-144,0,1016,1397,997,992,-312
2026-04-09,23,25562,A,26455,22982,1532,6417,6065,23231,0,10,2240,499,930,1003,-163,0,1016,1397,998,992,-220
2026-04-09,24,25560,A,26232,23044,1673,6417,6146,23231,0,10,2856,499,930,1004,-82,0,1016,1397,998,990,-80
2026-04-09,25,25643,A,26153,23175,1878,6417,5927,23231,0,10,2886,499,930,1003,23,0,1016,1397,998,989,38
2026-04-09,26,25416,A,25926,23052,2259,6417,5842,23231,0,10,2811,499,930,1003,27,63,1016,1393,998,989,98
2026-04-09,27,25235,A,25745,23117,2675,6417,5919,23231,0,10,2724,499,930,1003,13,104,1016,1346,998,989,100
2026-04-09,28,24933,A,25445,23075,2990,6417,5657,23231,0,12,3123,499,930,1003,0,104,1016,1311,997,989,100
2026-04-09,29,25048,A,25785,23354,3207,6417,5207,23231,0,237,2973,499,930,1003,0,104,885,938,997,989,100
2026-04-09,30,25047,A,26309,23352,3480,6417,4910,23231,0,762,2736,499,930,996,19,103,863,862,998,989,100
2026-04-09,31,24793,A,25701,23222,3567,6417,4779,23231,0,405,2759,500,930,401,-3,103,72,490,998,989,100
2026-04-09,32,25071,A,25924,23526,3779,6417,4306,23231,0,352,3036,500,930,369,-1,103,19,413,998,1000,100
2026-04-09,33,25049,A,26211,23557,3697,6417,4010,23231,0,140,3352,502,930,504,65,104,-522,38,998,1396,100
2026-04-09,34,25344,A,26414,23835,3876,6417,3832,23231,0,6,3543,502,932,483,16,104,-548,-16,998,1423,100
2026-04-09,35,25900,A,27009,24360,3746,6417,3443,23231,0,6,3421,501,988,-179,0,39,-318,-106,997,1423,100
2026-04-09,36,26436,A,27571,24883,3730,6417,3243,23231,0,6,3496,501,992,-230,29,0,-312,-87,997,1422,100
2026-04-09,37,26968,A,28984,25293,3591,6417,2477,23231,0,6,3257,502,992,-778,2,0,-732,289,997,1382,57
2026-04-09,38,27501,A,29670,25766,3594,6417,1560,23231,0,6,3034,502,992,-779,-69,-68,-747,353,997,1378,71
2026-04-09,39,28672,A,30466,26974,3510,6417,664,23231,0,5,3027,500,992,-461,-221,-220,-326,571,997,1416,-61
2026-04-09,40,28954,A,31123,27283,3490,6417,59,23231,0,5,3033,500,992,-430,-372,-355,-299,588,997,1419,-208
2026-04-09,41,29596,A,31258,27955,3327,6417,0,23231,0,5,3199,499,992,727,-422,-378,321,453,997,1423,-357
2026-04-09,42,29174,A,30999,27428,3383,6417,0,23231,0,5,3230,500,992,891,-451,-378,354,417,996,1425,-491
2026-04-09,43,28211,A,30069,26594,3178,6417,0,23231,0,13,3275,499,992,237,-451,-379,767,186,997,1426,-515
2026-04-09,44,27073,A,28950,25544,3161,6417,0,23231,0,16,3287,499,992,198,-452,-378,770,127,997,1427,-531
2026-04-09,45,25662,A,28282,24291,3160,6417,0,23231,0,78,3581,500,992,-514,-385,-379,41,-250,997,1426,-514
2026-04-09,46,24478,A,28008,23211,3218,6417,0,23231,0,813,3791,500,992,-598,-331,-447,0,-327,997,1416,-514
2026-04-09,47,22972,A,27444,21895,3063,6417,0,23231,0,989,4139,500,992,-834,-331,-530,-66,-708,997,1014,-514
2026-04-09,48,22110,A,26672,21021,3106,6417,0,23231,0,988,3672,501,992,-844,-331,-531,-68,-787,997,987,-513
2026-04-10,1,22135,A,27015,20745,3031,6417,0,23231,0,853,3517,500,992,-974,-331,-531,46,-1177,997,1019,-514
2026-04-10,2,21997,A,27050,20661,3013,6417,0,23231,0,974,3948,500,992,-979,-331,-531,51,-1224,997,1028,-514
2026-04-10,3,22097,A,27127,20703,3028,6417,0,23231,0,983,3728,500,992,-976,-331,-531,265,-1195,997,1219,-514
2026-04-10,4,21825,A,26927,20515,3101,6417,0,23231,0,1072,3458,499,992,-976,-331,-531,273,-1179,997,1234,-513
2026-04-10,5,21760,A,26879,20558,2750,6417,0,23231,0,1245,3475,500,992,-977,-331,-531,323,-1021,996,1184,-514
2026-04-10,6,21068,A,26205,19849,2732,6417,0,23231,0,1272,3352,499,992,-976,-331,-531,325,-992,996,1171,-535
2026-04-10,7,20711,A,25693,19499,2695,6417,0,23231,0,1278,3188,500,992,-946,-331,-531,295,-882,997,925,-514
2026-04-10,8,20437,A,25404,19205,2564,6417,0,23231,0,1264,2997,499,989,-945,-375,-531,294,-838,996,899,-514
2026-04-10,9,20412,A,24826,19161,2287,6417,0,23231,0,1262,2831,453,878,-703,-452,-531,258,-453,952,621,-513
2026-04-10,10,20451,A,24772,19137,2099,6417,0,23231,0,1255,2737,451,874,-694,-452,-531,256,-375,950,583,-514
2026-04-10,11,20841,A,24789,19361,1805,6417,0,23231,0,910,2398,496,985,-971,-452,-530,440,2,994,-70,-515
2026-04-10,12,21706,A,25226,20053,1618,6417,0,23231,0,444,2335,500,992,-978,-452,-530,422,79,997,-102,-514
2026-04-10,13,23626,A,26739,21738,1376,6417,0,23231,0,170,2270,502,992,-500,-452,-507,-470,451,998,383,-514
2026-04-10,14,25360,A,28209,23198,1271,6417,163,23231,0,35,2088,501,990,-455,-452,-392,-501,527,998,438,-514
2026-04-10,15,27776,A,29696,25413,1082,6417,758,23231,0,5,1617,499,934,94,-452,-449,432,901,998,1182,-514
2026-04-10,16,28614,A,30462,26052,888,6417,1565,23231,0,5,1415,500,930,102,-452,-377,494,976,998,1237,-514
2026-04-10,17,29378,A,31164,26711,772,6417,2538,23231,0,5,1614,500,930,416,-452,-315,188,1350,998,1411,-514
2026-04-10,18,28919,A,30528,26168,736,6417,3944,23231,0,5,1152,500,930,451,-437,-171,176,1397,998,1424,-496
2026-04-10,19,28174,A,29550,25309,649,6417,5499,23231,0,5,1127,500,930,694,-310,-161,-35,1397,998,1427,-365
2026-04-10,20,27070,A,28020,24077,595,6417,6873,23231,0,5,1204,500,930,705,-160,-35,-37,1397,999,1420,-213
2026-04-10,21,26246,A,26843,23241,581,6417,7932,23231,0,5,1060,499,930,991,-23,59,519,1397,998,1273,-69
2026-04-10,22,25471,A,25976,22508,582,6417,8701,23231,0,5,974,500,930,1003,9,12,545,1397,999,1251,60
2026-04-10,23,24872,A,25379,21974,600,6417,9494,23231,0,7,1139,499,930,1003,0,64,575,1397,999,813,100
2026-04-10,24,23845,A,24355,20997,624,6417,10319,23231,0,10,998,500,930,1003,0,104,577,1397,999,784,100
2026-04-10,25,23091,A,23599,20402,600,6417,11172,23231,0,8,1071,499,930,1002,0,104,869,1397,999,827,100
2026-04-10,26,22133,A,22641,19676,705,6417,11763,23231,0,8,1181,499,930,1003,0,104,881,1397,998,831,100
2026-04-10,27,21205,A,21722,18825,799,6417,12158,23231,0,17,1147,499,930,1003,69,104,888,1397,998,831,100
2026-04-10,28,20598,A,21285,18253,958,6417,11888,23231,0,187,1286,499,930,1003,157,104,889,1368,998,831,100
2026-04-10,29,20662,A,21475,18336,1050,6417,11057,23231,0,313,1658,499,930,1003,182,103,992,994,998,851,100
2026-04-10,30,21382,A,22497,19031,1302,6417,9788,23231,0,615,2167,499,930,1003,233,104,991,918,998,850,100
2026-04-10,31,21738,A,22905,19695,1479,6417,8276,23231,0,667,2915,500,930,944,200,104,453,545,998,724,100
2026-04-10,32,22913,A,23747,20989,1739,6417,6474,23231,0,334,3617,500,930,829,215,104,429,507,998,700,100
2026-04-10,33,23998,A,24519,22184,1824,6417,4947,23231,0,21,4212,499,930,4,173,104,834,620,998,171,100
2026-04-10,34,25804,A,26308,24023,2118,6417,3612,23231,0,4,4486,499,932,0,159,103,850,622,998,84,100
2026-04-10,35,26629,A,28888,24888,2262,6417,2813,23231,0,1,4698,500,988,-759,82,104,587,465,998,-999,100
2026-04-10,36,27344,A,29882,25670,2428,6417,2199,23231,0,0,4593,500,992,-944,0,74,499,417,998,-1094,100
2026-04-10,37,27870,A,31393,26160,2623,6417,1474,23231,0,0,4646,503,992,-1012,-32,0,-885,43,998,-1094,100
2026-04-10,38,28323,A,31987,26543,2786,6417,820,23231,0,0,4772,519,992,-1015,0,0,-1021,-34,998,-1094,100
2026-04-10,39,28899,A,32944,27090,2890,6417,249,23231,0,4,4753,1432,992,-1015,0,0,-1021,-411,997,-1094,98
2026-04-10,40,29145,A,33256,27404,2994,6417,23,23231,0,5,4834,1509,992,-1014,0,0,-1022,-476,996,-1094,68
2026-04-10,41,28960,A,33295,27258,3198,6417,0,23231,0,5,4878,1470,992,-1014,-1,0,-959,-694,978,-1094,-68
2026-04-10,42,28581,A,33169,26852,3419,6417,0,23231,0,7,4600,1467,992,-1014,-46,0,-957,-752,976,-1094,-218
2026-04-10,43,28026,A,32906,26300,3665,6417,0,23231,0,9,4453,1467,992,-1022,0,0,-815,-1142,996,-1094,-298
2026-04-10,44,26372,A,31357,24791,3803,6417,0,23231,0,9,4519,1460,987,-1015,0,0,-810,-1209,994,-1094,-348
2026-04-10,45,24941,A,30076,23542,3926,6417,0,23231,0,9,4608,965,814,-1013,-17,0,-860,-1424,875,-1094,-218
2026-04-10,46,23963,A,29179,22557,4138,6417,0,23231,0,10,4549,919,790,-1014,0,0,-862,-1451,849,-1094,-285
2026-04-10,47,22301,A,27934,21023,4248,6417,0,23231,0,81,4522,573,353,-1015,-68,0,-1016,-1452,231,-1094,-407
2026-04-10,48,21225,A,27240,20272,4429,6417,0,23231,0,255,4388,534,323,-1014,-168,0,-1022,-1452,196,-1094,-510
2026-04-11,1,20963,A,27066,19928,4486,6417,0,23231,0,322,4390,-1,319,-1016,-183,0,-1022,-1452,317,-1094,-513
2026-04-11,2,20510,A,26959,19363,4607,6417,0,23231,0,593,3908,-37,313,-1016,-282,63,-1022,-1453,322,-1092,-454
2026-04-11,3,20429,A,26951,19428,4673,6417,0,23231,0,966,4251,-15,102,-1014,-159,81,-1022,-1453,211,-1090,-303
2026-04-11,4,20697,A,27256,19785,4773,6417,0,23231,0,1252,4625,-14,90,-1015,-23,1,-1022,-1453,204,-1090,-190
2026-04-11,5,20277,A,26759,19334,4732,6417,0,23231,0,1190,4327,191,164,-1014,0,0,-1022,-1453,230,-1090,-213
2026-04-11,6,19508,A,25810,18543,4740,6417,0,23231,0,1044,4376,221,182,-1015,0,0,-1022,-1453,233,-1090,-178
2026-04-11,7,18872,A,25384,17952,4607,6417,0,23231,0,1292,4122,364,639,-1015,-40,-64,-1022,-1453,279,-1090,-36
2026-04-11,8,18623,A,25264,17737,4513,6417,0,23231,0,1304,4049,376,662,-1015,-42,-215,-1022,-1453,282,-1090,62
2026-04-11,9,18397,A,25148,17464,4333,6417,0,23231,0,1306,4207,456,375,-1014,16,-366,-1022,-1453,286,-1090,100
2026-04-11,10,18024,A,24900,17070,4247,6417,0,23231,0,1293,4143,462,359,-1014,112,-504,-1022,-1453,290,-1090,100
2026-04-11,11,18306,A,25105,17296,4072,6417,0,23231,0,1246,4033,443,479,-1015,23,-473,-1022,-1453,440,-1090,100
2026-04-11,12,18327,A,25153,17244,4050,6417,0,23231,0,1236,3811,449,492,-1014,0,-525,-1022,-1439,450,-1090,84
2026-04-11,13,19337,A,25913,18066,3960,6417,0,23231,0,1091,3271,812,626,-1015,-68,-530,-1020,-1262,501,-1090,100
2026-04-11,14,20005,A,26515,18572,3802,6417,18,23231,0,1020,3610,840,637,-1015,-96,-530,-1020,-1239,505,-1090,100
2026-04-11,15,20945,A,27361,19383,3636,6417,102,23231,0,931,3895,547,692,-1014,-94,-531,-1017,-1239,552,-1090,100
2026-04-11,16,22151,A,27879,20579,3607,6417,386,23231,0,396,4253,531,699,-1005,-3,-490,-1007,-1239,558,-1088,99
2026-04-11,17,24105,A,28471,22238,3562,6417,873,23231,0,325,3951,1101,821,-365,-77,-514,-348,-1239,655,-998,29
2026-04-11,18,24500,A,28767,22417,3619,6417,1539,23231,0,321,3846,1144,827,-321,-229,-417,-300,-1239,665,-940,62
2026-04-11,19,25246,A,28842,23034,3642,6417,2539,23231,0,967,4314,1024,745,775,-381,-507,411,-1239,769,144,-2
2026-04-11,20,24858,A,28795,22650,3667,6417,3791,23231,0,1234,4889,1014,742,972,-405,-530,451,-1239,776,233,-29
2026-04-11,21,24471,A,28648,22368,3638,6417,4808,23231,0,1203,4703,888,825,1002,-424,-531,464,-1239,780,-114,-166
2026-04-11,22,23672,A,28018,21778,3830,6417,5888,23231,0,1214,4848,874,816,1003,-408,-530,466,-1239,782,-139,-316
2026-04-11,23,22677,A,27077,20805,3876,6417,7298,23231,0,1116,4719,456,265,1003,-451,-462,335,-1239,854,-169,-463
2026-04-11,24,21913,A,26301,20061,4165,6417,8476,23231,0,1122,4470,424,229,1002,-452,-382,330,-1239,859,-179,-514
2026-04-11,25,20809,A,25498,19178,4151,6417,9532,23231,0,1043,4389,404,310,1004,-451,-505,535,-1239,840,-438,-513
2026-04-11,26,19579,A,24387,18139,4404,6417,10861,23231,0,1118,4296,398,315,1003,-451,-530,539,-1239,830,-456,-514
2026-04-11,27,18221,A,23074,16968,4448,6417,10765,23231,0,1104,4048,-58,302,1003,-452,-530,107,-1239,514,-456,-514
2026-04-11,28,17578,A,22454,16432,4643,6417,11348,23231,0,1092,4137,-89,299,1001,-452,-530,87,-1239,488,-460,-514
2026-04-11,29,16580,A,21852,15412,4668,6417,11032,23231,0,841,4000,-292,224,597,-451,-530,-296,-1239,271,-610,-513
2026-04-11,30,16067,A,21610,14845,4746,6417,10442,23231,0,1088,4004,-308,208,543,-452,-519,-314,-1239,254,-609,-514
2026-04-11,31,16094,A,21476,14954,4826,6417,10286,23231,0,642,4085,-571,-181,3,-452,-395,-778,-1239,85,-110,-514
2026-04-11,32,16799,A,21635,15636,4915,6417,9180,23231,0,287,4254,-584,-187,0,-406,-244,-798,-1239,83,-78,-513
2026-04-11,33,17618,A,22512,16500,4914,6417,7287,23231,0,11,4123,-87,557,-805,-429,-159,-994,-1239,388,-175,-495
2026-04-11,34,18987,A,23889,17834,4949,6417,6997,23231,0,7,4068,-9,618,-1015,-299,-265,-1001,-1239,423,-205,-362
2026-04-11,35,21408,A,26747,20107,4930,6417,5310,23231,0,2,3899,1206,950,-1014,-148,-167,-1021,-1239,925,-1038,-210
2026-04-11,36,23048,A,27995,21663,4895,6417,4045,23231,0,1,4139,1360,972,-1014,-6,-28,-1022,-1239,958,-1077,-60
2026-04-11,37,24752,A,29090,23393,4753,6417,2847,23231,0,1,4320,832,954,-1015,-21,-53,-1022,-1239,996,-442,-45
2026-04-11,38,26431,A,30777,25053,4694,6417,1588,23231,0,0,4380,789,951,-1014,0,-4,-1022,-1239,997,-399,-168
2026-04-11,39,27449,A,31794,26037,4529,6417,451,23231,0,0,4339,883,868,-1015,0,0,-1022,-1239,945,-439,-130
2026-04-11,40,27851,A,32201,26401,4568,6417,25,23231,0,0,4425,892,860,-1014,0,0,-1022,-1239,936,-432,-143
2026-04-11,41,28083,A,32194,26467,4671,6417,0,23231,0,0,4219,910,795,-1015,-52,0,-1022,-1239,744,-30,-253
2026-04-11,42,27689,A,31828,25988,4894,6417,0,23231,0,1,4045,910,783,-1015,-4,0,-1022,-1239,725,-12,-346
2026-04-11,43,26443,A,31020,24933,4846,6417,0,23231,0,1,4437,844,495,-1014,0,0,-1022,-1240,481,-379,-421
2026-04-11,44,25499,A,30070,23919,4952,6417,0,23231,0,3,4232,832,468,-1014,0,0,-1022,-1239,463,-409,-384
2026-04-11,45,23963,A,28705,22490,5077,6417,0,23231,0,8,4332,237,232,-1014,0,0,-1022,-1239,379,-643,-316
2026-04-11,46,22647,A,27366,21300,5072,6417,0,23231,0,8,4073,184,202,-1015,0,0,-1022,-1253,362,-670,-251
2026-04-11,47,21163,A,27168,19860,4980,6417,0,23231,0,71,4331,-302,-286,-1014,0,0,-1022,-1430,-39,-1067,-274
2026-04-11,48,20559,A,27101,19346,5056,6417,0,23231,0,450,4122,-356,-324,-1014,0,0,-1022,-1453,-79,-1095,-249
2026-04-12,1,20244,A,27130,19004,4932,6417,0,23231,0,218,3978,-276,-479,-1014,0,0,-1022,-1453,-558,-1091,-275
2026-04-12,2,20130,A,26778,18870,4984,6417,0,23231,0,69,4152,-268,-488,-1014,0,0,-1022,-1453,-581,-1091,-162
2026-04-12,3,19847,A,26076,18654,4906,6417,0,23231,0,71,4142,-195,-442,-1016,0,0,-1022,-1453,-315,-1094,-121
2026-04-12,4,20018,A,26133,18928,4940,6417,0,23231,0,71,4277,-194,-440,-1015,0,0,-1022,-1453,-303,-1095,-22
2026-04-12,5,19654,A,26537,18586,4939,6417,0,23231,0,310,4268,-514,-456,-1014,0,0,-1022,-1453,-491,-1095,-28
2026-04-12,6,18849,A,25826,17861,4955,6417,0,23231,0,354,4165,-538,-454,-1014,0,0,-1022,-1453,-502,-1095,-45
2026-04-12,7,18234,A,25055,17388,4882,6417,0,23231,0,349,4387,-565,-363,-1015,0,0,-1022,-1453,-459,-1095,62
2026-04-12,8,18015,A,24828,17125,4907,6417,0,23231,0,348,4214,-565,-356,-1015,0,0,-1022,-1453,-459,-1095,100
2026-04-12,9,17772,A,24550,16949,4943,6417,0,23231,0,351,4098,-430,-350,-1014,0,0,-1022,-1453,-564,-1094,100
2026-04-12,10,17307,A,24097,16548,4916,6417,0,23231,0,352,3940,-424,-354,-1014,0,0,-1022,-1453,-576,-1095,100
2026-04-12,11,17047,A,24398,16313,4727,6417,0,23231,0,294,3862,-727,-511,-1014,0,0,-1022,-1453,-735,-1095,100
2026-04-12,12,16953,A,24209,16162,4651,6417,0,23231,0,289,3576,-744,-520,-887,0,0,-1022,-1453,-746,-1095,100
2026-04-12,13,17562,A,23533,16661,4446,6417,2,23231,0,292,3488,-393,-444,-3,0,0,-1022,-1453,-770,-1094,99
2026-04-12,14,17934,A,23865,17086,4388,6417,318,23231,0,292,3991,-367,-436,0,0,0,-1022,-1453,-770,-1091,52
2026-04-12,15,18478,A,24635,17548,4328,6417,1187,23231,0,290,3852,-763,-320,0,0,0,-1022,-1453,-718,-1091,99
2026-04-12,16,18604,A,24979,17475,4314,6417,2325,23231,0,511,3794,-784,-307,0,0,0,-1022,-1453,-707,-1091,100
2026-04-12,17,19138,A,24643,17884,4240,6417,3494,23231,0,583,3829,-253,-110,0,0,0,-1022,-1453,-493,-1091,100
2026-04-12,18,18649,A,24144,17462,4382,6417,4772,23231,0,637,3952,-216,-97,0,0,0,-1021,-1453,-480,-1091,73
2026-04-12,19,18545,A,24381,17473,4378,6417,5924,23231,0,587,3766,-847,-120,114,0,0,-686,-1453,-504,-1091,-48
2026-04-12,20,18695,A,24345,17642,4391,6417,6753,23231,0,385,3940,-896,-129,124,0,0,-674,-1453,-505,-1091,-17
2026-04-12,21,18718,A,25299,17580,4453,6417,7426,23231,0,656,3702,-870,-392,732,0,0,-1008,-1453,-481,-1091,-130
2026-04-12,22,18578,A,25219,17396,4423,6417,8088,23231,0,688,3751,-868,-403,783,0,0,-1022,-1453,-473,-1091,-143
2026-04-12,23,19258,A,25456,18088,4273,6417,8668,23231,0,688,3890,-888,-144,771,0,0,-1021,-1453,-274,-1091,-139
2026-04-12,24,19012,A,25167,17914,4208,6417,9335,23231,0,632,4061,-880,-115,702,43,0,-1022,-1453,-253,-1091,-209
2026-04-12,25,19400,A,24478,18328,4135,6417,9851,23231,0,574,3856,-80,326,3,1,0,-1022,-1453,58,-1091,-358
2026-04-12,26,19230,A,24402,18226,4076,6417,10370,23231,0,680,3961,-40,357,0,0,0,-1021,-1453,76,-1091,-387
2026-04-12,27,18941,A,24013,17836,3984,6417,10415,23231,0,688,3722,174,401,0,0,0,-1022,-1453,35,-1091,-318
2026-04-12,28,18851,A,23884,17744,3957,6417,10307,23231,0,673,3940,212,394,0,0,0,-1021,-1452,46,-1091,-296
2026-04-12,29,18967,A,24193,17853,3845,6417,10179,23231,0,821,3783,655,66,0,-51,0,-1021,-1453,456,-1091,-289
2026-04-12,30,19287,A,24458,18113,3740,6417,9693,23231,0,832,3792,682,51,0,-77,0,-1022,-1453,483,-1089,-198
2026-04-12,31,19650,A,24911,18428,3607,6417,8907,23231,0,837,3802,177,344,0,-145,0,-1022,-1453,488,-1088,-216
2026-04-12,32,20057,A,25232,18832,3492,6417,8003,23231,0,812,4094,176,380,0,-109,0,-1021,-1453,503,-1088,-192
2026-04-12,33,21498,A,27394,20181,3432,6417,7087,23231,0,487,3820,1374,952,-805,-245,0,-1021,-1453,968,-1091,-294
2026-04-12,34,22647,A,28303,21262,3313,6417,6536,23231,0,112,4192,1498,991,-1015,-244,0,-1022,-1421,997,-1095,-247
2026-04-12,35,24210,A,29377,22720,3093,6417,5271,23231,0,12,4224,1508,992,-1014,-324,0,-937,-1027,997,-1088,-265
2026-04-12,36,25619,A,30566,23980,2865,6417,3913,23231,0,7,4064,1507,989,-1015,-265,0,-934,-948,997,-1087,-191
2026-04-12,37,26756,A,31069,25077,2550,6417,2756,23231,0,9,4068,1368,877,-988,-145,36,-930,-560,997,-1090,-91
2026-04-12,38,27271,A,31776,25612,2322,6417,1590,23231,0,10,3686,1359,872,-987,-251,-65,-924,-482,998,-1081,-205
2026-04-12,39,28320,A,31757,26640,2157,6417,728,23231,0,7,3410,1497,984,-762,-399,-214,-378,-104,997,-718,-355
2026-04-12,40,28432,A,32001,26810,2053,6417,105,23231,0,3,3333,1507,992,-749,-450,-358,-346,-27,997,-677,-459
2026-04-12,41,28937,A,31093,27270,1897,6417,0,23231,0,7,2912,1506,992,-267,-449,-361,241,348,997,-101,-471
2026-04-12,42,29051,A,31308,27176,1806,6417,0,23231,0,7,2718,1506,991,-243,-450,-487,270,423,997,-57,-513
2026-04-12,43,28412,A,30776,26497,1753,6417,0,23231,0,7,2828,1507,981,-365,-450,-528,154,797,997,58,-514
2026-04-12,44,27762,A,30130,25871,1684,6417,0,23231,0,7,2825,1507,980,-370,-450,-527,150,826,998,63,-514
2026-04-12,45,26263,A,28743,24473,1637,6417,0,23231,0,10,2778,1507,969,-376,-450,-527,162,602,997,-103,-514
2026-04-12,46,25142,A,27637,23425,1514,6417,0,23231,0,10,2846,1501,961,-376,-450,-528,162,544,989,-117,-514
2026-04-12,47,23819,A,26472,22151,1438,6417,0,23231,0,11,2935,1174,736,-366,-450,-473,-152,170,695,-187,-514
2026-04-12,48,22982,A,25644,21332,1432,6417,0,23231,0,12,2934,1152,727,-366,-400,-514,-164,119,681,-192,-514
2026-04-13,1,22764,A,25605,21005,1365,6417,0,23231,0,12,2683,1468,974,-595,-380,-424,-224,59,822,-192,-514
2026-04-13,2,22689,A,25450,20866,1358,6417,0,23231,0,12,2588,1493,991,-604,-380,-335,-225,81,836,-191,-514
2026-04-13,3,22842,A,25330,21035,1333,6417,0,23231,0,12,2805,1506,992,-592,-380,-324,129,453,988,-166,-514
2026-04-13,4,22845,A,25175,21243,1332,6417,0,23231,0,12,3014,1507,992,-591,-380,-173,143,529,998,-161,-513
2026-04-13,5,22831,A,24994,21171,1206,6417,0,23231,0,12,2735,1506,992,-599,-380,-144,325,903,997,-14,-514
2026-04-13,6,22142,A,24221,20479,1166,6417,0,23231,0,12,2633,1505,992,-599,-380,-69,331,968,997,-5,-514
2026-04-13,7,22158,A,24196,20411,1041,6417,0,23231,0,11,2514,1506,992,-431,-380,-82,327,1203,997,-120,-514
2026-04-13,8,21970,A,23955,20113,975,6417,0,23231,0,13,2327,1506,992,-424,-380,-25,325,1219,997,-129,-514
2026-04-13,9,21887,A,24183,20031,917,6417,0,23231,0,13,2481,1507,992,-628,-380,-59,24,1045,997,-202,-514
2026-04-13,10,21873,A,24141,19860,879,6417,0,23231,0,13,2256,1507,990,-637,-379,0,0,1047,995,-225,-514
2026-04-13,11,22252,A,26048,20138,794,6417,0,23231,0,9,2343,1460,935,-947,-318,0,-697,1342,909,-870,-455
2026-04-13,12,23186,A,27201,20937,777,6417,0,23231,0,5,2001,1457,931,-962,-402,0,-735,1380,902,-904,-507
2026-04-13,13,25207,A,28633,22835,729,6417,4,23231,0,3,1796,1418,936,-928,-330,0,-543,1396,847,-608,-514
2026-04-13,14,27067,A,30512,24483,711,6417,350,23231,0,3,1848,1406,929,-927,-312,-83,-536,1397,833,-570,-514
2026-04-13,15,28442,A,31399,25718,632,6417,1459,23231,0,2,1786,647,661,-636,-437,-235,-633,1397,500,94,-514
2026-04-13,16,28667,A,31721,25834,595,6417,2955,23231,0,2,1677,599,650,-606,-451,-346,-635,1397,489,140,-514
2026-04-13,17,29154,A,31789,26080,537,6417,4533,23231,0,5,1329,1290,888,-607,-452,-230,-327,1397,859,170,-514
2026-04-13,18,28213,A,30674,25102,474,6417,6163,23231,0,7,1090,1346,905,-597,-451,-77,-315,1397,885,175,-514
2026-04-13,19,28022,A,29858,24988,414,6417,7747,23231,0,7,1211,1106,949,-121,-452,0,-242,1397,960,264,-514
2026-04-13,20,27115,A,28943,24129,448,6417,9184,23231,0,12,1238,1080,950,-109,-452,0,-241,1397,954,270,-514
2026-04-13,21,25497,A,27732,22623,496,6417,10250,23231,0,12,1594,554,830,-106,-451,0,-653,1397,603,217,-513
2026-04-13,22,25118,A,27368,22357,552,6417,10979,23231,0,12,1799,513,822,-105,-452,0,-667,1397,587,211,-514
2026-04-13,23,25320,A,26990,22515,585,6417,11017,23231,0,12,1802,941,834,222,-451,0,-193,1397,776,134,-514
2026-04-13,24,25053,A,26697,22173,610,6417,11236,23231,0,12,1378,974,836,243,-452,0,-167,1397,787,127,-513
2026-04-13,25,25153,A,26474,22283,608,6417,11038,23231,0,11,1345,1002,888,463,-382,0,309,1397,752,66,-428
2026-04-13,26,24809,A,26022,21944,641,6417,11028,23231,0,6,1189,1007,892,471,-296,0,330,1397,750,55,-411
2026-04-13,27,24538,A,25861,21673,669,6417,11147,23231,0,6,1347,1267,941,363,-298,0,280,1397,783,-171,-348
2026-04-13,28,24497,A,25849,21716,712,6417,10942,23231,0,6,1533,1287,946,349,-294,0,265,1392,791,-192,-360
2026-04-13,29,23909,A,26082,21238,716,6417,10633,23231,0,6,1997,1494,989,-95,-211,0,-471,1325,986,-398,-492
2026-04-13,30,24167,A,26441,21475,781,6417,9605,23231,0,6,2001,1509,992,-104,-264,0,-513,1287,998,-400,-487
2026-04-13,31,24224,A,26310,21731,806,6417,8067,23231,0,6,2748,1509,992,-347,-344,0,-500,915,998,56,-389
2026-04-13,32,24726,A,26811,22410,794,6417,7829,23231,0,12,2800,1509,992,-370,-323,0,-499,880,998,85,-381
2026-04-13,33,25994,A,28309,23710,804,6417,7050,23231,0,10,2922,1508,992,-607,-438,-17,-323,1027,998,1,-420
2026-04-13,34,27084,A,29490,24644,798,6417,5697,23231,0,12,2897,1509,992,-617,-450,0,-317,1068,998,0,-510
2026-04-13,35,28121,A,30835,25544,728,6417,4946,23231,0,14,2470,1483,984,-693,-450,0,-543,1360,998,38,-514
2026-04-13,36,29469,A,32196,26884,738,6417,3813,23231,0,15,2535,1473,980,-696,-450,0,-552,1397,996,64,-514
2026-04-13,37,30715,A,33260,27779,672,6417,2466,23231,0,12,2452,977,833,-708,-450,0,-361,1397,961,774,-514
2026-04-13,38,31333,A,33854,28512,666,6417,1459,23231,0,8,2297,937,824,-708,-450,0,-341,1397,960,831,-514
2026-04-13,39,32648,A,34697,29714,690,6417,624,23231,0,7,1897,949,907,-578,-450,0,368,1397,949,1141,-514
2026-04-13,40,32793,A,34805,29626,671,6417,90,23231,0,6,1656,954,915,-541,-451,0,410,1397,950,1165,-514
2026-04-13,41,32880,A,34355,29813,692,6417,0,23231,0,7,1517,1355,969,-3,-451,0,864,1397,975,1232,-514
2026-04-13,42,32547,A,34020,29601,721,6417,0,23231,0,7,1344,1381,972,0,-452,0,884,1397,977,1237,-514
2026-04-13,43,31629,A,33101,28709,708,6417,0,23231,0,6,1338,1061,955,184,-452,0,601,1397,979,1243,-514
2026-04-13,44,30892,A,32364,28005,728,6417,0,23231,0,6,1336,1033,948,196,-452,0,587,1397,972,1236,-514
2026-04-13,45,28889,A,30663,26127,736,6417,0,23231,0,6,1275,950,739,-318,-452,0,143,1397,731,950,-498
2026-04-13,46,27014,A,28666,24342,761,6417,0,23231,0,7,891,946,716,-354,-422,0,124,1387,705,919,-369
2026-04-13,47,25418,A,27145,23113,753,6417,0,23231,0,7,1461,1260,441,-529,-336,0,160,1264,349,515,-355
2026-04-13,48,24934,A,26708,22664,702,6417,0,23231,0,7,1849,1285,423,-535,-242,0,162,1219,323,482,-490
2026-04-14,1,24475,A,26091,22112,708,6417,0,23231,0,7,2056,1288,456,-501,-94,0,-18,845,218,315,-496
2026-04-14,2,24162,A,25561,21801,700,6417,0,23301,0,7,2014,1288,463,-500,-1,0,-24,769,221,302,-367
2026-04-14,3,23945,A,25322,21617,688,6417,0,23301,0,7,1845,1291,675,-530,-36,0,67,396,564,243,-304
2026-04-14,4,24340,A,25566,22002,706,6417,0,23301,0,7,1685,1292,696,-531,0,0,70,328,589,237,-188
2026-04-14,5,24177,A,25451,21872,736,6417,0,23301,0,62,1316,1400,927,-473,0,0,38,68,706,194,-239
2026-04-14,6,23928,A,25093,21582,718,6417,0,23301,0,63,1024,1406,942,-471,0,0,37,33,716,183,-131
2026-04-14,7,22696,A,24281,20319,714,6417,0,23301,0,63,694,1332,907,-645,0,0,-162,-1,805,-96,-118
2026-04-14,8,22619,A,24142,20280,696,6417,0,23301,0,63,744,1325,896,-652,0,0,-170,8,803,-121,-17
2026-04-14,9,22470,A,24487,20162,707,6417,0,23301,0,55,995,1231,604,-826,0,0,-335,178,507,-301,26
2026-04-14,10,22595,A,24606,20288,740,6417,0,23301,0,3,980,1221,580,-832,0,0,-348,228,486,-328,35
2026-04-14,11,22338,A,25600,19994,819,6417,0,23301,0,12,1160,999,442,-952,0,0,-942,602,387,-856,100
2026-04-14,12,22950,A,26165,20574,838,6417,0,23301,0,15,1171,975,421,-841,27,0,-971,677,380,-888,100
2026-04-14,13,24754,A,26685,22314,901,6417,11,23301,0,8,1164,440,27,-3,72,0,-681,1050,370,-739,100
2026-04-14,14,26380,A,28280,23851,947,6417,456,23301,0,3,1242,404,20,0,29,0,-670,1112,372,-727,100
2026-04-14,15,28094,A,29864,25371,1008,6417,1369,23301,0,7,1004,952,736,194,0,0,-595,1315,453,-668,30
2026-04-14,16,28619,A,30465,25731,1012,6417,2476,23301,0,8,767,1005,790,209,-68,0,-562,1313,473,-641,-67
2026-04-14,17,29558,A,30499,26422,969,6417,3709,23301,0,8,193,1470,979,418,-220,0,397,961,966,141,-213
2026-04-14,18,29210,A,30414,26080,910,6417,4943,23301,0,13,266,1506,992,450,-333,0,463,888,997,210,-358
2026-04-14,19,28879,A,30222,25739,942,6417,6058,23301,0,13,399,1505,992,858,-340,0,727,515,998,739,-490
2026-04-14,20,27701,A,29007,24563,1063,6417,7170,23301,0,10,546,1505,992,857,-283,0,737,439,998,780,-513
2026-04-14,21,26519,A,27789,23559,1239,6417,7915,23301,0,7,868,1506,992,998,-249,0,490,65,998,960,-514
2026-04-14,22,25780,A,27054,22904,1424,6417,8466,23301,0,7,1254,1504,992,1003,-254,0,480,17,997,967,-513
2026-04-14,23,24985,A,26337,22211,1607,6417,8835,23301,0,7,1653,1505,992,1003,-329,0,387,-2,997,762,-514
2026-04-14,24,24803,A,26160,22125,1853,6417,8847,23301,0,7,2351,1505,992,1003,-331,0,383,-5,998,751,-514
2026-04-14,25,25029,A,26468,22416,1972,6417,8746,23301,0,89,2635,1506,992,955,-331,0,335,-5,998,931,-514
2026-04-14,26,24741,A,26261,22216,2177,6417,8553,23301,0,165,2685,1505,992,953,-331,0,333,-11,998,943,-513
2026-04-14,27,24858,A,26470,22437,2224,6417,8198,23301,0,170,2879,1505,992,953,-331,0,287,-98,998,903,-513
2026-04-14,28,25030,A,26685,22756,2322,6417,7347,23301,0,172,2920,1505,992,953,-331,0,285,-138,998,875,-514
2026-04-14,29,24936,A,27099,22698,2253,6417,6500,23301,0,276,3117,1505,992,930,-331,0,222,-517,997,-26,-513
2026-04-14,30,25157,A,27459,22969,2300,6417,5801,23301,0,276,3075,1505,992,921,-331,0,219,-576,997,-105,-514
2026-04-14,31,25467,A,28276,23256,2274,6417,4961,23301,0,24,3278,1507,992,322,-331,0,-16,-714,997,-710,-514
2026-04-14,32,26623,A,29513,24375,2298,6417,4165,23301,0,5,3214,1506,992,288,-374,0,-25,-713,997,-760,-513
2026-04-14,33,27384,A,30544,25098,2236,6417,3346,23301,0,60,3192,1507,992,105,-451,0,-78,-487,998,-1070,-514
2026-04-14,34,28696,A,31945,26338,2251,6417,2574,23301,0,161,2957,1507,992,102,-452,0,-101,-429,998,-1092,-514
2026-04-14,35,30027,A,33759,27384,2162,6417,1901,23301,0,159,2780,1509,992,2,-451,0,-966,-51,998,-1091,-514
2026-04-14,36,31297,A,35040,28563,2176,6417,1262,23301,0,160,2935,1508,990,0,-451,0,-1021,-5,996,-1092,-514
2026-04-14,37,32331,A,35928,29629,2173,6417,762,23301,0,15,3094,1369,919,0,-451,0,-1021,-5,910,-1091,-514
2026-04-14,38,32338,A,35947,29713,2217,6417,356,23301,0,3,2939,1358,913,0,-452,0,-1022,-26,903,-1092,-514
2026-04-14,39,32503,A,37068,30033,2230,6417,104,23301,0,2,3171,1328,861,-805,-451,0,-902,-299,855,-1092,-514
2026-04-14,40,32355,A,37113,29910,2345,6417,11,23301,0,10,3088,1313,847,-1013,-390,0,-898,-341,843,-1092,-514
2026-04-14,41,31585,A,36766,29148,2390,6417,0,23301,0,157,3004,589,461,-1014,-441,0,-1018,-445,525,-1092,-514
2026-04-14,42,31176,A,36383,28654,2524,6417,0,23301,0,159,2942,526,423,-1014,-421,0,-1022,-487,502,-1091,-513
2026-04-14,43,30162,A,35695,27698,2530,6417,0,23301,0,162,3230,291,52,-1014,-355,0,-1022,-874,420,-1092,-514
2026-04-14,44,28487,A,34195,26175,2586,6417,0,23301,0,169,3454,280,30,-1015,-445,0,-1022,-952,411,-1092,-513
2026-04-14,45,26903,A,32990,24729,2647,6417,0,23301,0,168,3662,726,132,-1014,-432,0,-1022,-1345,293,-1092,-514
2026-04-14,46,25242,A,31238,23167,2682,6417,0,23301,0,169,3863,766,141,-1014,-301,0,-1022,-1398,292,-1092,-500
2026-04-14,47,23539,A,29478,21496,2693,6417,0,23301,0,167,3791,1085,197,-1013,-278,0,-1022,-1445,537,-1092,-422
2026-04-14,48,22677,A,28540,20759,2713,6417,0,23301,0,174,3839,1104,194,-1014,-302,0,-1022,-1451,545,-1092,-308
2026-04-15,1,22258,A,28206,20296,2730,6417,0,23301,0,282,3714,628,-45,-1015,-302,0,-1022,-1452,297,-1092,-238
2026-04-15,2,22289,A,28201,20342,2795,6417,0,23301,0,283,3668,589,-60,-1015,-288,0,-1022,-1452,285,-1092,-200
2026-04-15,3,22043,A,27902,20149,2768,6417,0,23301,0,285,3780,587,-7,-1014,-286,0,-1022,-1453,387,-1092,-200
2026-04-15,4,21932,A,28067,20179,2851,6417,0,23301,0,554,3869,588,0,-1015,-299,0,-1022,-1453,396,-1092,-200
2026-04-15,5,21665,A,27870,20025,2879,6417,0,23301,0,581,3862,702,109,-1015,-303,0,-1022,-1453,482,-1092,-239
2026-04-15,6,21039,A,27477,19441,2930,6417,0,23301,0,804,3632,706,111,-1015,-302,0,-1022,-1453,488,-1092,-250
2026-04-15,7,20590,A,27207,19054,2842,6417,0,23301,0,870,3830,377,-73,-1015,-302,0,-1022,-1453,481,-1092,-290
2026-04-15,8,20247,A,26888,18765,2951,6417,0,23301,0,872,3746,350,-85,-1015,-302,0,-1022,-1453,475,-1092,-300
2026-04-15,9,19847,A,26560,18463,2826,6417,0,23301,0,865,3762,317,-103,-1015,-302,0,-1022,-1453,297,-1092,-361
2026-04-15,10,19796,A,26537,18380,2922,6417,0,23301,0,851,3818,315,-105,-1016,-302,0,-1022,-1453,283,-1092,-400
2026-04-15,11,20193,A,26379,18844,2864,6417,0,23301,0,277,3925,263,-125,-1015,-302,0,-1022,-1453,161,-1092,-400
2026-04-15,12,20688,A,26761,19342,3002,6417,0,23301,0,167,4092,266,-123,-1013,-302,0,-1022,-1453,157,-1092,-401
2026-04-15,13,22597,A,28577,21087,3187,6417,2,23301,0,166,4062,764,-20,-1014,-318,0,-1022,-1453,315,-1092,-395
2026-04-15,14,24096,A,30261,22549,3250,6417,108,23301,0,161,4206,799,-16,-1015,-430,0,-1022,-1427,329,-1091,-503
2026-04-15,15,25994,A,31889,24374,3158,6417,447,23301,0,158,4454,433,-158,-1014,-452,0,-971,-1103,460,-1025,-514
2026-04-15,16,27214,A,32814,25433,3295,6417,887,23301,0,127,4392,424,-134,-890,-452,0,-916,-1073,483,-995,-513
2026-04-15,17,29177,A,31996,27152,3323,6417,1478,23301,0,28,4161,1414,866,-3,-452,0,275,-1221,964,-102,-513
2026-04-15,18,28851,A,31767,26820,3474,6417,2143,23301,0,165,4231,1506,942,0,-452,0,379,-1239,995,-46,-514
2026-04-15,19,29094,A,32093,26838,3460,6417,2881,23301,0,159,3684,1504,988,587,-452,0,903,-1239,996,-135,-514
2026-04-15,20,28050,A,31089,25849,3625,6417,3768,23301,0,169,3968,1504,992,694,-452,0,928,-1239,997,-165,-514
2026-04-15,21,27115,A,31291,24852,3810,6417,4640,23301,0,436,4151,1504,992,630,-452,0,975,-1239,997,-1035,-514
2026-04-15,22,26515,A,30914,24213,4043,6417,5392,23301,0,605,4231,1503,992,628,-452,0,977,-1239,996,-1090,-513
2026-04-15,23,26113,A,30096,23891,4016,6417,5678,23301,0,326,4129,1503,992,727,-452,0,1015,-1239,997,-953,-513
2026-04-15,24,25495,A,29842,23419,4140,6417,6178,23301,0,697,4040,1503,992,730,-452,0,1016,-1239,997,-945,-514
2026-04-15,25,25722,A,29857,23791,4100,6417,6143,23301,0,514,4001,1503,992,601,-452,0,1016,-1239,996,-985,-445
2026-04-15,26,25786,A,30035,23777,4186,6417,5742,23301,0,751,3753,1500,991,558,-451,0,981,-1239,996,-991,-317
2026-04-15,27,25605,A,30223,23609,4033,6417,5576,23301,0,775,4150,1199,976,-377,-361,0,-37,-1239,998,-1029,-300
2026-04-15,28,25421,A,29644,23473,4025,6417,5336,23301,0,308,4081,1177,976,-430,-308,0,-112,-1239,998,-1033,-293
2026-04-15,29,25460,A,30193,23353,3917,6417,5245,23301,0,378,3878,1438,991,-903,-166,0,-285,-1239,997,-1086,-176
2026-04-15,30,25813,A,30529,23633,4030,6417,4959,23301,0,502,3695,1457,992,-926,-120,0,-293,-1253,997,-1089,-33
2026-04-15,31,25590,A,30782,23595,4108,6417,4650,23301,0,545,4417,1505,992,-1011,-15,0,-667,-1429,997,-1025,63
2026-04-15,32,25904,A,30890,24075,4235,6417,4757,23301,0,318,4680,1509,992,-1014,14,0,-682,-1451,998,-1021,71
2026-04-15,33,25849,A,30328,24047,4098,6417,4450,23301,0,26,4470,1508,992,-996,3,0,-421,-1451,997,-1085,0
2026-04-15,34,26773,A,31302,24860,4143,6417,3947,23301,0,10,4442,1508,992,-997,-60,0,-417,-1452,997,-1093,0
2026-04-15,35,26895,A,31939,24926,4072,6417,3694,23301,0,10,4481,1509,992,-1014,1,0,-963,-1452,997,-1093,-12
2026-04-15,36,27996,A,33227,26031,4022,6417,3110,23301,0,5,4182,1509,991,-1014,-38,0,-988,-1452,997,-1093,-141
2026-04-15,37,28160,A,33528,26027,3989,6417,2377,23301,0,9,3863,1509,949,-1015,0,0,-1021,-1453,970,-1093,-277
2026-04-15,38,28860,A,34247,26605,3839,6417,1542,23301,0,7,3909,1508,946,-1014,0,0,-1022,-1450,968,-1093,-301
2026-04-15,39,29831,A,35182,27581,3637,6417,643,23301,0,2,4212,1444,931,-1016,0,0,-1022,-1418,949,-1093,-300
2026-04-15,40,29837,A,35151,27453,3522,6417,115,23301,0,2,3874,1438,920,-1014,0,0,-1022,-1383,947,-1093,-300
2026-04-15,41,29711,A,34631,27449,3376,6417,0,23301,0,2,3912,1319,555,-1014,0,0,-1022,-989,939,-1093,-300
2026-04-15,42,29451,A,34325,27182,3394,6417,0,23301,0,2,3670,1314,542,-1015,0,0,-1022,-942,940,-1093,-300
2026-04-15,43,29071,A,34042,26906,3371,6417,0,23301,0,2,3731,1494,963,-1014,-72,0,-1022,-974,994,-1093,-294
2026-04-15,44,27566,A,32481,25469,3452,6417,0,23301,0,11,3725,1509,982,-1015,-85,0,-1022,-1009,990,-1093,-180
2026-04-15,45,26036,A,31116,24156,3566,6417,0,23301,0,9,3977,1446,627,-1014,-1,0,-1022,-1402,730,-1093,-39
2026-04-15,46,24495,A,29599,22646,3646,6417,0,23301,0,15,3798,1400,592,-1015,0,0,-1022,-1452,697,-1100,35
2026-04-15,47,22599,A,28142,21011,3518,6417,0,23301,0,276,4264,194,185,-964,0,0,-1020,-1452,173,-1331,72
2026-04-15,48,21800,A,27378,20339,3578,6417,0,23301,0,296,3918,76,155,-962,0,0,-1020,-1453,138,-1347,116
2026-04-16,1,21428,A,27058,19949,3551,6417,0,23301,0,299,3577,-45,104,-965,0,0,-1022,-1452,17,-1347,62
2026-04-16,2,21364,A,27235,19721,3598,6417,0,23301,0,530,3655,-51,103,-965,24,0,-1022,-1453,16,-1350,174
2026-04-16,3,21084,A,27403,19508,3609,6417,0,23301,0,736,3701,-157,182,-1009,12,0,-1022,-1453,251,-1442,177
2026-04-16,4,21174,A,27505,19724,3705,6417,0,23301,0,744,4168,-152,194,-1011,96,0,-1022,-1453,259,-1449,83
2026-04-16,5,20933,A,27301,19609,3662,6417,0,23301,0,922,4128,526,409,-1013,11,0,-1022,-1453,24,-1448,-10
2026-04-16,6,20179,A,26685,18971,3783,6417,0,23301,0,943,4055,602,428,-1015,0,0,-1022,-1453,15,-1449,-124
2026-04-16,7,20130,A,26592,18888,3677,6417,0,23301,0,846,3877,688,614,-995,0,0,-1022,-1453,209,-1449,-197
2026-04-16,8,19829,A,26325,18618,3655,6417,0,23301,0,927,3794,694,622,-994,0,0,-1022,-1453,217,-1448,-152
2026-04-16,9,19367,A,26002,18047,3506,6417,0,23301,0,874,3553,628,464,-1014,-65,0,-1022,-1453,29,-1448,-259
2026-04-16,10,19276,A,25727,18063,3510,6417,0,23301,0,566,3818,610,438,-1015,-38,0,-1022,-1453,6,-1449,-408
2026-04-16,11,19555,A,26111,18544,3323,6417,0,23301,0,73,4103,-96,-94,-1013,0,0,-1022,-1453,-378,-1448,-479
2026-04-16,12,20182,A,27163,19015,3292,6417,0,23301,0,381,3795,-174,-124,-1014,-15,0,-1022,-1422,-392,-1449,-488
2026-04-16,13,22066,A,28260,20758,3094,6417,18,23301,0,580,3819,87,107,-1014,-144,0,-1022,-1027,-89,-1449,-369
2026-04-16,14,23535,A,29574,22173,2980,6417,347,23301,0,370,3546,123,129,-1013,-296,0,-1021,-948,-52,-1445,-394
2026-04-16,15,25720,A,30517,24267,2841,6417,1080,23301,0,123,3181,546,353,-696,-431,0,-673,-560,556,-1308,-506
2026-04-16,16,26620,A,31206,24914,2807,6417,2184,23301,0,15,3329,592,384,-629,-452,0,-649,-537,605,-1290,-514
2026-04-16,17,27390,A,30672,25525,2755,6417,3302,23301,0,14,3387,1435,953,572,-452,0,4,-856,974,-946,-514
2026-04-16,18,26642,A,29962,24653,2846,6417,4663,23301,0,18,3417,1507,992,678,-451,0,39,-926,997,-911,-514
2026-04-16,19,26113,A,29623,23987,2801,6417,5585,23301,0,272,3316,1506,992,895,-452,0,320,-1319,997,-454,-513
2026-04-16,20,25154,A,28836,23227,2811,6417,6750,23301,0,415,3631,1506,992,903,-451,0,331,-1374,997,-428,-514
2026-04-16,21,24095,A,28445,22291,2758,6417,7960,23301,0,779,3738,1506,992,999,-451,0,487,-1443,997,-663,-514
2026-04-16,22,23533,A,28027,21779,2701,6417,8436,23301,0,920,3767,1505,992,1003,-452,0,480,-1453,997,-655,-514
2026-04-16,23,23347,A,27617,21760,2462,6417,8561,23301,0,1110,3625,1507,992,1003,-452,0,-241,-1453,997,213,-514
2026-04-16,24,22891,A,27206,21310,2440,6417,8955,23301,0,1124,3499,1507,991,1003,-451,0,-280,-1453,998,289,-507
2026-04-16,25,22675,A,26615,21216,2292,6417,9458,23301,0,1051,3357,1507,991,1003,-452,0,-10,-1453,997,934,-474
2026-04-16,26,22490,A,26433,21002,2380,6417,10194,23301,0,1115,3142,1506,991,1003,-451,0,13,-1453,997,990,-424
2026-04-16,27,22424,A,26346,20853,2257,6417,9757,23301,0,1106,2961,1504,991,1003,-451,0,706,-1453,997,1378,-412
2026-04-16,28,22342,A,26292,20660,2263,6417,9574,23301,0,1115,2753,1504,991,1003,-451,0,743,-1453,997,1396,-431
2026-04-16,29,22026,A,25664,20425,2061,6417,9409,23301,0,989,2901,1504,991,893,-375,0,930,-1452,997,1063,-322
2026-04-16,30,21946,A,25528,20285,2137,6417,8208,23301,0,1053,3025,1503,991,885,-294,0,937,-1452,997,1000,-283
2026-04-16,31,22106,A,25234,20310,2109,6417,7403,23301,0,613,3255,1504,991,683,-297,0,994,-1452,997,-29,-237
2026-04-16,32,23451,A,26419,21722,2177,6417,6365,23301,0,345,3422,1503,992,674,-200,0,996,-1427,997,-132,-364
2026-04-16,33,24583,A,28053,22719,2110,6417,5297,23301,0,370,3452,1503,991,335,-252,0,996,-1104,996,-925,-319
2026-04-16,34,26552,A,29911,24570,2097,6417,4432,23301,0,11,3421,1503,991,318,-400,0,986,-1060,996,-980,-408
2026-04-16,35,27886,A,31389,25851,2079,6417,3428,23301,0,12,3496,1505,991,105,-451,0,352,-1013,997,-1083,-444
2026-04-16,36,29344,A,32782,27164,1993,6417,2735,23301,0,12,3541,1505,991,102,-429,0,317,-977,997,-1080,-440
2026-04-16,37,30280,A,33144,28109,1882,6417,1809,23301,0,11,3792,1507,992,-363,-301,0,-77,-591,997,-643,-378
2026-04-16,38,30645,A,33396,28292,1741,6417,1001,23301,0,10,3547,1501,992,-410,-281,0,-93,-514,997,-634,-309
2026-04-16,39,31570,A,34959,29252,1643,6417,415,23301,0,1,3655,1148,982,-865,-144,0,-125,-149,987,-1400,-205
2026-04-16,40,31474,A,34829,29223,1596,6417,55,23301,0,3,3252,1119,979,-887,-8,0,-130,-97,981,-1450,-280
2026-04-16,41,31046,A,34916,28941,1621,6417,0,23301,0,3,3298,1246,840,-1010,0,0,-629,-15,816,-1403,-310
2026-04-16,42,30389,A,34239,28117,1663,6417,0,23301,0,3,3083,1254,833,-1014,-6,0,-652,-5,807,-1400,-270
2026-04-16,43,29601,A,33300,27435,1679,6417,0,23301,0,8,3447,1178,927,-972,-61,0,-584,-5,846,-1400,-169
2026-04-16,44,28522,A,32049,26428,1746,6417,0,23301,0,9,3453,1172,931,-972,55,0,-581,-34,846,-1401,-30
2026-04-16,45,27149,A,31166,25176,1798,6417,0,23301,0,9,3846,1213,862,-825,148,0,-827,-412,750,-1444,47
2026-04-16,46,25824,A,29844,23918,1954,6417,0,23301,0,9,4011,1216,852,-820,150,0,-837,-430,740,-1424,100
2026-04-16,47,24076,A,26729,22347,2008,6417,0,23301,0,9,4026,1320,682,-787,150,0,-723,-68,627,-566,100
2026-04-16,48,23033,A,25589,21574,2112,6417,0,23301,0,9,3898,1329,678,-785,150,0,-719,-33,628,-510,100
2026-04-17,1,23044,A,25873,21464,2049,6417,0,23301,0,8,3680,1488,947,-834,150,0,-851,-163,922,-473,100
2026-04-17,2,22832,A,25687,21220,2140,6417,0,23301,0,6,3911,1501,966,-836,150,0,-856,-186,941,-471,100
2026-04-17,3,22726,A,25524,21210,2123,6417,0,23301,0,5,4133,1508,957,-765,150,0,-731,-259,932,-538,97
2026-04-17,4,22622,A,25459,21227,2263,6417,0,23301,0,5,4169,1509,955,-762,150,0,-726,-287,932,-557,100
2026-04-17,5,22066,A,25514,20779,2315,6417,0,23301,0,5,4161,1493,906,-761,150,0,-571,-528,957,-1083,100
2026-04-17,6,21422,A,24973,20189,2455,6417,0,23301,0,8,4207,1491,900,-761,150,0,-568,-588,954,-1126,100
2026-04-17,7,20445,A,25344,19329,2437,6417,0,23301,0,9,3989,1389,812,-1000,150,0,-984,-975,769,-1431,100
2026-04-17,8,20059,A,25081,19035,2567,6417,0,23301,0,8,4024,1374,799,-1009,150,0,-1001,-1051,751,-1453,100
2026-04-17,9,19400,A,24801,18683,2591,6417,0,23301,0,7,4557,876,529,-1014,150,0,-1021,-1406,580,-1453,100
2026-04-17,10,19416,A,24863,18646,2751,6417,0,23301,0,7,4778,829,504,-1013,150,0,-1022,-1451,562,-1454,100
2026-04-17,11,19875,A,25322,18884,2676,6417,0,23301,0,6,4758,477,268,-1014,150,0,-1022,-1452,309,-1453,100
2026-04-17,12,20309,A,25743,19186,2812,6417,0,23301,0,6,4712,453,261,-1015,150,0,-1022,-1443,294,-1448,100
2026-04-17,13,21844,A,27164,20673,2801,6417,13,23301,0,6,4623,1036,589,-1014,150,0,-1022,-1331,349,-1447,100
2026-04-17,14,23104,A,28339,21801,2934,6417,275,23301,0,6,4748,1084,620,-1015,143,0,-1015,-1287,368,-1412,100
2026-04-17,15,25705,A,28772,24266,2912,6417,857,23301,0,6,4414,1479,956,-778,47,0,-432,-894,886,-457,99
2026-04-17,16,26598,A,29504,25004,2999,6417,1406,23301,0,6,4346,1509,980,-768,-53,0,-401,-815,921,-363,21
2026-04-17,17,27994,A,29547,26048,2939,6417,2201,23301,0,12,3779,1507,990,-525,-7,0,18,-430,993,316,-79
2026-04-17,18,27863,A,29329,26006,3165,6417,2945,23301,0,13,3970,1508,991,-489,0,0,50,-408,998,367,-56
2026-04-17,19,27787,A,29027,25825,3190,6417,3666,23301,0,11,3966,1505,991,407,0,0,780,-729,997,537,52
2026-04-17,20,27145,A,28711,25235,3327,6417,4142,23301,0,266,4356,1505,991,466,10,0,821,-800,997,564,100
2026-04-17,21,26373,A,28823,24521,3339,6417,4862,23301,0,760,4300,1506,992,978,0,0,633,-1190,998,1131,100
2026-04-17,22,25590,A,28272,23848,3503,6417,5512,23301,0,943,4668,1506,991,1003,9,0,627,-1239,998,1176,100
2026-04-17,23,24992,A,27727,23296,3538,6417,6372,23301,0,962,4881,1504,992,1003,-34,0,979,-1239,998,1380,100
2026-04-17,24,24919,A,27616,23310,3654,6417,6630,23301,0,958,5095,1504,991,1002,0,0,993,-1239,997,1394,100
2026-04-17,25,24620,A,27312,23015,3607,6417,6736,23301,0,953,4926,1504,991,1003,0,0,915,-1239,998,1398,100
2026-04-17,26,24582,A,27271,22992,3633,6417,6791,23301,0,950,4760,1504,991,1003,0,0,885,-1239,997,1395,100
2026-04-17,27,24267,A,26982,22776,3567,6417,6468,23301,0,937,4640,1507,991,1001,68,0,-39,-1239,998,1300,100
2026-04-17,28,24351,A,27132,22828,3667,6417,5634,23301,0,939,4561,1507,991,989,147,0,-103,-1239,998,1269,100
2026-04-17,29,23793,A,26934,22427,3715,6417,5513,23301,0,936,4493,1508,992,282,150,0,-466,-1239,997,402,100
2026-04-17,30,23719,A,26874,22357,3819,6417,5531,23301,0,935,4446,1508,992,236,150,0,-481,-1239,998,327,100
2026-04-17,31,23160,A,26666,21791,3796,6417,5343,23301,0,801,4368,1508,992,-475,150,0,-399,-1239,997,-92,100
2026-04-17,32,23470,A,26944,22071,3777,6417,4851,23301,0,632,4326,1508,992,-548,150,0,-396,-1253,997,-145,100
2026-04-17,33,23528,A,28029,22118,3755,6417,4841,23301,0,213,4226,1508,992,-865,127,0,-506,-1429,997,-988,100
2026-04-17,34,24380,A,28754,22866,3674,6417,4969,23301,0,9,3883,1508,992,-879,99,0,-512,-1420,998,-1054,100
2026-04-17,35,25185,A,30105,23618,3561,6417,4218,23301,0,12,3937,1509,991,-1067,106,0,-903,-1027,998,-1411,100
2026-04-17,36,26204,A,31088,24644,3369,6417,3214,23301,0,8,3948,1509,991,-1074,130,0,-919,-947,997,-1436,72
2026-04-17,37,26980,A,31610,25438,3263,6417,2332,23301,0,4,3700,1509,992,-1074,13,0,-1018,-560,997,-1445,-29
2026-04-17,38,27245,A,31996,25683,3130,6417,1511,23301,0,5,3479,1509,992,-1075,-68,0,-1022,-483,998,-1446,-152
2026-04-17,39,27558,A,32226,25960,2957,6417,711,23301,0,5,3280,1282,992,-1074,-219,0,-1021,-103,998,-1447,-299
2026-04-17,40,27955,A,32723,26143,2737,6417,149,23301,0,3,3354,1269,987,-1074,-300,0,-1016,-53,992,-1441,-381
2026-04-17,41,28228,A,32153,26292,2636,6417,0,23301,0,4,3165,1435,807,-917,-431,0,-453,-10,802,-1172,-438
2026-04-17,42,28227,A,32158,26175,2575,6417,0,23301,0,4,3129,1448,799,-902,-452,0,-426,-5,792,-1129,-513
2026-04-17,43,28571,A,31002,26568,2521,6417,0,23301,0,5,3123,1494,943,-259,-452,0,-448,-5,843,-248,-514
2026-04-17,44,27355,A,29728,25476,2499,6417,0,23301,0,5,3208,1494,949,-233,-451,0,-449,-27,846,-195,-513
2026-04-17,45,25934,A,29750,24028,2588,6417,0,23301,0,5,3242,1318,788,-898,-451,0,-656,-313,812,-480,-513
2026-04-17,46,24851,A,28821,22986,2534,6417,0,23301,0,6,3216,1305,781,-937,-451,0,-664,-378,814,-520,-514
2026-04-17,47,23412,A,28601,21695,2433,6417,0,23301,0,4,3419,1451,930,-854,-406,0,-917,-758,934,-1236,-514
2026-04-17,48,22523,A,27788,21027,2344,6417,0,23301,0,47,3156,1462,942,-851,-351,0,-923,-801,943,-1278,-514
2026-04-18,1,22185,A,26701,20679,2205,6417,0,23301,0,160,2951,1506,987,-762,-351,0,-442,-744,993,-1044,-513
2026-04-18,2,21956,A,26428,20412,2202,6417,0,23301,0,165,3086,1509,991,-759,-351,0,-421,-735,997,-1027,-514
2026-04-18,3,22055,A,26129,20378,2125,6417,0,23301,0,164,3098,1508,991,-713,-351,0,-174,-704,997,-954,-514
2026-04-18,4,22276,A,26335,20607,2188,6417,0,23301,0,163,3049,1508,991,-711,-351,0,-165,-704,997,-951,-514
2026-04-18,5,21599,A,25885,20098,2063,6417,0,23301,0,165,3134,1508,991,-817,-351,0,-140,-756,997,-1043,-514
2026-04-18,6,20882,A,25209,19571,2105,6417,0,23301,0,164,3325,1508,991,-821,-351,0,-139,-785,997,-1054,-513
2026-04-18,7,20669,A,25470,19375,2020,6417,0,23301,0,159,3309,1507,991,-913,-351,0,-70,-1081,997,-1214,-513
2026-04-18,8,19917,A,24773,18646,2042,6417,0,23301,0,163,3072,1508,991,-918,-351,0,-68,-1114,997,-1228,-514
2026-04-18,9,19577,A,24664,18368,1990,6417,0,23301,0,160,3052,1508,991,-1070,-351,0,-110,-1062,997,-1321,-513
2026-04-18,10,19390,A,24482,18179,1956,6417,0,23301,0,163,3285,1509,991,-1076,-351,0,-113,-1047,997,-1329,-513
2026-04-18,11,19380,A,24788,18140,1849,6417,0,23301,0,168,3270,1509,991,-1069,-351,0,-493,-938,997,-1375,-514
2026-04-18,12,19347,A,24733,18103,1909,6417,0,23301,0,173,3249,1509,991,-1068,-351,0,-508,-894,997,-1378,-514
2026-04-18,13,20237,A,25004,18926,1803,6417,41,23301,0,173,3083,1509,991,-902,-351,0,-503,-507,997,-1317,-514
2026-04-18,14,20704,A,25367,19291,1807,6417,545,23301,0,174,3138,1509,991,-896,-351,0,-503,-429,996,-1296,-514
2026-04-18,15,21487,A,25357,20008,1697,6417,1656,23301,0,173,2982,1509,990,-627,-351,0,-801,-52,997,-852,-514
2026-04-18,16,21383,A,25143,19884,1703,6417,3018,23301,0,170,2734,1510,991,-616,-397,0,-813,-31,997,-719,-514
2026-04-18,17,21568,A,24711,19952,1675,6417,4380,23301,0,173,2661,1509,990,-364,-452,0,-788,-353,998,763,-513
2026-04-18,18,20746,A,24005,19154,1809,6417,5790,23301,0,246,3163,1509,966,-343,-452,0,-787,-418,998,941,-513
2026-04-18,19,20299,A,23895,18591,1921,6417,7235,23301,0,486,3418,1508,59,811,-452,0,-915,-730,998,1370,-513
2026-04-18,20,19473,A,23534,17705,1945,6417,8421,23301,0,876,3730,1508,-1,1028,-452,0,-918,-800,998,1399,-514
2026-04-18,21,18784,A,23060,17047,2001,6417,9651,23301,0,1105,3815,1507,-1,577,-452,0,-515,-1190,998,1399,-513
2026-04-18,22,18433,A,22708,16717,2075,6417,9848,23301,0,1071,3645,1508,-1,523,-452,0,-499,-1239,998,1393,-513
2026-04-18,23,17649,A,22097,15967,2103,6417,10833,23301,0,958,3874,1508,-2,3,-452,0,-783,-1239,998,1161,-514
2026-04-18,24,17430,A,21853,15796,2154,6417,11204,23301,0,920,4002,1508,-4,0,-452,0,-794,-1239,998,1143,-514
2026-04-18,25,17528,A,21734,15914,2111,6417,11385,23301,0,926,4410,1507,-4,417,-452,0,-571,-1239,997,1089,-514
2026-04-18,26,17502,A,21719,15991,2198,6417,11699,23301,0,944,4707,1508,-4,471,-452,0,-564,-1239,998,1083,-514
2026-04-18,27,17266,A,21820,15845,2306,6417,11763,23301,0,948,4689,1508,-4,376,-451,0,-899,-1239,998,966,-513
2026-04-18,28,16835,A,21398,15354,2375,6417,11385,23301,0,947,4546,1508,21,373,-451,0,-912,-1239,997,949,-514
2026-04-18,29,16777,A,21285,15256,2316,6417,11214,23301,0,942,4669,1507,929,192,-451,0,-863,-1239,997,591,-513
2026-04-18,30,16650,A,21157,15157,2400,6417,10821,23301,0,942,4502,1508,991,177,-451,0,-861,-1239,997,556,-514
2026-04-18,31,16700,A,21738,15524,2443,6417,9954,23301,0,798,5215,1508,991,-520,-451,0,-1016,-1239,997,249,-514
2026-04-18,32,17348,A,22038,16133,2500,6417,8999,23301,0,382,4981,1507,991,-605,-451,0,-1021,-1218,997,208,-513
2026-04-18,33,18537,A,23342,17247,2577,6417,7964,23301,0,17,5084,1507,991,-822,-451,0,-1021,-955,997,-526,-513
2026-04-18,34,19892,A,24670,18534,2588,6417,6746,23301,0,12,5005,1507,991,-827,-425,0,-1018,-892,996,-590,-514
2026-04-18,35,21582,A,25390,20144,2478,6417,5700,23301,0,10,4956,1507,991,-313,-302,0,-570,-506,997,-1113,-494
2026-04-18,36,23083,A,26788,21523,2391,6417,4222,23301,0,11,4585,1507,991,-289,-321,0,-551,-429,997,-1147,-457
2026-04-18,37,24749,A,28362,22991,2196,6417,3025,23301,0,14,4427,1507,992,-689,-441,0,-383,-52,997,-1095,-439
2026-04-18,38,25983,A,29527,24155,2022,6417,1975,23301,0,8,4198,1507,992,-708,-451,0,-376,26,997,-1081,-420
2026-04-18,39,26776,A,29989,24886,1868,6417,945,23301,0,8,3821,1507,992,-929,-452,0,-114,399,997,-710,-500
2026-04-18,40,27345,A,30407,25467,1759,6417,188,23301,0,10,3617,1507,992,-826,-451,0,-102,475,997,-668,-505
2026-04-18,41,28021,A,29534,25989,1757,6417,1,23301,0,10,3072,1507,992,186,-451,0,298,849,997,-46,-506
2026-04-18,42,28014,A,29483,25897,1812,6417,0,23301,0,11,3002,1507,992,203,-452,0,315,895,997,2,-506
2026-04-18,43,27348,A,28817,25158,1774,6417,0,23301,0,12,2546,1507,992,379,-451,0,580,891,997,205,-506
2026-04-18,44,26474,A,27947,24281,1739,6417,0,23301,0,15,2538,1506,992,386,-452,0,591,862,998,219,-506
2026-04-18,45,25466,A,26934,23390,1719,6417,0,23301,0,10,2437,1506,992,388,-452,0,590,490,998,122,-506
2026-04-18,46,24370,A,25834,22279,1699,6417,0,23301,0,7,2544,1506,992,375,-451,0,588,414,998,105,-506
2026-04-18,47,22752,A,24604,20795,1651,6417,0,23301,0,7,2727,1507,992,-133,-452,0,212,42,998,-254,-506
2026-04-18,48,22295,A,24185,20411,1593,6417,0,23301,0,7,2648,1507,992,-144,-452,0,197,-5,998,-276,-506
2026-04-19,1,21634,A,23485,19736,1478,6417,0,23301,0,7,2395,1507,992,-229,-451,0,199,-6,997,-152,-506
2026-04-19,2,21457,A,23277,19584,1454,6417,0,23301,0,7,2382,1507,992,-232,-428,0,199,-5,998,-142,-506
2026-04-19,3,21287,A,23016,19427,1378,6417,0,23301,0,9,2084,1507,992,-230,-379,0,288,-5,998,-100,-506
2026-04-19,4,21467,A,23195,19572,1395,6417,0,23301,0,12,2228,1507,992,-230,-381,0,291,-5,997,-94,-506
2026-04-19,5,21277,A,22791,19374,1346,6417,0,23301,0,12,2136,1507,992,-106,-381,0,489,-5,997,-4,-506
2026-04-19,6,20737,A,22246,18827,1306,6417,0,23301,0,12,2067,1508,992,-104,-381,0,496,-6,997,0,-506
2026-04-19,7,20403,A,21866,18589,1201,6417,0,23301,0,12,2018,1507,992,-2,-381,0,541,-14,998,-48,-506
2026-04-19,8,20091,A,21571,18324,1172,6417,0,23301,0,12,1969,1507,992,0,-381,0,543,-25,998,-56,-506
2026-04-19,9,19788,A,21579,18003,1117,6417,0,23301,0,12,2067,1507,992,-99,-381,0,580,-156,997,-137,-506
2026-04-19,10,19394,A,21184,17625,1095,6417,0,23301,0,11,2013,1508,992,-104,-381,0,581,-162,998,-126,-506
2026-04-19,11,19376,A,20798,17601,1024,6417,0,23301,0,13,1816,1507,992,359,-381,0,380,-22,998,458,-506
2026-04-19,12,19363,A,20768,17529,992,6417,0,23301,0,13,1968,1507,992,404,-381,0,372,-5,998,515,-506
2026-04-19,13,20222,A,21627,18319,968,6417,72,23301,0,13,1966,1507,992,754,-381,0,452,-5,998,1093,-506
2026-04-19,14,20200,A,21614,18223,979,6417,778,23301,0,13,1807,1507,992,769,-395,0,455,20,998,1140,-506
2026-04-19,15,20644,A,22129,18674,870,6417,1911,23301,0,27,1665,1507,992,1038,-452,0,277,331,998,1406,-506
2026-04-19,16,20439,A,22304,18396,782,6417,3341,23301,0,407,1803,1507,992,1050,-452,0,281,345,998,1425,-506
2026-04-19,17,20343,A,21914,18222,709,6417,4882,23301,0,113,1350,1507,992,1067,-452,0,939,35,997,1425,-506
2026-04-19,18,19636,A,21357,17527,734,6417,6424,23301,0,228,1180,1507,992,1069,-452,0,974,-35,998,1425,-506
2026-04-19,19,19005,A,21169,16871,687,6417,7971,23301,0,295,1225,1507,992,1059,-451,0,1015,-412,997,1427,-506
2026-04-19,20,18600,A,20648,16549,698,6417,9500,23301,0,119,1306,1507,991,1065,-451,0,1017,-472,997,1428,-506
2026-04-19,21,17323,A,20060,15158,656,6417,10775,23301,0,641,1060,1507,991,1066,-452,0,1016,-638,998,1429,-506
2026-04-19,22,17433,A,20188,15304,672,6417,11696,23301,0,664,1086,1507,991,1057,-452,0,1016,-634,997,1426,-505
2026-04-19,23,17851,A,20296,15652,627,6417,12196,23301,0,660,1052,1506,991,1065,-451,0,1016,-328,997,1425,-506
2026-04-19,24,17163,A,19559,14919,634,6417,12334,23301,0,667,944,1505,992,1066,-452,0,1016,-271,996,1425,-506
2026-04-19,25,18103,A,20255,15865,578,6417,12499,23301,0,661,1038,1505,992,1065,-451,0,1016,-34,996,1425,-506
2026-04-19,26,18462,A,20531,16239,601,6417,12001,23301,0,607,1250,1505,992,1067,-451,0,1016,-5,996,1410,-506
2026-04-19,27,18559,A,20311,16418,563,6417,11734,23301,0,291,1346,1506,992,935,-452,0,783,-4,997,876,-505
2026-04-19,28,18400,A,20179,16255,573,6417,11489,23301,0,321,1364,1506,992,925,-452,0,774,5,997,839,-506
2026-04-19,29,18779,A,20244,16701,551,6417,10962,23301,0,8,1298,1505,992,880,-451,0,799,119,997,839,-506
2026-04-19,30,19065,A,20531,16969,554,6417,10426,23301,0,9,1284,1504,992,878,-451,0,800,163,997,841,-506
2026-04-19,31,19645,A,21113,17461,524,6417,9561,23301,0,10,1381,1504,991,1056,-452,0,989,536,997,935,-506
2026-04-19,32,20853,A,22320,18771,543,6417,8582,23301,0,10,1475,1504,991,1057,-451,0,996,612,997,954,-506
2026-04-19,33,22457,A,23926,20231,540,6417,7727,23301,0,11,1573,1504,992,1059,-452,0,996,985,997,1394,-506
2026-04-19,34,23908,A,25375,21551,568,6417,6724,23301,0,10,1379,1505,992,1057,-451,0,996,1055,997,1425,-506
2026-04-19,35,25744,A,27212,23180,526,6417,5445,23301,0,10,1060,1505,992,1042,-452,0,986,1359,997,1418,-506
2026-04-19,36,27240,A,28709,24642,536,6417,4224,23301,0,11,1145,1505,992,1035,-452,0,980,1397,997,1418,-506
2026-04-19,37,27974,A,29440,25332,516,6417,3021,23301,0,9,1298,1505,991,1057,-451,0,465,1397,997,1418,-506
2026-04-19,38,28202,A,29668,25475,531,6417,1933,23301,0,8,1056,1506,992,1057,-452,0,441,1397,997,1418,-506
2026-04-19,39,28940,A,30406,26278,515,6417,992,23301,0,8,1287,1505,992,750,-452,0,652,1397,997,1421,-506
2026-04-19,40,29513,A,30975,26876,543,6417,242,23301,0,4,1404,1505,992,736,-452,0,660,1397,997,1422,-506
2026-04-19,41,29260,A,30725,26624,536,6417,5,23301,0,7,1162,1505,992,911,-452,0,623,1397,997,1425,-506
2026-04-19,42,29281,A,30744,26659,547,6417,0,23301,0,6,1166,1505,991,917,-451,0,622,1397,997,1425,-506
2026-04-19,43,28792,A,30252,26234,510,6417,0,23301,0,2,704,1504,991,1052,-452,0,944,1397,997,1425,-506
2026-04-19,44,27716,A,29180,25186,481,6417,0,23301,0,6,671,1505,992,1057,-452,0,956,1397,997,1425,-506
2026-04-19,45,26273,A,27740,23899,426,6417,0,23301,0,10,522,1506,992,736,-451,0,668,1397,997,1425,-506
2026-04-19,46,25035,A,26503,22777,425,6417,0,23301,0,11,604,1505,992,724,-451,0,653,1383,997,1422,-506
2026-04-19,47,23676,A,25123,21531,420,6417,0,23301,0,13,551,1507,992,1025,-428,0,151,1206,998,1282,-506
2026-04-19,48,22950,A,24346,20863,427,6417,0,23301,0,12,695,1506,992,1037,-378,0,128,1180,998,1271,-506
2026-04-20,1,22966,A,24362,20832,402,6417,0,23301,0,9,637,1506,991,877,-381,0,365,1135,998,1281,-506
2026-04-20,2,22786,A,24327,20601,390,6417,0,23301,0,154,426,1506,991,871,-381,0,374,1138,997,1284,-506
2026-04-20,3,22543,A,24105,20435,374,6417,0,23301,0,175,362,1506,991,722,-381,0,407,1248,997,1326,-506
2026-04-20,4,22762,A,24319,20705,399,6417,0,23301,0,170,231,1506,991,716,-381,0,408,1259,998,1330,-506
2026-04-20,5,22682,A,24242,20647,376,6417,0,23301,0,173,175,1505,991,804,-381,0,415,1224,998,1350,-506
2026-04-20,6,22268,A,23826,20237,381,6417,0,23301,0,171,167,1506,991,807,-381,0,415,1192,998,1343,-506
2026-04-20,7,21729,A,23141,19730,383,6417,0,23301,0,25,455,1506,991,694,-381,0,388,818,998,1015,-506
2026-04-20,8,21394,A,22798,19458,393,6417,0,23301,0,17,550,1506,991,685,-381,0,388,743,998,977,-506
2026-04-20,9,21200,A,22602,19285,402,6417,0,23301,0,15,821,1506,991,172,-381,0,653,371,998,441,-506
2026-04-20,10,21153,A,22562,19276,401,6417,0,23301,0,22,816,1505,991,145,-381,0,652,336,997,397,-506
2026-04-20,11,21670,A,23432,19742,388,6417,0,23301,0,46,962,1508,991,-315,-376,0,-19,480,998,203,-506
2026-04-20,12,22458,A,24308,20442,397,6417,0,23301,0,15,986,1508,991,-350,-419,0,-60,527,998,192,-506
2026-04-20,13,24476,A,26871,22298,400,6417,78,23301,0,13,965,989,991,-360,-452,0,-564,901,998,306,-506
2026-04-20,14,25841,A,28239,23499,403,6417,680,23301,0,8,1128,498,991,-350,-452,0,-582,976,999,335,-506
2026-04-20,15,27538,A,29057,24984,391,6417,1738,23301,0,7,818,37,991,324,-452,0,-54,1350,1000,1100,-506
2026-04-20,16,27980,A,29459,25282,359,6417,3024,23301,0,10,587,-1,991,375,-451,0,-11,1397,1000,1159,-506
2026-04-20,17,28141,A,29611,25255,311,6417,4391,23301,0,11,-149,-1,991,1025,-452,0,785,1397,999,1407,-506
2026-04-20,18,27246,A,28717,24296,289,6417,6106,23301,0,12,-414,-1,991,1057,-452,0,832,1397,999,1425,-506
2026-04-20,19,26485,A,27953,23497,299,6417,7747,23301,0,9,-485,-1,991,1059,-452,0,1010,1397,999,1425,-506
2026-04-20,20,25230,A,26697,22269,322,6417,9412,23301,0,8,-803,-1,991,1061,-452,0,1016,1397,1000,1425,-506
2026-04-20,21,24126,A,25592,21224,329,6417,10506,23301,0,8,-817,-1,991,1057,-451,0,1016,1397,999,1425,-506
2026-04-20,22,23199,A,24666,20319,351,6417,11444,23301,0,8,-874,-1,991,1058,-452,0,1016,1397,1000,1425,-506
2026-04-20,23,22949,A,24416,20032,334,6417,12175,23301,0,8,-985,-1,991,1061,-452,0,1016,1397,1000,1425,-506
2026-04-20,24,23034,A,24500,20138,361,6417,12017,23301,0,8,-1104,-1,991,1058,-451,0,1016,1397,1000,1425,-506
2026-04-20,25,23178,A,24644,20350,383,6417,11508,23301,0,8,-852,0,991,636,-452,0,1016,1397,1000,1425,-506
2026-04-20,26,23444,A,24910,20655,421,6417,10524,23301,0,8,-763,3,991,619,-452,0,1016,1397,1000,1425,-506
2026-04-20,27,23774,A,25241,21004,418,6417,10396,23301,0,10,-826,450,991,1041,-451,0,1016,1397,999,1424,-506
2026-04-20,28,23840,A,25308,21079,471,6417,9966,23301,0,10,-787,491,991,1061,-452,0,1016,1397,999,1425,-506
2026-04-20,29,23891,A,25358,21180,505,6417,9405,23301,0,10,-775,491,991,958,-451,0,997,1397,999,1424,-506
2026-04-20,30,24225,A,25692,21505,570,6417,8542,23301,0,10,-735,491,991,955,-451,0,996,1368,1000,1424,-506
2026-04-20,31,24090,A,25558,21436,589,6417,7687,23301,0,10,-594,491,991,1053,-452,0,996,994,1000,1425,-506
2026-04-20,32,24894,A,26361,22206,636,6417,7099,23301,0,9,-197,491,991,1057,-452,0,996,963,1000,1424,-506
2026-04-20,33,25990,A,27456,23298,637,6417,6598,23301,0,8,54,491,992,1042,-452,0,892,1167,1000,1424,-506
2026-04-20,34,26965,A,28431,24184,677,6417,5784,23301,0,8,235,491,991,1038,-452,0,884,1206,999,1424,-506
2026-04-20,35,28166,A,29633,25327,765,6417,4973,23301,0,9,523,492,991,613,-452,0,430,1376,999,1401,-506
2026-04-20,36,29343,A,30811,26439,842,6417,3886,23301,0,11,701,491,991,592,-451,0,410,1397,999,1388,-506
2026-04-20,37,29662,A,31129,26845,902,6417,2854,23301,0,9,1312,491,991,178,-452,0,173,1397,999,1049,-506
2026-04-20,38,30851,A,32314,27987,968,6417,1892,23301,0,5,1500,491,991,160,-452,0,165,1397,999,1025,-506
2026-04-20,39,31183,A,32644,28321,969,6417,874,23301,0,4,1136,492,991,469,-451,0,426,1397,999,1022,-506
2026-04-20,40,31339,A,32800,28522,970,6417,193,23301,0,4,1063,491,992,484,-451,0,437,1386,1000,1019,-506
2026-04-20,41,31107,A,32569,28430,960,6417,3,23301,0,5,1176,491,991,834,-451,0,749,1244,999,1085,-506
2026-04-20,42,30933,A,32394,28295,1033,6417,0,23301,0,3,1332,491,992,849,-452,0,761,1197,999,1091,-506
2026-04-20,43,30023,A,31486,27426,1075,6417,0,23301,0,6,1362,491,992,1018,-451,0,819,824,999,1069,-506
2026-04-20,44,28914,A,30379,26359,1148,6417,0,23301,0,7,1348,491,992,1024,-452,0,821,748,999,1060,-506
2026-04-20,45,27290,A,28754,24799,1106,6417,0,23301,0,7,1365,491,991,983,-451,0,687,375,999,805,-506
2026-04-20,46,25461,A,26925,23104,1162,6417,0,23301,0,7,1858,491,991,982,-451,0,683,336,999,778,-506
2026-04-20,47,24473,A,25936,22264,1183,6417,0,23301,0,6,2207,491,991,815,-451,0,985,434,998,445,-506
2026-04-20,48,23761,A,25195,21627,1248,6417,0,23301,0,6,2348,491,992,810,-422,0,997,417,999,409,-506
2026-04-21,1,23037,A,24400,20915,1209,6417,0,23301,0,6,2557,491,992,673,-351,0,950,43,998,61,-506
2026-04-21,2,23232,A,24610,21112,1214,6417,0,23301,0,4,2547,491,992,668,-348,0,948,-20,999,35,-506
2026-04-21,3,23071,A,24603,21017,1215,6417,0,23301,0,4,2531,491,992,786,-312,0,755,-210,998,0,-506
2026-04-21,4,23336,A,24910,21383,1232,6417,0,23301,0,4,2348,491,992,788,-312,0,748,-251,999,-1,-506
2026-04-21,5,22453,A,24355,20472,1222,6417,0,23301,0,4,2283,491,992,383,-312,0,841,-462,999,-118,-506
2026-04-21,6,22064,A,24069,20254,1297,6417,0,23301,0,31,2566,491,992,365,-312,0,845,-518,1000,-138,-506
2026-04-21,7,21638,A,24598,19990,1310,6417,0,23301,0,227,2632,491,992,215,-312,0,900,-904,999,-511,-506
2026-04-21,8,21099,A,24375,19544,1306,6417,0,23301,0,522,2644,491,992,207,-289,0,902,-928,999,-556,-481
2026-04-21,9,20710,A,24152,19142,1313,6417,0,23301,0,265,2509,491,992,-101,-173,0,795,-615,998,-1275,-513
2026-04-21,10,20378,A,24091,18810,1307,6417,0,23301,0,691,2481,491,992,-109,-78,0,760,-545,998,-1323,-467
2026-04-21,11,20560,A,24383,18998,1295,6417,0,23301,0,645,2472,492,992,-689,0,0,-205,-166,998,-1296,-322
2026-04-21,12,21323,A,25013,19631,1345,6417,0,23301,0,431,2602,491,991,-755,0,0,-274,-90,998,-1283,-357
2026-04-21,13,23556,A,26763,21655,1408,6417,80,23301,0,56,2464,492,991,-478,-25,0,-672,287,998,-985,-491
2026-04-21,14,24959,A,28149,23053,1440,6417,522,23301,0,10,2685,487,991,-448,-163,0,-684,362,998,-888,-497
2026-04-21,15,27302,A,28829,25185,1411,6417,1480,23301,0,13,2262,35,991,349,-315,0,-186,735,999,455,-513
2026-04-21,16,27991,A,29553,25728,1462,6417,2577,23301,0,16,1989,-2,991,399,-399,0,-131,752,999,593,-514
2026-04-21,17,27982,A,29512,25505,1591,6417,3973,23301,0,62,1298,-3,991,998,-451,0,852,380,999,693,-514
2026-04-21,18,27012,A,28493,24635,1806,6417,5215,23301,0,14,1228,-3,991,1029,-451,0,922,318,1000,700,-513
2026-04-21,19,26140,A,27670,23737,1961,6417,6391,23301,0,61,1397,-3,991,1067,-452,0,1013,129,1000,700,-514
2026-04-21,20,25181,A,26866,22577,2165,6417,7504,23301,0,222,1423,-3,991,1066,-446,0,1016,82,1000,700,-514
2026-04-21,21,24191,A,26467,21620,2236,6417,8989,23301,0,691,1916,-3,991,1061,-352,0,1016,-217,1000,700,-513
2026-04-21,22,23388,A,26006,20883,2383,6417,10409,23301,0,1052,1897,-3,991,1062,-292,0,1016,-284,1000,700,-487
2026-04-21,23,22027,A,25180,19531,2614,6417,11644,23301,0,1193,1520,437,991,1062,-423,0,1016,-665,999,700,-372
2026-04-21,24,21124,A,24266,18731,2764,6417,12580,23301,0,1268,1586,491,992,1063,-427,0,1016,-727,999,700,-220
2026-04-21,25,20980,A,24089,18604,2766,6417,13161,23301,0,1306,1590,491,991,1062,-293,0,1016,-904,1000,700,-106
2026-04-21,26,20406,A,23505,17999,2897,6417,13626,23301,0,1325,1454,491,991,1061,-236,0,1016,-938,1000,700,-100
2026-04-21,27,19596,A,22678,17214,2910,6417,13548,23301,0,1317,904,491,991,1062,-92,0,1016,-1073,1000,700,-100
2026-04-21,28,19468,A,22529,17110,3002,6417,13289,23301,0,1314,696,491,991,1061,-47,0,1016,-1100,999,700,-100
2026-04-21,29,19204,A,22332,16956,2901,6417,12940,23301,0,1303,355,491,991,1061,-1,0,997,-1224,1000,700,-100
2026-04-21,30,18777,A,21928,16440,2993,6417,12394,23301,0,1312,347,491,991,1061,0,0,991,-1239,1000,665,-100
2026-04-21,31,18309,A,21705,16127,2899,6417,11620,23301,0,1293,726,491,991,1052,-6,0,449,-1239,1000,-320,-38
2026-04-21,32,19052,A,22531,17111,2961,6417,10471,23301,0,1279,1024,491,990,1042,-60,0,423,-1219,999,-421,8
2026-04-21,33,20193,A,23717,18335,2922,6417,9369,23301,0,901,2876,491,991,379,68,0,136,-955,999,-1168,25
2026-04-21,34,21741,A,24910,19574,2970,6417,8263,23301,0,558,3037,491,991,337,72,0,125,-892,998,-1219,150
2026-04-21,35,23499,A,25755,21144,2892,6417,6805,23301,0,7,3321,491,991,427,0,0,385,-506,999,-1243,87
2026-04-21,36,24728,A,26941,22274,2872,6417,5281,23301,0,15,3319,491,991,431,0,0,395,-428,998,-1252,-18
2026-04-21,37,26522,A,28628,24141,2809,6417,3889,23301,0,5,3291,491,991,256,-55,0,526,-52,998,-1435,-59
2026-04-21,38,27679,A,29826,25306,2627,6417,2536,23301,0,5,3708,491,992,246,-11,0,531,26,998,-1448,-183
2026-04-21,39,28677,A,31019,26330,2448,6417,1258,23301,0,4,3703,491,991,-96,0,0,670,399,998,-1448,-294
2026-04-21,40,29736,A,32246,27391,2406,6417,292,23301,0,4,3677,486,992,-104,-28,0,675,449,999,-1432,-442
2026-04-21,41,30047,A,32093,27540,2469,6417,6,23301,0,4,3350,35,992,528,-163,0,761,489,998,-865,-514
2026-04-21,42,30365,A,32331,27812,2469,6417,0,23301,0,5,3283,29,992,617,-130,0,764,472,999,-817,-514
2026-04-21,43,29543,A,31166,26925,2456,6417,0,23301,0,9,2921,952,992,476,-159,0,869,191,999,-483,-472
2026-04-21,44,27886,A,29404,25410,2523,6417,0,23301,0,7,2320,1003,992,471,-223,0,873,126,998,-463,-325
2026-04-21,45,27172,A,28773,24868,2522,6417,0,23301,0,7,2692,1003,992,347,-81,0,796,-251,998,-580,-182
2026-04-21,46,25458,A,26889,23236,2497,6417,0,23301,0,12,2553,1003,992,333,10,0,793,-279,998,-603,-37
2026-04-21,47,24231,A,26038,22030,2443,6417,0,23301,0,11,2415,1003,992,-137,2,0,990,-35,998,-1124,62
2026-04-21,48,23074,A,24905,20890,2418,6417,0,23301,0,12,2332,1002,992,-153,47,0,997,-5,997,-1161,100
2026-04-22,1,22692,A,25066,20510,2372,6417,0,23301,0,11,2111,988,992,-657,42,0,959,-5,998,-1201,100
2026-04-22,2,22290,A,24691,20200,2353,6417,0,23301,0,9,2117,987,992,-682,92,0,958,-5,998,-1205,100
2026-04-22,3,22248,A,24481,20144,2342,6417,0,23301,0,9,2002,988,991,-554,116,0,922,-5,998,-1165,100
2026-04-22,4,22183,A,24413,20122,2329,6417,0,23301,0,9,2131,987,992,-549,150,0,921,-5,998,-1167,100
2026-04-22,5,22060,A,24345,20023,2278,6417,0,23301,0,9,2076,964,992,-386,100,0,822,-5,998,-1385,100
2026-04-22,6,21516,A,23812,19434,2218,6417,0,23301,0,9,1803,963,992,-381,121,0,819,-5,998,-1401,100
2026-04-22,7,21228,A,23840,19194,2175,6417,0,23301,0,9,1753,962,992,-658,108,0,732,-5,998,-1440,100
2026-04-22,8,21009,A,23632,18929,2122,6417,0,23301,0,9,1699,963,992,-670,116,0,728,0,998,-1444,100
2026-04-22,9,20567,A,23366,18571,2111,6417,0,23301,0,9,1694,963,992,-844,150,0,394,44,998,-1446,100
2026-04-22,10,20459,A,23266,18474,2102,6417,0,23301,0,9,1733,963,992,-851,150,0,372,79,997,-1447,100
2026-04-22,11,20646,A,23914,18638,2118,6417,0,23301,0,7,1841,1001,991,-1054,150,0,-260,451,998,-1447,100
2026-04-22,12,21500,A,24801,19381,2154,6417,0,23301,0,1,1996,1004,991,-1061,139,0,-298,527,998,-1441,100
2026-04-22,13,23459,A,26713,21285,2107,6417,129,23301,0,1,2082,1005,992,-719,116,0,-843,901,998,-1191,100
2026-04-22,14,24895,A,27881,22596,2098,6417,810,23301,0,3,1668,1005,992,-650,11,0,-848,976,998,-985,73
2026-04-22,15,27180,A,27763,24653,2028,6417,1941,23301,0,3,1875,1004,992,168,-57,0,6,1350,998,825,-23
2026-04-22,16,27227,A,27997,24541,2045,6417,3372,23301,0,3,2123,1004,992,199,-119,0,70,1397,998,1101,-148
2026-04-22,17,26751,A,27597,23960,2056,6417,5031,23301,0,2,1634,1003,992,978,-83,0,710,1397,998,1392,-261
2026-04-22,18,25352,A,26160,22552,2138,6417,6712,23301,0,10,1262,999,992,1027,-142,0,744,1397,998,1410,-156
2026-04-22,19,24012,A,24680,21290,2161,6417,8371,23301,0,121,1228,555,992,951,-24,0,663,1397,999,1199,-23
2026-04-22,20,22563,A,24024,19787,2218,6417,9951,23301,0,961,1068,517,992,947,0,0,660,1369,988,1183,0
2026-04-22,21,20868,A,22684,18234,2198,6417,11458,23301,0,1312,857,431,991,988,0,0,624,1010,634,1129,-4
2026-04-22,22,19784,A,21608,17129,2268,6417,12794,23301,0,1324,558,424,988,990,37,0,623,936,617,1109,37
2026-04-22,23,18745,A,20608,16118,2286,6417,13878,23301,0,1318,278,528,854,1058,-42,0,577,562,770,578,-3
2026-04-22,24,18272,A,20282,15544,2370,6417,14846,23301,0,1321,-110,537,849,1061,-189,0,576,486,786,546,68
2026-04-22,25,18240,A,20396,15508,2331,6417,15396,23301,0,1327,-564,673,983,1059,-329,0,858,114,986,817,133
2026-04-22,26,18065,A,20286,15406,2422,6417,15654,23301,0,1322,-884,684,992,1054,-399,0,869,56,999,829,49
2026-04-22,27,17694,A,20020,15105,2482,6417,15598,23301,0,1253,-1016,583,992,1037,-426,0,917,-92,999,552,-55
2026-04-22,28,17078,A,19379,14509,2623,6417,15342,23301,0,1255,-887,570,980,1035,-415,0,918,-101,992,532,-30
2026-04-22,29,16708,A,18885,14354,2733,6417,14648,23301,0,1250,-166,-16,548,1014,-296,0,578,22,768,532,-115
2026-04-22,30,16713,A,18869,14503,2879,6417,13725,23301,0,1220,-129,-62,521,1008,-350,0,564,21,750,512,-24
2026-04-22,31,16669,A,18712,14623,2853,6417,12631,23301,0,964,441,56,610,466,-233,0,574,-198,624,-139,-9
2026-04-22,32,17750,A,19758,15761,2891,6417,11402,23301,0,1054,1165,68,621,438,-81,0,574,-195,624,-178,50
2026-04-22,33,19429,A,20870,17382,2836,6417,9898,23301,0,941,1515,192,785,352,14,0,481,181,903,101,63
2026-04-22,34,21003,A,22007,18782,2740,6417,8208,23301,0,404,1448,213,801,349,-37,0,483,257,922,125,-63
2026-04-22,35,23579,A,24313,21196,2578,6417,6619,23301,0,177,1307,938,980,513,0,0,973,630,994,290,-57
2026-04-22,36,25257,A,25878,22853,2461,6417,5161,23301,0,19,1696,1002,992,492,0,0,996,706,997,311,-102
2026-04-22,37,26935,A,28049,24509,2370,6417,3606,23301,0,12,2005,978,992,-337,-24,0,852,1078,997,674,-241
2026-04-22,38,28182,A,29260,25741,2297,6417,2225,23301,0,2,2222,975,992,-384,0,0,847,1143,997,690,-192
2026-04-22,39,28866,A,30571,26484,2232,6417,1026,23301,0,4,2247,897,992,-968,0,0,974,1368,996,331,-233
2026-04-22,40,29479,A,31104,27079,2247,6417,211,23301,0,8,2491,891,992,-873,-25,0,979,1397,997,340,-219
2026-04-22,41,30333,A,31311,27818,2167,6417,5,23301,0,11,2281,993,992,820,-148,0,996,1397,997,1295,-319
2026-04-22,42,30154,A,31236,27591,2230,6417,0,23301,0,10,2204,1001,992,1046,-115,0,997,1397,996,1371,-457
2026-04-22,43,29558,A,30672,26993,2137,6417,0,23301,0,10,1782,1001,992,816,-225,0,997,1397,996,1421,-379
2026-04-22,44,28681,A,29655,26124,2090,6417,0,23301,0,6,1684,1001,992,806,-167,0,997,1397,996,1414,-301
2026-04-22,45,26806,A,27831,24323,1987,6417,0,23301,0,18,869,1001,992,592,-207,0,997,1397,996,982,-300
2026-04-22,46,25378,A,26310,23052,1939,6417,0,23301,0,14,840,1002,992,547,-118,0,997,1391,998,949,-300
2026-04-22,47,24204,A,25089,21999,1911,6417,0,23301,0,6,901,1001,992,-128,-19,0,997,1308,997,912,-232
2026-04-22,48,23341,A,24105,21209,1861,6417,0,23301,0,5,596,1001,992,-138,0,0,997,1303,997,911,-121
2026-04-23,1,23064,A,23684,20871,1765,6417,0,23301,0,5,433,1002,992,132,68,0,997,1362,997,987,-115
2026-04-23,2,22776,A,23365,20610,1704,6417,0,23301,0,5,426,1001,992,143,150,0,997,1371,997,996,-84
2026-04-23,3,22790,A,23393,20693,1619,6417,0,23301,0,5,520,1002,992,-97,150,0,997,1394,997,1132,-1
2026-04-23,4,22801,A,23410,20748,1544,6417,0,23301,0,5,512,1002,992,-104,150,0,997,1397,997,1141,0
2026-04-23,5,22513,A,23214,20439,1476,6417,0,23301,0,5,463,1002,992,-196,150,0,997,1397,997,1088,0
2026-04-23,6,21868,A,22576,19738,1362,6417,0,23301,0,5,504,1002,992,-203,150,0,997,1397,997,1083,0
2026-04-23,7,21575,A,22698,19509,1327,6417,0,23301,0,5,618,1002,992,-618,150,0,997,1397,997,1026,0
2026-04-23,8,21209,A,22351,19222,1248,6417,0,23301,0,5,720,1002,992,-637,150,0,997,1390,997,1014,0
2026-04-23,9,20731,A,21979,18769,1213,6417,0,23301,0,5,798,1002,992,-743,150,0,997,1302,997,746,0
2026-04-23,10,20827,A,22080,18882,1167,6417,0,23301,0,5,778,1002,992,-748,150,0,997,1298,997,721,0
2026-04-23,11,21316,A,22853,19348,1153,6417,0,23301,0,5,953,1002,992,-1032,100,0,987,1386,997,505,0
2026-04-23,12,22017,A,23578,19956,1135,6417,0,23301,0,5,906,1002,992,-1042,9,0,987,1397,997,498,-14
2026-04-23,13,24225,A,25744,21968,1131,6417,127,23301,0,5,1106,1002,991,-823,-50,0,995,1397,996,914,-141
2026-04-23,14,25212,A,26836,22817,1110,6417,742,23301,0,6,1256,1002,991,-735,-89,0,996,1397,997,955,-294
2026-04-23,15,27222,A,28277,24617,1036,6417,1688,23301,0,6,1110,1001,991,734,-121,0,997,1397,997,1393,-428
2026-04-23,16,28357,A,29497,25647,1010,6417,2830,23301,0,1,1001,1002,991,910,-252,0,997,1397,997,1424,-387
2026-04-23,17,27899,A,29168,25050,972,6417,4158,23301,0,0,704,1002,991,1064,-280,0,996,1397,997,1425,-489
2026-04-23,18,26632,A,27862,23705,973,6417,5950,23301,0,5,364,1002,991,1070,-211,0,997,1397,997,1424,-514
2026-04-23,19,25418,A,26543,22504,998,6417,7888,23301,0,6,332,1002,992,1064,-121,0,1016,1397,997,1424,-498
2026-04-23,20,24090,A,25112,21234,998,6417,9743,23301,0,8,-154,1002,992,1063,-120,0,1016,1397,998,1428,-394
2026-04-23,21,22360,A,23424,19546,976,6417,11490,23301,0,8,-692,1002,992,1062,-93,0,1016,1397,997,1427,-463
2026-04-23,22,20728,A,21606,18025,1025,6417,13072,23301,0,8,-663,1002,992,1062,-12,0,1016,1397,998,1424,-358
2026-04-23,23,19258,A,20116,16596,1062,6417,14506,23301,0,9,-712,1002,992,1059,-3,0,1016,1397,997,1425,-346
2026-04-23,24,18628,A,19842,16048,1088,6417,15410,23301,0,273,-694,1002,992,1059,-75,0,1016,1397,997,1425,-366
2026-04-23,25,18064,A,20040,15504,1088,6417,15999,23301,0,1004,-623,1002,992,1059,-6,0,1016,1397,997,1425,-466
2026-04-23,26,17637,A,19621,15125,1104,6417,16274,23301,0,965,-514,1002,992,1060,-24,0,1016,1397,997,1425,-495
2026-04-23,27,17088,A,19403,14595,1159,6417,16289,23301,0,1157,-842,1002,992,1059,-145,0,1016,1397,997,1425,-513
2026-04-23,28,16754,A,19034,14271,1160,6417,16009,23301,0,1172,-854,1002,992,1059,-94,0,1016,1397,996,1425,-514
2026-04-23,29,16688,A,19030,14228,1149,6417,15491,23301,0,1157,-924,1002,992,1059,-171,0,997,1397,998,1425,-514
2026-04-23,30,16652,A,18952,14198,1107,6417,14706,23301,0,1151,-813,1002,992,1060,-135,0,996,1397,995,1413,-514
2026-04-23,31,16945,A,18926,14522,1031,6417,13636,23301,0,949,-617,1002,992,1057,-18,0,996,1397,905,978,-514
2026-04-23,32,17899,A,19682,15522,1086,6417,12292,23301,0,715,-562,1001,992,1056,-81,0,996,1397,902,942,-487
2026-04-23,33,19052,A,20244,16686,1129,6417,10806,23301,0,282,-288,1002,992,1057,-7,0,996,1397,991,762,-403
2026-04-23,34,20861,A,21811,18387,1120,6417,9196,23301,0,12,-209,1002,992,1057,-4,0,996,1397,997,766,-434
2026-04-23,35,22660,A,23792,20102,1027,6417,7483,23301,0,12,-392,1002,992,1057,-107,0,996,1397,997,1382,-513
2026-04-23,36,24616,A,25784,21965,1003,6417,5800,23301,0,12,-549,1002,992,1058,-161,0,996,1397,997,1424,-495
2026-04-23,37,26702,A,27643,23989,973,6417,4211,23301,0,16,-13,1002,992,840,-31,0,997,1397,997,1391,-394
2026-04-23,38,27803,A,28906,25064,963,6417,2742,23301,0,15,-102,1002,992,739,-104,0,997,1398,997,1389,-484
2026-04-23,39,29066,A,30307,26424,985,6417,1378,23301,0,6,224,1001,992,-96,-125,0,997,1397,997,1420,-514
2026-04-23,40,29246,A,30575,26576,1031,6417,347,23301,0,6,283,1002,992,-104,-205,0,997,1397,997,1424,-514
2026-04-23,41,29312,A,30659,26663,1125,6417,12,23301,0,6,279,1002,992,95,-327,0,997,1397,997,1424,-514
2026-04-23,42,29510,A,30974,26780,1155,6417,0,23301,0,6,296,1002,992,102,-444,0,997,1397,997,1424,-514
2026-04-23,43,29237,A,30704,26440,1177,6417,0,23301,0,3,-16,1002,992,402,-450,0,997,1397,997,1424,-514
2026-04-23,44,28103,A,29489,25338,1173,6417,0,23301,0,13,-313,1002,992,432,-359,0,997,1397,998,1424,-514
2026-04-23,45,26980,A,28238,24351,1135,6417,0,23301,0,13,-296,1002,992,165,-284,0,997,1397,997,1424,-461
2026-04-23,46,25727,A,26913,23149,1107,6417,0,23301,0,14,-354,1002,992,164,-192,0,997,1397,998,1421,-480
2026-04-23,47,24969,A,26200,22534,1066,6417,0,23301,0,10,-360,1002,992,877,-212,0,997,1397,997,1322,-509
2026-04-23,48,24211,A,25581,21821,1014,6417,0,23301,0,9,-490,1002,992,927,-347,0,997,1397,997,1312,-514
2026-04-24,1,23497,A,24946,21010,994,6417,0,23301,0,65,-810,1002,992,926,-370,0,997,1397,997,1287,-514
2026-04-24,2,23001,A,24452,20566,927,6417,0,23301,0,66,-1146,1002,992,926,-371,0,997,1397,998,1288,-514
2026-04-24,3,23476,A,24927,21054,872,6417,0,23301,0,67,-902,1002,992,1011,-370,0,997,1397,997,1387,-514
2026-04-24,4,23406,A,24858,21069,792,6417,0,23301,0,67,-989,1002,992,1014,-371,0,997,1397,997,1395,-514
2026-04-24,5,23001,A,24590,20698,780,6417,0,23301,0,204,-1164,1002,992,933,-371,0,997,1397,997,1401,-514
2026-04-24,6,22509,A,23993,20162,771,6417,0,23301,0,100,-1313,1002,992,930,-370,0,997,1397,997,1398,-514
2026-04-24,7,22123,A,23562,19897,802,6417,0,23301,0,65,-724,1002,992,878,-360,0,997,1397,997,1249,-514
2026-04-24,8,21806,A,23223,19566,768,6417,0,23301,0,66,-730,1002,992,837,-335,0,997,1397,997,1228,-516
2026-04-24,9,21796,A,22914,19642,715,6417,0,23301,0,23,-782,1002,992,117,-193,0,838,1397,998,855,-402
2026-04-24,10,21652,A,22883,19479,671,6417,0,23301,0,162,-1059,1002,992,102,-80,0,832,1397,998,819,-489
2026-04-24,11,21921,A,23409,19712,659,6417,0,23301,0,19,-694,1002,991,-472,-1,0,822,1397,997,475,-496
2026-04-24,12,22411,A,24035,20130,646,6417,0,23301,0,6,-754,1002,991,-542,-63,0,821,1397,998,471,-513
2026-04-24,13,24170,A,25318,21679,637,6417,112,23301,0,8,-499,1003,991,-138,-22,0,551,1397,997,1200,-480
2026-04-24,14,25678,A,26956,23139,608,6417,724,23301,0,6,-324,1003,991,-119,-146,0,543,1397,998,1256,-507
2026-04-24,15,27920,A,29065,25184,567,6417,1761,23301,0,7,-527,1002,991,671,-209,0,978,1397,998,1415,-429
2026-04-24,16,28277,A,29638,25409,524,6417,3083,23301,0,4,-707,1002,992,816,-353,0,997,1397,997,1426,-504
2026-04-24,17,27557,A,29027,24551,460,6417,4723,23301,0,6,-1085,1002,992,1003,-450,0,970,1397,997,1427,-514
2026-04-24,18,26267,A,27738,23245,420,6417,6548,23301,0,5,-1255,1002,992,1017,-452,0,969,1397,998,1427,-514
2026-04-24,19,25194,A,26675,22163,386,6417,8406,23301,0,15,-1246,1002,992,1057,-452,0,1015,1397,998,1427,-514
2026-04-24,20,23202,A,24680,20282,387,6417,10144,23301,0,12,-1293,1002,992,1058,-452,0,1016,1397,998,1427,-514
2026-04-24,21,21461,A,22936,18693,381,6417,11937,23301,0,10,-1330,1002,992,1057,-451,0,1016,1397,998,1426,-514
2026-04-24,22,20141,A,21619,17499,385,6417,13445,23301,0,13,-1372,1002,992,1058,-451,0,1016,1397,997,1427,-514
2026-04-24,23,19007,A,20567,16406,377,6417,14533,23301,0,183,-1410,1001,992,1060,-404,0,1016,1397,997,1424,-473
2026-04-24,24,17825,A,19738,15289,398,6417,15271,23301,0,608,-1311,1001,992,1060,-293,0,1016,1397,997,1416,-512
2026-04-24,25,17706,A,19926,15241,424,6417,15923,23301,0,857,-1265,1002,991,1060,-349,0,1016,1397,996,1158,-514
2026-04-24,26,17283,A,19705,14840,435,6417,16227,23301,0,960,-1190,1002,991,1059,-448,0,1016,1397,996,1140,-514
2026-04-24,27,16894,A,19468,14480,449,6417,16192,23301,0,1108,-1331,1001,992,1060,-452,0,1016,1397,996,1136,-514
2026-04-24,28,16470,A,19013,14126,471,6417,15912,23301,0,1105,-1390,1001,992,1060,-424,0,1016,1397,996,1135,-514
2026-04-24,29,16058,A,18569,13610,478,6417,15359,23301,0,1113,-1661,1002,992,1060,-384,0,997,1397,996,1135,-514
2026-04-24,30,16113,A,18325,13697,498,6417,14576,23301,0,862,-1606,1001,992,1059,-336,0,996,1397,996,1138,-514
2026-04-24,31,16199,A,18398,13826,491,6417,13530,23301,0,838,-1416,1002,992,1056,-347,0,902,1397,996,1228,-514
2026-04-24,32,17339,A,19332,15016,500,6417,12268,23301,0,731,-938,1002,992,1057,-248,0,899,1397,997,1239,-514
2026-04-24,33,17831,A,19490,15435,474,6417,10775,23301,0,296,-1181,1002,992,1057,-349,0,993,1397,997,1409,-514
2026-04-24,34,19951,A,21443,17526,464,6417,9173,23301,0,149,-953,1001,992,1056,-329,0,996,1397,996,1422,-514
2026-04-24,35,22048,A,23285,19497,456,6417,7473,23301,0,14,-671,1001,992,1054,-260,0,996,1397,996,1424,-463
2026-04-24,36,23932,A,25326,21321,444,6417,5815,23301,0,15,-745,1001,992,1032,-373,0,995,1397,995,1424,-506
2026-04-24,37,25384,A,26723,22768,447,6417,4230,23301,0,12,-372,1002,992,163,-387,0,705,1397,996,1427,-440
2026-04-24,38,26644,A,28112,24005,473,6417,2780,23301,0,10,-463,1002,992,103,-452,0,692,1397,997,1427,-506
2026-04-24,39,27823,A,29704,25273,444,6417,1437,23301,0,6,-20,1003,992,-426,-452,0,330,1397,998,1427,-497
2026-04-24,40,28516,A,30447,25977,493,6417,375,23301,0,4,285,1003,992,-462,-452,0,315,1397,998,1424,-513
2026-04-24,41,28270,A,29742,25740,514,6417,17,23301,0,6,-92,1003,992,552,-452,0,445,1397,998,1426,-514
2026-04-24,42,28895,A,30369,26379,552,6417,0,23301,0,8,-120,1003,992,652,-452,0,455,1397,998,1425,-514
2026-04-24,43,28713,A,30189,26093,544,6417,0,23301,0,10,-481,1002,992,1044,-452,0,973,1397,998,1425,-514
2026-04-24,44,27752,A,29228,25076,529,6417,0,23301,0,10,-856,1002,992,1062,-452,0,997,1397,998,1425,-514
2026-04-24,45,26886,A,28362,24340,468,6417,0,23301,0,10,-723,1002,992,1057,-452,0,997,1397,998,1425,-514
2026-04-24,46,25461,A,26945,23057,425,6417,0,23301,0,18,-906,1002,992,1057,-452,0,998,1397,998,1425,-514
2026-04-24,47,24196,A,25674,21921,423,6417,0,23301,0,12,-914,1002,992,918,-452,0,998,1397,998,1425,-514
2026-04-24,48,23535,A,24952,21330,403,6417,0,23301,0,7,-799,1002,992,913,-396,0,998,1397,997,1425,-514
2026-04-25,1,23219,A,24609,21002,381,6417,0,23301,0,5,-746,1002,992,997,-371,0,998,1397,998,1426,-514
2026-04-25,2,22904,A,24294,20690,392,6417,0,23301,0,5,-681,1002,992,1000,-371,0,998,1397,997,1426,-514
2026-04-25,3,22502,A,23892,20316,391,6417,0,23301,0,5,-637,1002,992,1003,-371,0,998,1397,998,1426,-514
2026-04-25,4,22580,A,23970,20452,416,6417,0,23301,0,5,-443,1002,992,1003,-371,0,998,1397,998,1425,-514
2026-04-25,5,22307,A,23697,20248,400,6417,0,23301,0,5,-258,1002,992,1004,-371,0,998,1397,998,1422,-514
2026-04-25,6,21790,A,23180,19740,411,6417,0,23301,0,5,-312,1002,992,1003,-371,0,998,1397,998,1422,-514
2026-04-25,7,21609,A,22999,19628,377,6417,0,23301,0,5,-187,1002,992,913,-371,0,998,1397,998,1422,-514
2026-04-25,8,21239,A,22629,19282,365,6417,0,23301,0,5,-284,1003,992,909,-371,0,998,1397,998,1422,-514
2026-04-25,9,20852,A,22242,18884,355,6417,0,23301,0,5,-337,1002,992,634,-371,0,998,1397,998,1422,-514
2026-04-25,10,20755,A,22145,18810,346,6417,0,23301,0,5,-500,1002,992,617,-371,0,998,1397,998,1422,-514
2026-04-25,11,20762,A,22152,18845,337,6417,0,23301,0,5,-258,1003,992,137,-371,0,774,1397,997,1422,-514
2026-04-25,12,20633,A,22042,18693,346,6417,1,23301,0,5,-291,1003,992,121,-390,0,765,1397,998,1422,-514
2026-04-25,13,21269,A,22806,19245,330,6417,210,23301,0,72,-410,1002,992,600,-451,0,989,1397,997,1422,-514
2026-04-25,14,21418,A,23049,19347,330,6417,977,23301,0,166,-525,1002,992,629,-451,0,997,1397,997,1425,-514
2026-04-25,15,22163,A,23668,20006,330,6417,2172,23301,0,40,-147,1002,992,770,-451,0,997,1397,998,1425,-514
2026-04-25,16,22085,A,23565,19837,312,6417,3527,23301,0,14,-161,1002,992,775,-452,0,997,1397,997,1422,-514
2026-04-25,17,22105,A,23585,19741,291,6417,4775,23301,0,14,-370,1002,992,994,-452,0,997,1397,997,1422,-514
2026-04-25,18,21423,A,22903,19001,285,6417,6644,23301,0,14,-99,1002,992,1003,-452,0,997,1397,998,1424,-514
2026-04-25,19,20187,A,21667,17699,270,6417,8043,23301,0,14,-240,1002,992,1003,-452,0,1015,1397,998,1425,-514
2026-04-25,20,19276,A,20756,16775,282,6417,9155,23301,0,14,-400,1002,992,1003,-452,0,1016,1397,998,1423,-514
2026-04-25,21,18279,A,19759,15779,288,6417,10543,23301,0,14,-579,1002,992,1003,-452,0,1016,1397,998,1423,-514
2026-04-25,22,17139,A,18656,14649,308,6417,11922,23301,0,51,-557,1003,992,1003,-452,0,1016,1397,998,1409,-514
2026-04-25,23,16335,A,18209,13937,293,6417,13021,23301,0,408,-446,1003,992,1003,-452,0,1016,1397,997,889,-514
2026-04-25,24,15805,A,17846,13445,294,6417,14216,23301,0,575,-516,1004,992,1004,-452,0,1016,1397,997,852,-514
2026-04-25,25,15385,A,17336,13077,296,6417,14847,23301,0,485,-592,1004,992,1003,-452,0,1016,1397,997,852,-514
2026-04-25,26,14903,A,17305,12662,311,6417,15076,23301,0,936,-625,1004,992,1004,-452,0,1016,1397,997,855,-514
2026-04-25,27,14474,A,17061,12301,319,6417,15414,23301,0,1122,-773,1003,992,1003,-452,0,1016,1397,997,941,-513
2026-04-25,28,14240,A,16819,12102,333,6417,15219,23301,0,1113,-900,1004,992,1004,-452,0,1016,1397,997,946,-514
2026-04-25,29,13917,A,16498,11833,363,6417,14866,23301,0,1115,-824,1004,992,1003,-452,0,997,1397,997,860,-514
2026-04-25,30,14262,A,16844,12160,412,6417,14083,23301,0,1116,-710,1003,992,1003,-452,0,996,1397,997,860,-514
2026-04-25,31,14246,A,16831,12121,427,6417,13065,23301,0,1119,-952,1003,992,1003,-452,0,996,1397,997,1118,-514
2026-04-25,32,15333,A,17713,13337,506,6417,11865,23301,0,914,-492,1003,992,1004,-452,0,996,1397,997,1145,-514
2026-04-25,33,16519,A,18894,14469,518,6417,10430,23301,0,909,-680,1003,992,1003,-452,0,996,1397,997,1404,-514
2026-04-25,34,18237,A,20134,16092,559,6417,8876,23301,0,432,-668,1003,992,1005,-452,0,996,1397,998,1425,-513
2026-04-25,35,20462,A,22013,18154,629,6417,7236,23301,0,85,-487,1002,992,1003,-452,0,996,1397,997,1424,-514
2026-04-25,36,22128,A,23614,19750,719,6417,5607,23301,0,20,-540,1002,992,1001,-452,0,996,1397,997,1424,-514
2026-04-25,37,24070,A,25548,21780,706,6417,4038,23301,0,12,-175,1002,992,569,-452,0,996,1397,996,1424,-514
2026-04-25,38,25181,A,26663,22865,763,6417,2620,23301,0,16,-80,1003,992,545,-452,0,997,1397,997,1424,-514
2026-04-25,39,26365,A,27840,24077,842,6417,1329,23301,0,9,130,1003,992,328,-452,0,997,1397,997,1424,-514
2026-04-25,40,26592,A,28063,24373,913,6417,386,23301,0,5,300,1003,993,327,-452,0,997,1397,997,1424,-514
2026-04-25,41,26934,A,28405,24760,945,6417,21,23301,0,5,756,1003,992,282,-452,0,997,1397,997,1426,-514
2026-04-25,42,27231,A,28700,24990,927,6417,0,23301,0,3,854,1002,992,274,-452,0,997,1397,997,1423,-514
2026-04-25,43,27050,A,28523,24668,846,6417,0,23301,0,7,684,1002,992,431,-452,0,997,1397,997,1425,-514
2026-04-25,44,26574,A,28048,24209,830,6417,0,23301,0,8,644,1003,992,437,-452,0,997,1397,997,1425,-514
2026-04-25,45,25263,A,26744,23013,767,6417,0,23301,0,15,145,1003,992,377,-452,0,998,1397,997,1425,-514
2026-04-25,46,24262,A,25742,22129,744,6417,0,23301,0,14,364,1003,992,375,-452,0,997,1397,997,1423,-514
2026-04-25,47,23521,A,24999,21506,724,6417,0,23301,0,12,667,1003,992,336,-452,0,998,1397,996,1319,-514
2026-04-25,48,22725,A,24201,20762,723,6417,0,23301,0,10,723,1003,992,335,-452,0,998,1397,997,1310,-514
2026-04-26,1,22016,A,23435,20043,710,6417,0,23301,0,9,798,1002,992,412,-396,0,998,1397,997,1234,-514
2026-04-26,2,21648,A,23042,19670,707,6417,0,23301,0,9,853,1002,992,415,-371,0,998,1397,997,1228,-514
2026-04-26,3,21427,A,22820,19507,680,6417,0,23301,0,8,1070,1002,992,438,-371,0,962,1397,996,1228,-514
2026-04-26,4,21294,A,22688,19451,680,6417,0,23301,0,9,1295,1002,992,439,-371,0,961,1397,996,1227,-514
2026-04-26,5,21003,A,22396,19213,701,6417,0,23301,0,8,1458,1003,992,483,-371,0,901,1397,996,1158,-514
2026-04-26,6,20957,A,22348,19167,716,6417,0,23301,0,6,1554,1003,992,485,-371,0,892,1397,997,1156,-514
2026-04-26,7,20215,A,21606,18462,727,6417,0,23301,0,6,1552,1003,992,601,-371,0,303,1397,996,1303,-514
2026-04-26,8,20138,A,21529,18376,746,6417,0,23301,0,6,1497,1004,992,605,-371,0,273,1397,997,1310,-514
2026-04-26,9,19793,A,21184,18048,744,6417,0,23301,0,6,1431,1003,992,597,-371,0,252,1397,996,1155,-514
2026-04-26,10,19454,A,20845,17686,771,6417,0,23301,0,6,1398,1004,992,594,-371,0,250,1397,997,1144,-514
2026-04-26,11,19215,A,20672,17458,749,6417,0,23301,0,6,1557,1004,992,176,-371,0,-66,1397,997,1212,-514
2026-04-26,12,18866,A,20336,17093,744,6417,5,23301,0,6,1426,1004,992,158,-371,0,-79,1397,996,1219,-514
2026-04-26,13,18911,A,20307,17118,764,6417,297,23301,0,11,1278,1004,992,532,-371,0,52,1397,997,1252,-514
2026-04-26,14,19294,A,20693,17473,713,6417,960,23301,0,14,1210,1004,992,552,-371,0,80,1397,997,1258,-514
2026-04-26,15,19927,A,21345,18046,672,6417,1815,23301,0,14,997,1002,992,986,-390,0,941,1397,997,1413,-514
2026-04-26,16,19754,A,21453,17783,613,6417,3009,23301,0,233,691,1002,992,1002,-452,0,997,1397,996,1425,-514
2026-04-26,17,19886,A,21368,17781,627,6417,4300,23301,0,16,339,1002,992,1003,-452,0,997,1397,996,1425,-514
2026-04-26,18,19475,A,20957,17284,603,6417,5637,23301,0,16,-60,1002,992,1003,-452,0,997,1397,996,1425,-514
2026-04-26,19,19247,A,20729,16955,598,6417,7278,23301,0,16,-253,1002,992,1003,-452,0,1015,1397,996,1425,-514
2026-04-26,20,18496,A,19978,16103,545,6417,8977,23301,0,17,-363,1002,992,1002,-451,0,1016,1397,997,1425,-514
2026-04-26,21,17828,A,19387,15326,541,6417,10541,23301,0,94,-545,1002,992,1004,-451,0,1016,1397,997,1425,-514
2026-04-26,22,17092,A,19034,14507,522,6417,11819,23301,0,477,-1162,1002,992,1003,-451,0,1016,1397,996,1425,-514
2026-04-26,23,16614,A,19121,14065,514,6417,12806,23301,0,1042,-1019,1002,992,1003,-451,0,1016,1397,997,1425,-514
2026-04-26,24,16390,A,19068,13880,496,6417,13334,23301,0,1213,-1250,1002,992,1003,-451,0,1016,1397,997,1409,-514
2026-04-26,25,16435,A,18982,13962,465,6417,13632,23301,0,1083,-1149,1002,992,1003,-451,0,1016,1397,997,795,-513
2026-04-26,26,16173,A,18620,13682,473,6417,13774,23301,0,982,-1024,1002,992,1003,-451,0,1016,1397,996,754,-514
2026-04-26,27,16306,A,18578,13876,467,6417,13630,23301,0,808,-591,1003,992,1003,-451,0,1016,1397,997,836,-513
2026-04-26,28,16243,A,18862,13836,465,6417,12757,23301,0,1154,-607,1003,992,1003,-451,0,1016,1397,997,847,-514
2026-04-26,29,16857,A,19037,14488,443,6417,11901,23301,0,715,-14,1002,992,1002,-451,0,997,1397,997,1025,-514
2026-04-26,30,17164,A,19414,14797,447,6417,11169,23301,0,785,42,1002,992,1003,-451,0,996,1397,997,1023,-514
2026-04-26,31,17766,A,19656,15452,425,6417,9903,23301,0,425,397,1002,992,1002,-451,0,996,1397,997,495,-514
2026-04-26,32,19046,A,20645,16722,421,6417,8678,23301,0,134,434,1002,992,1003,-451,0,996,1397,997,454,-514
2026-04-26,33,20441,A,22064,18052,430,6417,7605,23301,0,158,657,1002,992,1002,-451,0,972,1397,996,298,-514
2026-04-26,34,22756,A,24289,20289,429,6417,6201,23301,0,68,918,1002,992,1003,-451,0,971,1397,997,322,-514
2026-04-26,35,25095,A,26578,22402,396,6417,4733,23301,0,18,623,1002,992,1003,-451,0,995,1397,997,1269,-514
2026-04-26,36,26779,A,28262,24004,410,6417,3516,23301,0,17,562,1002,992,998,-452,0,994,1397,997,1326,-514
2026-04-26,37,27393,A,28945,24614,392,6417,2441,23301,0,86,873,1003,992,469,-452,0,606,1397,997,598,-514
2026-04-26,38,27897,A,29525,25141,422,6417,1638,23301,0,162,1035,1003,992,433,-452,0,590,1397,997,537,-514
2026-04-26,39,28312,A,29939,25680,407,6417,860,23301,0,162,1451,1004,992,105,-451,0,495,1397,996,179,-514
2026-04-26,40,28307,A,29935,25705,463,6417,250,23301,0,163,1419,1003,992,102,-451,0,492,1397,997,172,-514
2026-04-26,41,29032,A,30657,26434,494,6417,16,23301,0,159,1472,1003,992,229,-452,0,747,1397,997,814,-514
2026-04-26,42,28752,A,30379,26151,560,6417,0,23301,0,162,1375,1003,992,239,-451,0,757,1397,996,863,-514
2026-04-26,43,28455,A,30085,25794,584,6417,0,23301,0,165,890,1003,992,611,-451,0,919,1397,997,1049,-514
2026-04-26,44,27471,A,28999,24890,599,6417,0,23301,0,63,889,1003,992,626,-451,0,925,1397,997,1045,-514
2026-04-26,45,25866,A,27344,23429,548,6417,0,23301,0,13,921,1003,992,314,-451,0,800,1397,997,423,-514
2026-04-26,46,24674,A,26152,22369,532,6417,0,23301,0,13,792,1003,992,295,-451,0,794,1397,997,362,-514
2026-04-26,47,23295,A,25262,21166,546,6417,0,23301,0,9,1005,1004,992,-224,-436,0,500,1397,998,-284,-514
2026-04-26,48,22024,A,23986,19995,556,6417,0,23301,0,6,649,1004,992,-244,-371,0,488,1393,997,-327,-514
2026-04-27,1,22066,A,23987,20030,554,6417,0,23301,0,6,490,1004,992,-236,-371,0,412,1345,997,-294,-514
2026-04-27,2,21840,A,23732,19832,552,6417,0,23301,0,7,354,1004,992,-235,-346,0,409,1343,997,-290,-514
2026-04-27,3,22198,A,23922,20052,528,6417,0,23301,0,6,780,1004,992,-152,-342,0,283,1391,997,-210,-514
2026-04-27,4,22247,A,23966,20193,524,6417,0,23301,0,6,1011,1004,992,-149,-341,0,279,1397,997,-209,-514
2026-04-27,5,22040,A,23961,20058,522,6417,0,23301,0,7,1201,1004,992,-179,-341,0,591,1397,997,-380,-514
2026-04-27,6,21977,A,23890,20070,543,6417,0,23301,0,7,1338,1004,992,-181,-316,0,600,1397,997,-395,-514
2026-04-27,7,20864,A,23007,19042,521,6417,0,23301,0,7,1158,1005,992,-304,-311,0,140,1397,997,-507,-514
2026-04-27,8,20992,A,23169,19220,517,6417,0,23301,0,7,1320,1004,992,-314,-311,0,119,1397,997,-531,-514
2026-04-27,9,20371,A,23648,18628,464,6417,0,23301,0,7,1390,1005,992,-839,-311,0,126,1397,996,-1106,-514
2026-04-27,10,20582,A,23930,18828,459,6417,0,23301,0,9,1569,1005,992,-866,-311,0,118,1397,996,-1148,-514
2026-04-27,11,20267,A,24386,18427,439,6417,0,23301,0,13,1438,1006,992,-1016,-311,0,-510,1397,997,-1255,-514
2026-04-27,12,21014,A,25187,19120,451,6417,1,23301,0,15,1518,1006,992,-1017,-344,0,-537,1397,997,-1246,-514
2026-04-27,13,23319,A,26305,21314,431,6417,197,23301,0,15,1729,1005,991,-941,-385,0,-2,1397,996,-629,-514
2026-04-27,14,24526,A,27286,22367,428,6417,1033,23301,0,11,1719,1005,991,-827,-451,0,27,1397,997,-457,-514
2026-04-27,15,26920,A,28398,24378,374,6417,2045,23301,0,13,868,1004,991,694,-451,0,501,1397,997,1156,-514
2026-04-27,16,27420,A,28896,24732,339,6417,3319,23301,0,10,801,1004,991,850,-452,0,526,1397,997,1358,-514
2026-04-27,17,27375,A,28850,24541,308,6417,4616,23301,0,9,379,1003,991,1060,-452,0,977,1397,997,1422,-514
2026-04-27,18,25833,A,27305,22991,316,6417,6268,23301,0,7,20,1002,991,1069,-451,0,997,1397,997,1426,-514
2026-04-27,19,24726,A,26198,21900,323,6417,7907,23301,0,7,105,1003,991,1054,-451,0,1016,1397,997,1426,-514
2026-04-27,20,23251,A,24723,20500,337,6417,9466,23301,0,7,-319,1003,991,1055,-451,0,1016,1397,997,1427,-514
2026-04-27,21,21976,A,23451,19266,335,6417,10958,23301,0,10,-476,1002,991,1045,-451,0,1016,1397,997,1426,-514
2026-04-27,22,21325,A,23068,18658,356,6417,12306,23301,0,278,-404,1003,991,1046,-451,0,1016,1397,997,1426,-514
2026-04-27,23,20689,A,22851,18028,367,6417,13172,23301,0,697,-433,1003,991,1059,-451,0,1016,1397,997,1426,-514
2026-04-27,24,19927,A,22113,17258,403,6417,13640,23301,0,721,-604,1003,992,1059,-451,0,1016,1397,997,1426,-514
2026-04-27,25,19648,A,22083,16981,424,6417,13767,23301,0,970,-670,1003,992,1059,-451,0,1016,1397,997,1426,-514
2026-04-27,26,19520,A,21979,16811,474,6417,13221,23301,0,994,-635,1003,992,1057,-451,0,1016,1397,997,1415,-514
2026-04-27,27,19605,A,22055,16889,470,6417,12413,23301,0,985,-758,1003,992,1059,-451,0,992,1397,997,1003,-514
2026-04-27,28,19364,A,21815,16747,529,6417,13206,23301,0,986,-801,1003,992,1058,-451,0,991,1397,997,973,-514
2026-04-27,29,19689,A,22127,17080,574,6417,11931,23301,0,973,-726,1003,991,1013,-451,0,995,1397,997,993,-514
2026-04-27,30,19723,A,22292,17026,679,6417,11420,23301,0,1104,-613,1003,992,1012,-451,0,996,1398,997,988,-514
2026-04-27,31,20564,A,23024,17882,733,6417,9960,23301,0,995,-466,1002,991,1055,-451,0,995,1396,996,679,-514
2026-04-27,32,21186,A,23081,18585,813,6417,9255,23301,0,462,-214,969,958,1021,-436,0,963,1350,963,639,-497
2026-04-27,33,23501,A,25014,20859,796,6417,8040,23301,0,48,-292,1003,991,832,-451,0,990,1397,996,988,-514
2026-04-27,34,24848,A,26334,22115,816,6417,5917,23301,0,21,-133,1003,991,815,-451,0,990,1397,996,996,-514
2026-04-27,35,26424,A,27919,23591,817,6417,4131,23301,0,20,152,1003,991,448,-451,0,828,1397,996,-10,-514
2026-04-27,36,28002,A,29585,25137,911,6417,3189,23301,0,18,594,1003,991,416,-451,0,816,1397,996,-100,-514
2026-04-27,37,28231,A,30715,25492,897,6417,2279,23301,0,12,1176,1004,991,-473,-451,0,264,1397,996,-534,-514
2026-04-27,38,28554,A,31147,25916,876,6417,1469,23301,0,11,1395,1004,992,-545,-451,0,238,1397,997,-572,-514
2026-04-27,39,29298,A,31952,26499,837,6417,836,23301,0,3,1381,1004,992,-324,-451,0,81,1397,997,-862,-514
2026-04-27,40,29452,A,32059,26618,902,6417,284,23301,0,3,1296,1004,992,-308,-451,0,92,1397,996,-831,-514
2026-04-27,41,31288,A,32766,28169,908,6417,22,23301,0,13,504,1003,992,236,-451,0,850,1397,997,238,-514
2026-04-27,42,31437,A,32918,28260,961,6417,0,23301,0,16,286,1003,992,261,-451,0,894,1397,996,349,-514
2026-04-27,43,31066,A,32552,28001,988,6417,0,23301,0,21,278,1003,992,652,-451,0,875,1397,997,953,-514
2026-04-27,44,28333,A,29820,25563,1012,6417,0,23301,0,22,105,1003,992,670,-451,0,874,1385,996,986,-514
2026-04-27,45,26958,A,28437,24250,895,6417,0,23301,0,14,168,1003,992,689,-451,0,948,1234,997,659,-514
2026-04-27,46,24860,A,26339,22367,951,6417,0,23301,0,14,244,1003,992,691,-451,0,951,1227,997,645,-514
2026-04-27,47,23195,A,24673,20955,974,6417,0,23301,0,13,43,1002,992,961,-451,0,991,1378,997,1042,-514
2026-04-27,48,22795,A,24256,20686,1010,6417,0,23301,0,14,-87,1002,992,973,-433,0,992,1397,997,1070,-514
2026-04-28,1,22598,A,23998,20464,1027,6417,0,23301,0,15,-367,1002,992,1035,-371,0,754,1397,997,1070,-514
2026-04-28,2,22198,A,23596,20049,1063,6417,0,23301,0,13,-621,1003,992,1038,-371,0,745,1397,997,1064,-514
2026-04-28,3,22045,A,23467,19927,1072,6417,0,23301,0,37,-796,1002,992,1054,-371,0,973,1397,996,838,-514
2026-04-28,4,21571,A,23086,19478,1089,6417,0,23301,0,130,-783,1002,992,1054,-371,0,982,1367,997,810,-514
2026-04-28,5,21538,A,22934,19542,1096,6417,0,23301,0,10,-465,1002,992,891,-372,0,996,994,996,395,-514
2026-04-28,6,20489,A,22320,18398,1123,6417,0,23301,0,445,-932,1002,992,885,-372,0,997,918,996,350,-514
2026-04-28,7,20292,A,22008,18366,1072,6417,0,23301,0,91,-365,1002,992,769,-372,0,997,546,996,-239,-514
2026-04-28,8,19749,A,21751,17768,1111,6417,0,23301,0,331,-679,1002,992,697,-372,0,997,469,996,-285,-514
2026-04-28,9,19511,A,21404,17615,1186,6417,0,23301,0,36,-193,1002,992,3,-372,0,963,96,996,-471,-514
2026-04-28,10,19446,A,21604,17544,1228,6417,0,23301,0,270,-461,1002,992,0,-372,0,962,79,997,-502,-514
2026-04-28,11,19880,A,23113,17968,1187,6417,0,23301,0,288,-352,1002,992,-403,-372,0,903,452,996,-1156,-514
2026-04-28,12,20385,A,23900,18437,1229,6417,0,23301,0,532,-404,1002,992,-434,-354,0,900,528,996,-1181,-514
2026-04-28,13,22598,A,24935,20436,1319,6417,30,23301,0,365,-815,1002,992,622,-443,0,902,901,996,-515,-514
2026-04-28,14,24668,A,26556,22344,1336,6417,162,23301,0,78,-604,1001,992,747,-452,0,902,977,996,-344,-514
2026-04-28,15,27285,A,28845,24682,1337,6417,432,23301,0,94,-823,1001,992,1028,-452,0,993,1350,997,1230,-514
2026-04-28,16,28686,A,30162,25942,1407,6417,843,23301,0,10,-904,1001,992,1039,-452,0,997,1397,997,1428,-514
2026-04-28,17,28988,A,30465,26168,1400,6417,1215,23301,0,11,-793,1001,992,1063,-452,0,997,1397,997,1430,-514
2026-04-28,18,28974,A,30450,26100,1434,6417,1732,23301,0,10,-969,1001,992,1064,-452,0,997,1397,997,1426,-514
2026-04-28,19,29431,A,30907,26597,1443,6417,2242,23301,0,10,-571,1001,992,1057,-452,0,1016,1397,997,1426,-514
2026-04-28,20,29207,A,30684,26297,1485,6417,3091,23301,0,11,-706,1001,992,1057,-452,0,1016,1397,997,1426,-514
2026-04-28,21,28893,A,30366,25988,1501,6417,3435,23301,0,7,-931,1001,992,1057,-452,0,1016,1397,997,1426,-514
2026-04-28,22,28423,A,29904,25610,1576,6417,4286,23301,0,15,-842,1001,992,1056,-452,0,1016,1397,997,1426,-514
2026-04-28,23,27513,A,28984,24684,1515,6417,4850,23301,0,19,-706,1001,992,1058,-438,0,1016,1397,997,1426,-514
2026-04-28,24,26753,A,28099,23924,1602,6417,6434,23301,0,19,-631,1000,992,1058,-313,0,1016,1397,997,1424,-514
2026-04-28,25,26117,A,27372,23316,1596,6417,7560,23301,0,19,-408,1001,992,1059,-213,0,1016,1397,997,1422,-523
2026-04-28,26,25203,A,26361,22422,1650,6417,8309,23301,0,15,-659,1000,992,1059,-138,0,1016,1397,997,1422,-505
2026-04-28,27,24373,A,25678,21621,1692,6417,9261,23301,0,30,-1194,1000,992,1058,-263,0,1016,1397,997,1422,-512
2026-04-28,28,23516,A,24861,20847,1716,6417,10371,23301,0,71,-1094,1000,992,1057,-261,0,1016,1397,997,1422,-513
2026-04-28,29,22673,A,24460,20039,1699,6417,10872,23301,0,408,-1368,1001,992,1057,-365,0,997,1397,997,1422,-514
2026-04-28,30,21517,A,23700,18912,1702,6417,11318,23301,0,826,-1478,1001,992,1057,-344,0,996,1397,996,1422,-513
2026-04-28,31,20994,A,23414,18384,1611,6417,11039,23301,0,965,-1404,1001,992,1057,-441,0,996,1397,996,1422,-514
2026-04-28,32,21246,A,23669,18751,1689,6417,10241,23301,0,958,-1281,1001,992,1057,-451,0,996,1397,997,1422,-514
2026-04-28,33,21922,A,24115,19360,1692,6417,9432,23301,0,796,-886,1001,992,1054,-383,0,996,1397,997,1422,-514
2026-04-28,34,23187,A,25054,20504,1763,6417,8389,23301,0,464,-865,1001,992,1055,-389,0,996,1397,996,1422,-514
2026-04-28,35,24715,A,26037,22096,1836,6417,6990,23301,0,23,-704,1001,992,1054,-285,0,996,1397,997,1422,-514
2026-04-28,36,25842,A,27255,23161,1913,6417,5518,23301,0,16,-813,1001,992,1054,-383,0,996,1397,997,1419,-514
2026-04-28,37,26604,A,28085,23890,1830,6417,4166,23301,0,15,-426,1001,992,1052,-452,0,996,1397,997,1280,-514
2026-04-28,38,27743,A,29222,25074,1775,6417,2787,23301,0,13,-347,1001,992,1046,-452,0,997,1397,997,1266,-514
2026-04-28,39,29177,A,30647,26549,1687,6417,1567,23301,0,5,118,1001,992,1045,-451,0,997,1397,997,1146,-514
2026-04-28,40,29386,A,30860,26763,1732,6417,528,23301,0,8,286,1001,992,1044,-452,0,997,1397,997,1144,-514
2026-04-28,41,29652,A,31125,26992,1751,6417,46,23301,0,8,-147,1001,992,1054,-451,0,997,1397,998,1378,-514
2026-04-28,42,29931,A,31404,27248,1836,6417,0,23301,0,8,-118,1001,992,1054,-451,0,997,1397,996,1399,-514
2026-04-28,43,29661,A,31135,26943,1894,6417,0,23301,0,8,-395,1001,992,1053,-452,0,997,1397,997,1413,-514
2026-04-28,44,28285,A,29762,25566,1873,6417,0,23301,0,12,-766,1001,992,1054,-451,0,997,1368,997,1410,-514
2026-04-28,45,27103,A,28582,24461,1862,6417,0,23301,0,14,-860,1001,992,1054,-451,0,997,994,997,1248,-514
2026-04-28,46,25554,A,27033,23068,1830,6417,0,23301,0,14,-907,1001,992,1055,-451,0,997,922,997,1202,-514
2026-04-28,47,23890,A,25355,21598,1827,6417,0,23301,0,14,-742,1001,992,966,-437,0,997,604,997,330,-514
2026-04-28,48,23134,A,24613,20921,1823,6417,0,23301,0,14,-620,1001,992,963,-451,0,997,535,996,254,-514
2026-04-29,1,22714,A,24178,20457,1811,6417,0,23301,0,11,-900,1001,992,1002,-439,0,997,162,996,15,-514
2026-04-29,2,22451,A,23865,20204,1814,6417,0,23301,0,11,-653,1001,992,1004,-385,0,997,108,996,-4,-514
2026-04-29,3,22142,A,23679,19896,1816,6417,0,23301,0,7,-491,1001,992,935,-347,0,997,7,996,-169,-514
2026-04-29,4,22153,A,23668,19954,1750,6417,0,23301,0,7,-535,1001,992,932,-302,0,997,-6,997,-186,-514
2026-04-29,5,21790,A,23644,19639,1738,6417,0,23301,0,134,-565,1001,992,932,-302,0,997,-6,996,-398,-514
2026-04-29,6,21358,A,23125,19222,1745,6417,0,23301,0,14,-604,1001,992,932,-302,0,997,-32,996,-406,-513
2026-04-29,7,20783,A,22618,18771,1809,6417,0,23301,0,8,-347,1002,992,879,-302,0,808,-370,996,-141,-514
2026-04-29,8,20377,A,22218,18389,1818,6417,0,23301,0,8,-309,1001,992,876,-301,0,801,-385,996,-134,-513
2026-04-29,9,20055,A,21975,18142,1819,6417,0,23301,0,8,-346,1002,992,557,-285,0,613,-48,996,-565,-514
2026-04-29,10,19949,A,21817,17996,1796,6417,0,23301,0,12,-253,1002,992,512,-234,0,608,24,996,-612,-510
2026-04-29,11,20156,A,22752,18198,1834,6417,0,23301,0,10,-67,1001,992,-312,-84,0,982,399,996,-1263,-427
2026-04-29,12,20626,A,23238,18595,1867,6417,11,23301,0,13,178,1002,992,-339,-60,0,997,475,995,-1233,-467
2026-04-29,13,22937,A,24148,20683,1867,6417,346,23301,0,9,-251,1001,992,475,-212,0,997,849,996,37,-490
2026-04-29,14,24416,A,25800,22006,1824,6417,1294,23301,0,8,-457,1001,992,577,-363,0,997,925,996,215,-513
2026-04-29,15,25965,A,27440,23338,1721,6417,2565,23301,0,10,-823,1001,992,1038,-451,0,997,1298,996,1325,-514
2026-04-29,16,25838,A,27311,23066,1708,6417,4043,23301,0,7,-1006,1001,992,1043,-452,0,997,1327,997,1423,-514
2026-04-29,17,25076,A,26548,22239,1753,6417,5659,23301,0,7,-1061,1001,991,1061,-452,0,997,1089,996,1427,-513
2026-04-29,18,24049,A,25522,21157,1857,6417,7330,23301,0,7,-1139,1001,992,1061,-452,0,997,1031,997,1425,-514
2026-04-29,19,22826,A,24307,20029,2004,6417,9047,23301,0,15,-1032,1001,991,1048,-452,0,1015,658,996,1426,-514
2026-04-29,20,21131,A,22655,18328,2159,6417,10692,23301,0,58,-1299,1001,991,842,-452,0,1016,583,996,1423,-514
2026-04-29,21,19548,A,21838,16816,2273,6417,12252,23301,0,824,-1240,1002,992,533,-452,0,1016,209,996,1423,-514
2026-04-29,22,18479,A,20933,15809,2421,6417,13615,23301,0,988,-1406,1002,992,108,-452,0,1016,133,996,1403,-514
2026-04-29,23,17474,A,20157,14944,2465,6417,14761,23301,0,972,-1085,1002,992,0,-453,0,1016,-244,996,665,-514
2026-04-29,24,16783,A,19700,14298,2571,6417,15613,23301,0,1130,-1253,1002,992,371,-452,0,1016,-321,996,620,-514
2026-04-29,25,16919,A,20217,14540,2588,6417,16041,23301,0,1129,-1210,1001,992,1057,-452,0,1016,-703,996,851,-514
2026-04-29,26,16561,A,19944,14258,2679,6417,16095,23301,0,1136,-1152,1001,992,1057,-452,0,1016,-781,996,865,-514
2026-04-29,27,15894,A,19659,13655,2747,6417,16011,23301,0,1126,-1203,1001,992,1055,-453,0,1016,-1172,997,667,-514
2026-04-29,28,15647,A,19620,13455,2827,6417,15755,23301,0,1270,-1434,1001,992,1056,-453,0,1016,-1236,996,657,-514
2026-04-29,29,15714,A,19876,13513,2822,6417,15061,23301,0,1268,-1460,1001,992,1056,-453,0,997,-1427,996,829,-514
2026-04-29,30,16366,A,20508,14254,2887,6417,13949,23301,0,1252,-1141,1001,992,1056,-453,0,996,-1423,996,839,-514
2026-04-29,31,16507,A,20318,14282,2795,6417,12803,23301,0,1276,-1086,1002,992,1056,-452,0,996,-1069,996,741,-514
2026-04-29,32,17831,A,21536,15782,2828,6417,11592,23301,0,1243,-587,1001,992,1056,-453,0,996,-995,996,734,-514
2026-04-29,33,18857,A,22024,16813,2868,6417,10109,23301,0,1118,-75,1001,992,1053,-435,0,996,-607,996,816,-507
2026-04-29,34,20607,A,23443,18533,2877,6417,8691,23301,0,1095,387,1001,992,1053,-305,0,996,-529,996,814,-407
2026-04-29,35,22074,A,23944,19958,2846,6417,7136,23301,0,652,846,1001,992,1052,-161,0,996,-149,996,493,-408
2026-04-29,36,23524,A,24835,21379,2861,6417,5596,23301,0,241,1386,1001,992,1052,-46,0,996,-73,996,453,-451
2026-04-29,37,25019,A,26251,22864,2809,6417,4129,23301,0,9,1964,1001,992,902,-156,0,960,303,996,-185,-382
2026-04-29,38,26470,A,27810,24313,2814,6417,2786,23301,0,4,2616,1001,992,862,-245,0,955,378,996,-230,-361
2026-04-29,39,26897,A,28470,24662,2794,6417,1472,23301,0,1,2714,1002,992,122,-365,0,496,752,996,-259,-448
2026-04-29,40,27488,A,29201,25298,2855,6417,469,23301,0,1,2952,1002,992,102,-451,0,475,828,995,-248,-513
2026-04-29,41,28210,A,29676,25960,2894,6417,44,23301,0,1,2656,1001,992,349,-451,0,707,1200,996,312,-514
2026-04-29,42,28281,A,29747,26087,3007,6417,0,23301,0,1,2617,1002,992,380,-451,0,716,1226,996,341,-514
2026-04-29,43,28136,A,29641,25863,3021,6417,0,23301,0,1,2214,1001,992,980,-451,0,832,958,996,-39,-514
2026-04-29,44,27058,A,28609,24870,3054,6417,0,23301,0,1,2112,1001,992,1008,-451,0,836,895,996,-85,-514
2026-04-29,45,25590,A,27862,23572,2915,6417,0,23301,0,2,2294,1001,992,498,-451,0,991,522,996,-805,-514
2026-04-29,46,24110,A,26404,22009,2781,6417,0,23301,0,7,1819,1001,992,451,-451,0,997,446,996,-868,-468
2026-04-29,47,23066,A,26396,21176,2756,6417,0,23301,0,6,2453,1001,992,-634,-383,0,997,73,995,-1368,-439
2026-04-29,48,22191,A,25599,20388,2734,6417,0,23301,0,11,2373,1001,992,-761,-233,0,997,-3,995,-1400,-500
2026-04-30,1,21810,A,25590,19988,2670,6417,0,23301,0,11,2598,1002,992,-897,-82,0,997,-382,995,-1401,-507
2026-04-30,2,21628,A,25394,19695,2653,6417,0,23301,0,11,2538,1001,992,-901,0,0,997,-460,995,-1400,-494
2026-04-30,3,21290,A,25332,19367,2655,6417,0,23301,0,46,2707,1002,992,-874,0,0,904,-844,995,-1400,-378
2026-04-30,4,21187,A,25209,19362,2652,6417,0,23301,0,48,2880,1002,992,-873,0,0,900,-899,996,-1401,-301
2026-04-30,5,20704,A,25475,18980,2633,6417,0,23301,0,391,2949,1003,992,-1053,0,0,525,-971,995,-1423,-433
2026-04-30,6,20712,A,25867,19112,2562,6417,0,23301,0,730,2941,1001,991,-1061,0,0,498,-1011,996,-1426,-427
2026-04-30,7,19859,A,25625,18306,2504,6417,0,23301,0,740,3080,912,973,-1061,0,0,-185,-1402,996,-1447,-431
2026-04-30,8,19805,A,25629,18279,2428,6417,0,23301,0,728,2931,904,970,-1061,0,0,-224,-1435,996,-1449,-427
2026-04-30,9,19840,A,25671,18359,2440,6417,0,23301,0,659,3157,862,900,-1070,0,0,-556,-1229,996,-1442,-375
2026-04-30,10,19586,A,25410,18129,2419,6417,0,23301,0,722,3199,858,895,-1072,0,0,-570,-1172,994,-1442,-346
2026-04-30,11,19561,A,25140,18114,2430,6417,0,23301,0,699,3314,832,895,-1069,0,0,-727,-782,907,-1448,-354
2026-04-30,12,20261,A,25318,18711,2408,6417,14,23301,0,309,3636,831,897,-1070,0,0,-730,-703,903,-1449,-296
2026-04-30,13,22314,A,26561,20534,2406,6417,394,23301,0,163,3656,990,986,-1065,-55,0,-280,-320,989,-1449,-415
2026-04-30,14,22879,A,27097,20867,2364,6417,1406,23301,0,146,3224,1004,992,-921,-206,0,-243,-261,995,-1434,-507
2026-04-30,15,24927,A,27193,22660,2319,6417,2719,23301,0,8,3052,1002,992,559,-251,0,545,-121,995,-872,-514
2026-04-30,16,25170,A,27363,22696,2212,6417,4186,23301,0,8,2784,1002,992,684,-361,0,593,-134,996,-676,-514
2026-04-30,17,25115,A,27166,22510,2070,6417,5752,23301,0,74,2291,1001,992,1059,-450,0,981,-513,996,1051,-514
2026-04-30,18,23829,A,26463,21280,2071,6417,7319,23301,0,579,1798,1001,992,1060,-451,0,997,-590,997,1279,-514
2026-04-30,19,22742,A,25911,20242,2052,6417,8920,23301,0,727,1418,1001,992,1057,-451,0,1016,-977,996,1066,-514
2026-04-30,20,21248,A,24620,18859,2162,6417,10540,23301,0,854,843,999,992,1057,-451,0,1005,-1053,997,1033,-514
2026-04-30,21,19720,A,23481,17564,2318,6417,11991,23301,0,890,1174,830,992,1056,-451,0,324,-1406,997,391,-514
2026-04-30,22,18908,A,22817,16710,2501,6417,13312,23301,0,993,980,807,982,1056,-451,0,287,-1451,995,341,-514
2026-04-30,23,18025,A,21938,16002,2587,6417,14459,23301,0,997,1640,479,620,834,-451,0,72,-1451,926,144,-514
2026-04-30,24,17178,A,21094,15172,2721,6417,15361,23301,0,1000,1595,468,595,825,-451,0,63,-1451,920,120,-514
2026-04-30,25,17115,A,21766,15291,2675,6417,15888,23301,0,1228,2056,694,591,1017,-451,0,-241,-1451,854,-266,-514
2026-04-30,26,16678,A,21397,14834,2780,6417,16010,23301,0,1249,1991,700,586,1025,-451,0,-252,-1451,847,-302,-514
2026-04-30,27,16252,A,21241,14422,3009,6417,15888,23301,0,1172,2474,183,385,756,-451,0,-264,-1451,735,-637,-514
2026-04-30,28,15881,A,20949,14115,3052,6417,15662,23301,0,1245,2798,149,376,745,-451,0,-261,-1437,729,-660,-514
2026-04-30,29,15993,A,20603,14218,3088,6417,15131,23301,0,1264,2646,120,552,799,-451,0,204,-1261,729,-620,-514
2026-04-30,30,16004,A,20580,14243,3123,6417,14328,23301,0,1254,2434,123,564,801,-451,0,224,-1240,724,-617,-514
2026-04-30,31,16134,A,20721,14360,3005,6417,13270,23301,0,1246,2468,302,547,721,-451,0,90,-1239,533,-637,-514
2026-04-30,32,16886,A,21363,15235,2987,6417,11934,23301,0,1150,2730,333,557,661,-451,0,98,-1214,534,-648,-514
2026-04-30,33,18268,A,22988,16452,2992,6417,10460,23301,0,1186,2645,930,938,-194,-451,0,804,-898,968,-978,-513
2026-04-30,34,19876,A,24530,18004,2972,6417,8963,23301,0,1148,2609,972,965,-212,-451,0,843,-829,996,-1000,-514
2026-04-30,35,21550,A,25727,19589,2772,6417,7381,23301,0,974,3054,905,981,-294,-451,0,673,-444,996,-1000,-514
2026-04-30,36,22751,A,26273,20733,2680,6417,5727,23301,0,395,3033,904,983,-299,-451,0,667,-366,996,-997,-514
2026-04-30,37,24061,A,27330,22023,2593,6417,4194,23301,0,318,3116,996,992,-579,-451,0,721,11,996,-907,-514
2026-04-30,38,25969,A,29249,23893,2505,6417,2807,23301,0,315,3234,1002,992,-593,-451,0,697,88,996,-907,-514
2026-04-30,39,26832,A,30985,24746,2463,6417,1559,23301,0,307,3454,1004,992,-1024,-451,0,-207,460,996,-1150,-514
2026-04-30,40,27337,A,31516,25188,2451,6417,529,23301,0,306,3464,1004,992,-1042,-451,0,-220,536,996,-1146,-514
2026-04-30,41,28269,A,31030,26081,2495,6417,47,23301,0,314,3212,1002,992,-608,-451,0,907,909,995,-374,-514
2026-04-30,42,28299,A,30926,26113,2476,6417,0,23301,0,311,3245,1001,992,-551,-451,0,997,941,996,-300,-514
2026-04-30,43,28517,A,30293,26264,2374,6417,0,23301,0,311,2989,1001,992,266,-451,0,997,756,996,432,-514
2026-04-30,44,27156,A,28939,24947,2337,6417,0,23301,0,318,2624,1002,992,292,-451,0,997,704,996,462,-514
2026-04-30,45,25620,A,27678,23603,2257,6417,0,23301,0,311,2652,1002,992,105,-451,0,997,331,996,-282,-514
2026-04-30,46,24696,A,26807,22664,2182,6417,0,23301,0,309,2351,1002,992,102,-451,0,997,265,996,-337,-514
2026-04-30,47,23208,A,25729,21231,2032,6417,0,23301,0,313,1796,1002,992,-265,-451,0,892,26,995,-478,-514
2026-04-30,48,22784,A,25338,20835,1861,6417,0,23301,0,313,1920,1002,992,-286,-451,0,888,-5,995,-485,-514
2026-05-01,1,23260,A,25386,21205,1748,6417,0,23301,0,310,2023,1002,992,151,-451,0,993,-5,995,-346,-514
2026-05-01,2,21980,A,24143,19964,1596,6417,0,23301,0,368,1564,1002,992,165,-451,0,997,8,995,-330,-514
2026-05-01,3,22137,A,24295,20098,1469,6417,0,23301,0,584,1587,1002,992,104,-451,0,933,167,996,-109,-514
2026-05-01,4,22507,A,24645,20546,1357,6417,0,23301,0,582,1778,1002,992,103,-451,0,930,207,995,-91,-514
2026-05-01,5,21980,A,23974,20097,1286,6417,0,23301,0,529,1653,1003,992,103,-451,0,635,468,996,14,-514
2026-05-01,6,21326,A,23488,19448,1174,6417,0,23301,0,697,1380,1003,992,103,-451,0,623,499,996,14,-514
2026-05-01,7,20903,A,23288,19023,1123,6417,0,23301,0,686,1202,1003,992,2,-451,0,455,474,996,-234,-514
2026-05-01,8,20801,A,23340,18990,1077,6417,0,23301,0,821,889,1003,992,0,-451,0,449,500,996,-253,-514
2026-05-01,9,20615,A,23606,18880,1055,6417,0,23301,0,873,827,1003,992,-405,-451,0,381,872,995,-249,-513
2026-05-01,10,20394,A,22883,18616,969,6417,0,23301,0,347,762,1004,992,-438,-451,0,377,948,996,-237,-516
2026-05-01,11,20889,A,22371,19038,943,6417,0,23301,0,17,673,1004,992,227,-451,0,31,1321,996,177,-514
2026-05-01,12,21224,A,22705,19281,927,6417,23,23301,0,16,402,1004,992,254,-451,0,42,1370,996,227,-514
2026-05-01,13,23190,A,24670,21039,939,6417,381,23301,0,15,13,1002,992,794,-451,0,938,1393,997,1009,-514
2026-05-01,14,23728,A,25208,21505,875,6417,1220,23301,0,15,-166,1002,992,830,-451,0,997,1397,997,1072,-514
2026-05-01,15,25240,A,26722,22900,741,6417,2275,23301,0,17,193,1002,992,1063,-451,0,997,1397,997,1402,-514
2026-05-01,16,26354,A,27830,23903,609,6417,3416,23301,0,11,415,1002,992,1064,-451,0,997,1397,997,1426,-514
2026-05-01,17,25891,A,27368,23252,488,6417,4728,23301,0,12,102,1002,992,1061,-451,0,996,1397,998,1426,-514
2026-05-01,18,25047,A,26523,22390,437,6417,6132,23301,0,11,-323,1002,992,1060,-451,0,997,1397,997,1426,-514
2026-05-01,19,24592,A,26068,21927,391,6417,7474,23301,0,11,-742,1002,992,1059,-451,0,1016,1397,997,1426,-514
2026-05-01,20,23447,A,24923,20739,358,6417,8730,23301,0,11,-1174,1002,992,1059,-451,0,1017,1397,997,1426,-514
2026-05-01,21,22501,A,23977,19818,375,6417,9782,23301,0,11,-1509,1002,992,1058,-451,0,1016,1397,997,1425,-514
2026-05-01,22,22030,A,23510,19381,388,6417,10879,23301,0,15,-1613,1002,992,1058,-451,0,1016,1397,997,1426,-514
2026-05-01,23,21676,A,23154,18992,398,6417,11542,23301,0,13,-1653,1002,992,1059,-451,0,1016,1397,997,1426,-514
2026-05-01,24,21254,A,22732,18561,441,6417,12150,23301,0,13,-1569,1003,992,1058,-451,0,1016,1397,997,1419,-514
2026-05-01,25,20931,A,22409,18304,467,6417,12435,23301,0,13,-1445,1003,992,1058,-451,0,1016,1398,997,1161,-514
2026-05-01,26,20481,A,21959,17835,514,6417,12278,23301,0,13,-1517,1002,992,1058,-451,0,1016,1397,997,1125,-514
2026-05-01,27,20249,A,21722,17509,511,6417,12431,23301,0,8,-1765,1002,992,1059,-451,0,1016,1397,997,507,-514
2026-05-01,28,19885,A,21359,17193,560,6417,12137,23301,0,9,-1762,1003,992,1058,-451,0,1016,1397,997,464,-514
2026-05-01,29,19692,A,21164,17067,597,6417,11723,23301,0,8,-1440,1002,992,1058,-451,0,996,1397,997,464,-513
2026-05-01,30,19805,A,21278,17208,648,6417,10921,23301,0,8,-1349,1003,992,1058,-451,0,996,1397,997,471,-514
2026-05-01,31,20401,A,21871,17900,665,6417,9846,23301,0,5,-1003,1003,992,875,-451,0,902,1397,996,731,-514
2026-05-01,32,21024,A,22493,18531,691,6417,8477,23301,0,4,-703,1002,992,861,-451,0,898,1397,996,763,-514
2026-05-01,33,21619,A,23092,19124,687,6417,7599,23301,0,8,-933,1002,992,910,-451,0,993,1397,997,1249,-514
2026-05-01,34,23364,A,24833,20834,725,6417,6642,23301,0,6,-677,1003,992,912,-451,0,996,1397,997,1286,-512
2026-05-01,35,24598,A,26071,22023,723,6417,5182,23301,0,8,-840,1002,992,1053,-451,0,996,1397,997,1416,-514
2026-05-01,36,26057,A,27531,23334,744,6417,3815,23301,0,9,-892,1003,992,910,-451,0,988,1397,997,1403,-514
2026-05-01,37,26613,A,28242,24068,735,6417,2757,23301,0,3,-281,1004,992,-161,-451,0,397,1397,997,581,-514
2026-05-01,38,27197,A,28850,24710,760,6417,1773,23301,0,3,-79,1004,992,-185,-451,0,363,1397,997,514,-514
2026-05-01,39,27816,A,30251,25344,755,6417,958,23301,0,1,307,1005,992,-845,-451,0,-124,1397,996,190,-514
2026-05-01,40,27737,A,30112,25210,831,6417,333,23301,0,0,127,1005,992,-786,-451,0,-124,1397,997,205,-514
2026-05-01,41,27804,A,29275,25272,903,6417,30,23301,0,6,-207,1003,992,137,-451,0,728,1397,997,1231,-514
2026-05-01,42,27452,A,28921,25003,986,6417,0,23301,0,4,-64,1003,992,158,-451,0,782,1397,997,1314,-514
2026-05-01,43,27781,A,29256,25317,991,6417,0,23301,0,10,-72,1002,992,814,-451,0,989,1397,997,1419,-514
2026-05-01,44,27102,A,28589,24644,995,6417,0,23301,0,17,-375,1002,992,767,-451,0,997,1397,997,1426,-519
2026-05-01,45,26010,A,27862,23710,895,6417,0,23301,0,11,-283,1003,992,-376,-451,0,931,1398,997,1386,-514
2026-05-01,46,25044,A,26925,22895,878,6417,0,23301,0,8,-383,1003,992,-408,-451,0,929,1398,997,1380,-514
2026-05-01,47,24050,A,25527,21969,793,6417,0,23301,0,12,-197,1002,992,331,-451,0,854,1397,997,1280,-514
2026-05-01,48,22919,A,24397,20930,789,6417,0,23301,0,13,4,1003,992,370,-451,0,851,1397,997,1276,-514
2026-05-02,1,22808,A,24284,20802,755,6417,0,23301,0,11,-155,1002,992,563,-451,0,946,1397,998,1415,-514
2026-05-02,2,22359,A,23835,20380,750,6417,0,23301,0,11,-370,1002,992,571,-451,0,950,1397,998,1426,-514
2026-05-02,3,21588,A,23064,19666,696,6417,0,23301,0,11,-700,1003,992,597,-451,0,952,1397,998,1426,-514
2026-05-02,4,21952,A,23428,20074,715,6417,0,23301,0,11,-298,1002,992,598,-451,0,952,1397,998,1426,-514
2026-05-02,5,21266,A,22742,19416,715,6417,0,23301,0,11,-377,1002,992,566,-451,0,996,1397,998,1426,-514
2026-05-02,6,20841,A,22317,19008,719,6417,0,23301,0,11,-293,1003,992,564,-451,0,998,1397,998,1426,-514
2026-05-02,7,20392,A,21869,18521,707,6417,0,23301,0,11,-365,1003,992,238,-452,0,855,1397,998,1426,-514
2026-05-02,8,19939,A,21422,18124,710,6417,0,23301,0,11,-497,1003,992,222,-452,0,850,1397,997,1426,-520
2026-05-02,9,19572,A,21145,17829,723,6417,0,23301,0,11,-428,1003,992,-96,-452,0,807,1397,997,1426,-514
2026-05-02,10,19372,A,21153,17651,709,6417,0,23301,0,211,-426,1003,992,-104,-452,0,805,1397,997,1426,-514
2026-05-02,11,19233,A,20713,17551,695,6417,0,23301,0,12,-493,1004,992,-2,-452,0,673,1397,998,1426,-514
2026-05-02,12,19203,A,20681,17533,659,6417,33,23301,0,12,-484,1004,992,0,-452,0,669,1397,998,1426,-514
2026-05-02,13,19635,A,21091,17901,636,6417,407,23301,0,14,-518,1003,992,781,-428,0,982,1397,998,1426,-514
2026-05-02,14,19889,A,21368,18083,577,6417,1043,23301,0,13,-558,1003,992,979,-452,0,995,1397,998,1426,-514
2026-05-02,15,20447,A,21925,18546,512,6417,1706,23301,0,12,-306,1003,992,1002,-452,0,997,1397,997,1426,-514
2026-05-02,16,20780,A,22252,18753,472,6417,2783,23301,0,6,-125,1003,992,1002,-452,0,997,1397,997,1426,-514
2026-05-02,17,21078,A,22550,18920,443,6417,4016,23301,0,6,-186,1003,992,1003,-452,0,997,1397,997,1426,-514
2026-05-02,18,20722,A,22195,18542,456,6417,5365,23301,0,7,-317,1003,992,1003,-452,0,997,1397,998,1426,-514
2026-05-02,19,20650,A,22180,18405,457,6417,6487,23301,0,64,-614,1003,992,1003,-452,0,1016,1397,998,1426,-514
2026-05-02,20,19913,A,21445,17595,457,6417,8135,23301,0,66,-708,1003,992,1003,-452,0,1016,1397,998,1426,-514
2026-05-02,21,18832,A,20364,16503,427,6417,9357,23301,0,66,-775,1003,992,888,-452,0,663,1397,997,1426,-514
2026-05-02,22,18166,A,19718,15823,427,6417,9928,23301,0,86,-844,1003,992,880,-452,0,649,1397,997,1426,-514
2026-05-02,23,17719,A,19574,15368,403,6417,10827,23301,0,389,-719,1003,992,636,-452,0,627,1397,996,1426,-514
2026-05-02,24,17500,A,19380,15145,410,6417,11609,23301,0,414,-890,1003,992,627,-452,0,627,1397,996,1414,-514
2026-05-02,25,17290,A,19173,14914,383,6417,12359,23301,0,417,-942,1003,992,1001,-452,0,953,1397,997,980,-514
2026-05-02,26,16918,A,19053,14639,397,6417,12365,23301,0,669,-833,1003,992,1003,-452,0,966,1397,998,953,-514
2026-05-02,27,16706,A,18859,14437,433,6417,12153,23301,0,687,-828,1003,992,1003,-452,0,966,1397,998,1067,-514
2026-05-02,28,16830,A,19113,14659,429,6417,11336,23301,0,817,-781,1003,992,1002,-452,0,966,1397,998,1076,-514
2026-05-02,29,17330,A,19676,15286,404,6417,10096,23301,0,880,-375,1003,992,820,-452,0,737,1397,997,1109,-514
2026-05-02,30,18140,A,20341,16083,386,6417,8865,23301,0,735,37,1003,992,808,-452,0,729,1398,997,1120,-514
2026-05-02,31,19322,A,21168,17227,408,6417,7576,23301,0,380,-42,1003,992,1000,-452,0,986,1398,998,1403,-514
2026-05-02,32,20503,A,22251,18375,428,6417,6159,23301,0,282,52,1002,992,1001,-452,0,992,1397,998,1392,-514
2026-05-02,33,22082,A,23557,19893,404,6417,4863,23301,0,8,795,1003,992,620,-453,0,550,1397,998,575,-514
2026-05-02,34,24104,A,25583,21793,379,6417,3460,23301,0,12,968,1003,992,604,-453,0,531,1397,998,477,-514
2026-05-02,35,25438,A,26920,22914,386,6417,2450,23301,0,16,430,1003,992,987,-452,0,635,1397,997,1355,-514
2026-05-02,36,27157,A,28633,24632,403,6417,1555,23301,0,10,546,1003,992,988,-452,0,610,1397,997,1393,-514
2026-05-02,37,27339,A,29149,24861,412,6417,1099,23301,0,6,685,1005,992,232,-452,0,-338,1397,997,527,-514
2026-05-02,38,27192,A,29067,24716,455,6417,684,23301,0,5,667,1005,992,182,-452,0,-404,1397,997,336,-514
2026-05-02,39,26416,A,29657,23976,471,6417,312,23301,0,4,652,1005,992,2,-452,0,-573,1397,997,-1198,-514
2026-05-02,40,26494,A,29875,24228,511,6417,89,23301,0,4,880,1005,992,0,-452,0,-579,1397,997,-1332,-514
2026-05-02,41,26746,A,28856,24324,539,6417,7,23301,0,4,635,1005,992,0,-452,0,-476,1397,997,-164,-514
2026-05-02,42,26694,A,28662,24305,554,6417,0,23301,0,10,640,1005,992,0,-452,0,-446,1397,997,-46,-514
2026-05-02,43,26851,A,28330,24459,550,6417,0,23301,0,13,266,1003,992,109,-452,0,478,1397,997,463,-514
2026-05-02,44,26117,A,27592,23780,544,6417,0,23301,0,9,238,1003,992,117,-452,0,540,1397,997,493,-514
2026-05-02,45,25637,A,27111,23436,553,6417,0,23301,0,8,380,1003,992,397,-452,0,846,1397,997,280,-514
2026-05-02,46,23931,A,25407,21882,576,6417,0,23301,0,10,624,1003,992,409,-452,0,858,1397,997,275,-514
2026-05-02,47,22956,A,24432,21048,587,6417,0,23301,0,10,811,1003,992,387,-452,0,614,1397,997,690,-514
2026-05-02,48,22548,A,24024,20710,616,6417,0,23301,0,10,977,1003,992,388,-452,0,605,1374,997,729,-514
2026-05-03,1,22173,A,23648,20333,655,6417,0,23301,0,9,935,1003,992,801,-452,0,825,1073,998,1023,-514
2026-05-03,2,21638,A,23055,19878,744,6417,0,23301,0,9,1048,1003,992,820,-394,0,833,1038,997,1047,-514
2026-05-03,3,21196,A,22700,19475,800,6417,0,23301,0,128,1045,1003,992,849,-362,0,882,1073,997,1181,-514
2026-05-03,4,21304,A,22973,19630,841,6417,0,23301,0,293,1097,1003,992,850,-362,0,884,1073,998,1189,-514
2026-05-03,5,21010,A,22677,19387,806,6417,0,23301,0,291,1123,1003,992,562,-362,0,761,1038,997,1162,-514
2026-05-03,6,20040,A,21711,18467,775,6417,0,23301,0,295,1063,1003,992,549,-362,0,756,1011,997,1150,-514
2026-05-03,7,19108,A,20633,17618,747,6417,0,23301,0,149,1088,1004,992,264,-362,0,602,714,997,770,-514
2026-05-03,8,19008,A,20394,17536,752,6417,0,23301,0,10,1094,1004,992,252,-362,0,594,650,998,739,-514
2026-05-03,9,18521,A,19907,17055,766,6417,0,23301,0,10,1036,1004,992,321,-362,0,169,313,997,570,-514
2026-05-03,10,18346,A,19732,16907,795,6417,0,23301,0,10,974,1005,992,324,-362,0,145,290,997,557,-514
2026-05-03,11,18132,A,19946,16731,773,6417,0,23301,0,10,941,1006,992,144,-362,0,-428,542,997,587,-514
2026-05-03,12,17897,A,19738,16464,796,6417,1,23301,0,10,821,1006,992,137,-362,0,-455,603,997,600,-514
2026-05-03,13,18357,A,20585,16808,767,6417,88,23301,0,361,518,1005,992,275,-362,0,-491,977,998,975,-514
2026-05-03,14,18609,A,20756,17142,792,6417,327,23301,0,282,723,1006,992,306,-362,0,-489,1048,997,1012,-514
2026-05-03,15,19596,A,21320,17912,839,6417,754,23301,0,282,261,1004,992,986,-386,0,-42,1358,997,1400,-514
2026-05-03,16,19956,A,21649,18258,857,6417,1318,23301,0,226,184,1004,992,1002,-453,0,2,1397,997,1429,-514
2026-05-03,17,20972,A,22611,19119,927,6417,1910,23301,0,166,11,1003,992,1003,-453,0,884,1397,997,1426,-520
2026-05-03,18,21192,A,22820,19336,920,6417,2552,23301,0,161,224,1003,992,1003,-453,0,941,1397,997,1426,-514
2026-05-03,19,22003,A,23631,20023,919,6417,3310,23301,0,161,153,1003,992,1003,-453,0,1014,1397,997,1426,-514
2026-05-03,20,22073,A,23701,20012,908,6417,4260,23301,0,161,45,1003,992,1002,-453,0,1017,1397,997,1426,-514
2026-05-03,21,22270,A,23898,20093,886,6417,4879,23301,0,161,70,1003,992,1003,-453,0,1017,1397,997,1426,-514
2026-05-03,22,22118,A,23747,19779,909,6417,5990,23301,0,162,-358,1003,992,1002,-453,0,1017,1397,997,1426,-514
2026-05-03,23,22159,A,23850,19798,858,6417,6486,23301,0,161,-377,1003,992,1003,-453,-63,992,1397,997,1426,-514
2026-05-03,24,22322,A,24013,19874,839,6417,6622,23301,0,9,-498,1003,992,1003,-453,-215,991,1397,997,1426,-514
2026-05-03,25,22336,A,24176,19862,794,6417,6554,23301,0,7,-683,1003,992,1002,-453,-366,1015,1397,997,1426,-514
2026-05-03,26,22267,A,24141,19815,771,6417,6380,23301,0,7,-720,1003,992,1003,-453,-400,1016,1397,997,1426,-514
2026-05-03,27,22216,A,24075,19791,725,6417,6239,23301,0,7,-597,1003,992,907,-453,-385,779,1397,997,1426,-514
2026-05-03,28,22049,A,23875,19666,698,6417,6024,23301,0,7,-696,1003,992,904,-453,-352,770,1397,997,1426,-514
2026-05-03,29,22005,A,23686,19592,658,6417,6018,23301,0,7,-807,1003,992,1002,-453,-207,972,1397,997,1426,-514
2026-05-03,30,22069,A,23725,19601,655,6417,6217,23301,0,7,-625,1003,992,1003,-453,-182,979,1397,997,1426,-514
2026-05-03,31,22483,A,24005,20001,592,6417,5771,23301,0,7,-710,1003,992,1002,-453,-48,971,1397,997,1426,-514
2026-05-03,32,22925,A,24463,20430,579,6417,5730,23301,0,7,-771,1003,992,1003,-453,-64,970,1397,997,1426,-514
2026-05-03,33,23703,A,25215,21166,555,6417,4950,23301,0,7,-734,1003,992,930,-441,-50,757,1397,997,1426,-514
2026-05-03,34,24810,A,26216,22165,555,6417,4282,23301,0,7,-519,1003,992,925,-354,-31,749,1397,997,1425,-514
2026-05-03,35,25595,A,27230,22855,516,6417,3643,23301,0,7,-507,1003,992,663,-439,-175,880,1397,997,1383,-514
2026-05-03,36,26544,A,28344,23765,512,6417,2934,23301,0,7,-381,1003,992,652,-453,-326,884,1397,997,1371,-514
2026-05-03,37,26637,A,28573,23844,465,6417,2113,23301,0,7,-252,1004,992,617,-453,-462,590,1397,997,1027,-514
2026-05-03,38,27150,A,29127,24476,455,6417,1318,23301,0,7,-31,1004,992,616,-453,-503,579,1397,997,1003,-514
2026-05-03,39,27426,A,29408,24835,406,6417,724,23301,0,3,272,1004,992,810,-453,-512,492,1397,997,1020,-514
2026-05-03,40,27250,A,29253,24670,419,6417,287,23301,0,6,314,1004,992,818,-453,-530,489,1397,997,1032,-514
2026-05-03,41,27376,A,29383,24822,409,6417,35,23301,0,10,159,1003,992,878,-453,-530,717,1397,997,1320,-514
2026-05-03,42,27062,A,29055,24408,426,6417,0,23301,0,10,-106,1003,992,879,-453,-516,725,1397,997,1337,-514
2026-05-03,43,26805,A,28812,24176,435,6417,0,23301,0,10,-247,1003,992,860,-453,-530,725,1397,997,1187,-514
2026-05-03,44,26323,A,28330,23671,441,6417,0,23301,0,10,-289,1003,992,860,-453,-530,725,1377,997,1170,-514
2026-05-03,45,25238,A,27218,22697,432,6417,0,23301,0,9,-277,1003,992,993,-453,-504,889,1129,998,940,-514
2026-05-03,46,23921,A,25782,21509,419,6417,0,23301,0,5,-352,1003,992,998,-453,-389,895,1117,998,923,-514
2026-05-03,47,22710,A,24495,20463,400,6417,0,23301,0,5,-533,1003,992,758,-453,-313,709,1366,997,895,-514
2026-05-03,48,22206,A,23870,20067,386,6417,0,23301,0,5,-505,1003,992,749,-386,-259,702,1397,997,894,-514
2026-05-04,1,21648,A,23410,19460,358,6417,0,23301,0,237,-868,1003,992,782,-333,-178,888,1397,997,1015,-514
2026-05-04,2,21653,A,23441,19465,353,6417,0,23301,0,312,-1014,1003,992,783,-333,-129,894,1397,997,1030,-514
2026-05-04,3,21533,A,23376,19345,338,6417,0,23301,0,312,-1137,1003,992,679,-333,-184,952,1391,997,1036,-514
2026-05-04,4,21536,A,23238,19435,318,6417,0,23301,0,168,-966,1003,992,675,-333,-187,953,1385,997,1035,-514
2026-05-04,5,20991,A,22766,18941,301,6417,0,23301,0,161,-948,1003,992,531,-333,-267,712,1316,997,921,-514
2026-05-04,6,20574,A,22512,18521,303,6417,0,23301,0,294,-1006,1003,992,497,-333,-297,700,1306,997,903,-514
2026-05-04,7,20012,A,22262,18071,311,6417,0,23301,0,437,-317,1004,991,-96,-333,-370,235,1299,997,531,-514
2026-05-04,8,19665,A,21842,17739,310,6417,0,23301,0,438,-613,1005,991,-104,-333,-288,213,1292,997,484,-514
2026-05-04,9,19325,A,21921,17461,321,6417,0,23301,0,88,-323,1005,991,-638,-333,-166,-70,1215,998,-287,-514
2026-05-04,10,19178,A,21824,17335,321,6417,0,23301,0,8,-104,1005,991,-729,-333,-111,-95,1216,997,-356,-514
2026-05-04,11,19052,A,23293,17230,321,6417,0,23301,0,8,457,1006,991,-1054,-331,-7,-851,1349,997,-976,-514
2026-05-04,12,19017,A,23352,17166,336,6417,1,23301,0,7,604,1007,991,-1068,-340,0,-894,1368,996,-1012,-514
2026-05-04,13,19753,A,23930,17835,336,6417,51,23301,0,7,803,1007,991,-1035,-344,0,-1002,1394,965,-775,-514
2026-05-04,14,20363,A,24572,18358,348,6417,238,23301,0,10,889,999,989,-1034,-444,-8,-997,1397,961,-702,-514
2026-05-04,15,21430,A,24146,19188,369,6417,544,23301,0,10,624,741,904,-769,-452,-108,-363,1397,893,493,-514
2026-05-04,16,21800,A,24500,19520,385,6417,977,23301,0,9,631,742,899,-690,-452,-208,-327,1397,888,611,-514
2026-05-04,17,23278,A,25054,20905,440,6417,1667,23301,0,9,769,917,904,94,-452,-301,121,1397,868,1026,-514
2026-05-04,18,23340,A,25210,20988,493,6417,2440,23301,0,91,702,924,907,103,-452,-314,147,1397,869,1064,-513
2026-05-04,19,24457,A,26467,22129,523,6417,3069,23301,0,163,822,903,968,672,-452,-381,716,1397,974,1401,-514
2026-05-04,20,24187,A,26136,21947,567,6417,3710,23301,0,170,805,907,972,773,-452,-313,744,1397,981,1424,-514
2026-05-04,21,24253,A,26261,22117,547,6417,4241,23301,0,167,937,998,988,973,-452,-375,894,1397,997,1424,-514
2026-05-04,22,24145,A,26253,22066,566,6417,4881,23301,0,165,1166,1002,989,981,-452,-477,899,1397,996,1424,-514
2026-05-04,23,24002,A,26160,21984,534,6417,5599,23301,0,167,1160,975,960,927,-452,-525,856,1397,920,1425,-514
2026-05-04,24,23534,A,25638,21511,524,6417,5911,23301,0,168,1230,972,959,924,-452,-470,854,1397,917,1425,-514
2026-05-04,25,23233,A,25335,21227,513,6417,6522,23301,0,170,1284,1000,989,981,-452,-466,882,1397,992,1425,-514
2026-05-04,26,23376,A,25473,21464,557,6417,6890,23301,0,166,1266,1003,992,982,-452,-465,883,1397,997,1425,-514
2026-05-04,27,22844,A,25381,20892,543,6417,6843,23301,0,562,1233,979,992,1036,-452,-502,963,1397,997,1425,-521
2026-05-04,28,22563,A,25297,20626,598,6417,6881,23301,0,783,1037,977,992,1038,-453,-484,966,1397,997,1425,-514
2026-05-04,29,22516,A,25159,20562,583,6417,6738,23301,0,666,855,977,992,999,-453,-510,751,1397,993,1401,-514
2026-05-04,30,22251,A,24955,20215,637,6417,6405,23301,0,850,751,978,992,996,-452,-388,743,1397,992,1388,-514
2026-05-04,31,22341,A,24790,20341,580,6417,5922,23301,0,604,1036,1003,992,657,-452,-379,533,1396,997,965,-514
2026-05-04,32,23118,A,25156,21047,620,6417,5200,23301,0,283,1075,1003,992,600,-452,-289,520,1397,997,931,-514
2026-05-04,33,23760,A,25596,21618,616,6417,4959,23301,0,29,1107,1004,991,3,-453,-375,23,1397,998,737,-479
2026-05-04,34,24946,A,26782,22669,617,6417,4560,23301,0,16,934,1004,991,0,-453,-347,-7,1397,997,719,-513
2026-05-04,35,26311,A,29439,23930,596,6417,3821,23301,0,14,1202,1005,991,-688,-453,-366,-593,1397,997,555,-514
2026-05-04,36,26891,A,30117,24458,637,6417,3068,23301,0,15,1224,985,985,-837,-453,-284,-623,1397,993,418,-514
2026-05-04,37,27174,A,32307,24865,629,6417,2331,23301,0,9,2131,501,754,-1054,-453,-400,-1006,1397,877,-1197,-514
2026-05-04,38,27495,A,32923,25252,666,6417,1525,23301,0,4,2091,503,745,-1062,-453,-477,-1022,1397,872,-1396,-514
2026-05-04,39,28032,A,33469,25704,652,6417,766,23301,0,4,1831,977,966,-1068,-453,-450,-1006,1397,989,-1442,-514
2026-05-04,40,28009,A,33514,25607,690,6417,314,23301,0,4,1587,993,980,-1069,-453,-521,-999,1397,996,-1445,-514
2026-05-04,41,27826,A,32763,25367,688,6417,88,23301,0,4,1180,939,912,-1064,-453,-529,-428,1397,951,-1445,-514
2026-05-04,42,27733,A,32589,25299,722,6417,0,23301,0,5,1370,940,909,-1062,-453,-515,-400,1397,948,-1407,-514
2026-05-04,43,28042,A,31148,25645,702,6417,0,23301,0,12,1128,987,939,-586,-453,-529,-121,1397,970,-391,-514
2026-05-04,44,27088,A,30086,24654,725,6417,0,23301,0,11,758,988,942,-563,-453,-529,-110,1397,972,-318,-514
2026-05-04,45,26177,A,29588,23894,713,6417,0,23301,0,9,698,1004,988,-758,-453,-529,-115,1397,994,-533,-514
2026-05-04,46,24071,A,27504,21866,720,6417,0,23301,0,9,315,1004,992,-765,-453,-529,-115,1389,996,-548,-514
2026-05-04,47,23132,A,26645,21128,701,6417,0,23301,0,6,695,1004,992,-736,-453,-528,-262,1290,996,-514,-514
2026-05-04,48,22406,A,25918,20479,691,6417,0,23301,0,9,868,1005,992,-734,-453,-528,-267,1248,996,-507,-514
2026-05-05,1,22150,A,25257,20224,655,6417,0,23301,0,9,1030,1005,992,-601,-453,-529,-172,874,996,-329,-514
2026-05-05,2,21803,A,24794,19869,622,6417,0,23301,0,8,810,1005,992,-595,-394,-484,-168,804,996,-316,-526
2026-05-05,3,21850,A,24625,19936,604,6417,0,23301,0,6,850,1004,992,-666,-372,-426,91,505,996,-291,-514
2026-05-05,4,21562,A,24293,19715,601,6417,0,23301,0,6,474,1004,992,-670,-372,-374,102,460,997,-295,-514
2026-05-05,5,21128,A,24240,19316,574,6417,0,23301,0,6,454,1004,992,-684,-372,-504,74,358,997,-532,-514
2026-05-05,6,20734,A,23890,18894,602,6417,0,23301,0,6,648,1004,992,-685,-372,-513,73,333,996,-554,-526
2026-05-05,7,20500,A,24078,18706,610,6417,0,23301,0,6,1030,1005,992,-828,-372,-511,-65,185,996,-782,-514
2026-05-05,8,20086,A,23647,18330,604,6417,0,23301,0,6,1111,1005,992,-835,-372,-450,-70,155,997,-814,-514
2026-05-05,9,19989,A,24347,18246,635,6417,0,23301,0,9,1348,1005,992,-951,-372,-372,-230,13,997,-1410,-514
2026-05-05,10,19492,A,23880,17742,642,6417,0,23301,0,9,1211,998,992,-956,-372,-337,-249,-1,996,-1450,-514
2026-05-05,11,20179,A,25433,18407,629,6417,0,23301,0,7,1169,836,992,-1049,-372,-382,-980,46,950,-1450,-514
2026-05-05,12,20293,A,25581,18490,635,6417,49,23301,0,12,1001,834,992,-1053,-372,-366,-1021,81,949,-1450,-514
2026-05-05,13,22455,A,27635,20570,629,6417,499,23301,0,12,1015,927,992,-1046,-379,-258,-1021,453,992,-1450,-514
2026-05-05,14,23884,A,29163,21838,635,6417,1248,23301,0,10,1039,931,990,-1045,-397,-371,-1008,529,995,-1434,-514
2026-05-05,15,25231,A,29037,22913,632,6417,2109,23301,0,13,536,939,952,-686,-452,-508,-281,903,973,-852,-514
2026-05-05,16,26231,A,29894,23754,644,6417,3026,23301,0,13,772,940,947,-622,-453,-531,-240,951,972,-790,-514
2026-05-05,17,26939,A,28950,24413,674,6417,4436,23301,0,13,482,981,891,259,-453,-531,50,972,973,22,-514
2026-05-05,18,26255,A,28266,23810,689,6417,5758,23301,0,13,286,982,889,285,-453,-531,61,945,973,88,-514
2026-05-05,19,25392,A,27400,22966,665,6417,6520,23301,0,11,226,1003,915,409,-452,-531,112,573,958,526,-514
2026-05-05,20,24413,A,26420,21948,671,6417,7528,23301,0,10,197,1003,918,416,-452,-531,114,534,956,561,-514
2026-05-05,21,23829,A,25835,21281,604,6417,8349,23301,0,9,97,989,936,825,-452,-531,287,629,921,730,-514
2026-05-05,22,23259,A,25265,20687,650,6417,8921,23301,0,9,341,984,937,843,-452,-531,293,661,919,745,-514
2026-05-05,23,23207,A,25213,20616,689,6417,9665,23301,0,9,281,841,928,462,-452,-531,116,908,952,728,-514
2026-05-05,24,23010,A,25016,20529,716,6417,10035,23301,0,9,513,840,927,445,-452,-531,110,946,954,726,-514
2026-05-05,25,23250,A,25256,20789,725,6417,9804,23301,0,9,507,922,902,506,-452,-531,274,1045,968,700,-514
2026-05-05,26,23283,A,25301,20785,804,6417,9263,23301,0,9,580,928,903,511,-452,-531,282,1032,969,699,-526
2026-05-05,27,23527,A,25798,21090,849,6417,8836,23301,0,274,522,999,986,962,-452,-531,687,712,995,760,-514
2026-05-05,28,23584,A,25869,21204,894,6417,8021,23301,0,288,641,1002,992,981,-452,-531,704,646,997,757,-514
2026-05-05,29,23386,A,25673,21016,904,6417,7162,23301,0,291,611,1003,992,645,-452,-530,810,313,997,466,-514
2026-05-05,30,23403,A,25690,21070,948,6417,6734,23301,0,291,730,1003,992,631,-452,-530,814,258,997,440,-514
2026-05-05,31,23805,A,25995,21555,1048,6417,6126,23301,0,193,915,1002,991,592,-452,-531,990,72,996,241,-514
2026-05-05,32,24477,A,26603,22161,1118,6417,5604,23301,0,129,883,1002,992,590,-452,-531,994,79,997,189,-514
2026-05-05,33,24368,A,27175,22004,1085,6417,4947,23301,0,17,861,1003,992,386,-452,-530,588,452,996,-794,-514
2026-05-05,34,26301,A,29184,23832,1110,6417,4351,23301,0,13,960,1003,991,373,-452,-530,567,528,994,-874,-514
2026-05-05,35,27017,A,30056,24467,1082,6417,3550,23301,0,14,1103,977,974,105,-452,-530,98,901,923,-1029,-514
2026-05-05,36,27999,A,31060,25463,1080,6417,2641,23301,0,15,1010,976,973,103,-452,-530,73,977,919,-1050,-514
2026-05-05,37,28903,A,33191,26434,1109,6417,1986,23301,0,5,1117,725,990,-427,-452,-530,-437,1351,947,-1423,-514
2026-05-05,38,29204,A,33561,26706,1152,6417,1259,23301,0,10,865,705,992,-488,-451,-521,-460,1387,950,-1448,-479
2026-05-05,39,29394,A,34297,26948,1213,6417,650,23301,0,10,972,980,992,-887,-451,-529,-565,1266,994,-1448,-513
2026-05-05,40,29483,A,34358,26998,1217,6417,249,23301,0,9,797,1005,992,-902,-451,-530,-544,1261,997,-1425,-514
2026-05-05,41,30223,A,33274,27607,1158,6417,39,23301,0,15,385,1003,992,-463,-451,-530,349,1382,997,-578,-514
2026-05-05,42,30129,A,33097,27420,1133,6417,0,23301,0,14,333,1003,992,-442,-451,-530,406,1397,997,-517,-514
2026-05-05,43,29776,A,32401,27104,1080,6417,0,23301,0,11,134,1003,992,-299,-451,-531,180,1397,997,-319,-514
2026-05-05,44,28617,A,31218,25884,1069,6417,0,23301,0,5,-347,1003,992,-294,-451,-530,171,1367,997,-307,-514
2026-05-05,45,27019,A,30061,24474,957,6417,0,23301,0,3,-213,1004,992,-565,-451,-530,-89,993,997,-390,-514
2026-05-05,46,25360,A,28392,22994,920,6417,0,23301,0,3,-269,1004,991,-556,-451,-529,-89,918,996,-390,-514
2026-05-05,47,24012,A,26246,21802,857,6417,0,23301,0,4,-343,995,982,-106,-451,-516,554,545,986,-143,-514
2026-05-05,48,23168,A,25285,20983,862,6417,0,23301,0,5,-389,994,981,-104,-451,-421,587,497,984,-122,-514
2026-05-06,1,23175,A,25171,20939,839,6417,0,23301,0,12,-524,978,963,314,-451,-507,692,479,962,25,-526
2026-05-06,2,22743,A,24920,20573,815,6417,0,23301,0,184,-445,977,961,349,-451,-528,696,476,960,40,-514
2026-05-06,3,22545,A,25105,20306,764,6417,0,23301,0,567,-516,977,961,411,-451,-528,824,461,960,242,-514
2026-05-06,4,22776,A,25355,20592,771,6417,0,23301,0,585,-317,977,962,413,-451,-529,829,455,960,257,-514
2026-05-06,5,22359,A,24940,20215,760,6417,0,23301,0,587,-340,931,961,456,-451,-529,688,408,960,280,-514
2026-05-06,6,21767,A,24547,19681,753,6417,0,23301,0,785,-376,927,962,457,-451,-530,684,383,961,281,-514
2026-05-06,7,21716,A,24566,19634,754,6417,0,23301,0,854,-536,973,977,357,-451,-531,957,134,984,275,-514
2026-05-06,8,20805,A,23658,18700,746,6417,0,23301,0,858,-713,977,978,343,-451,-530,968,97,985,260,-514
2026-05-06,9,20685,A,23872,18666,710,6417,0,23301,0,762,-373,1000,991,-251,-451,-452,939,6,996,-257,-514
2026-05-06,10,21091,A,24228,19023,712,6417,0,23301,0,628,-358,1002,992,-296,-451,-432,895,-1,997,-315,-514
2026-05-06,11,20819,A,25026,18828,749,6417,0,23301,0,19,-246,1004,992,-1034,-451,-349,-198,44,997,-1142,-514
2026-05-06,12,21282,A,25761,19194,760,6417,49,23301,0,52,-353,1004,992,-1069,-451,-421,-284,79,997,-1188,-514
2026-05-06,13,23062,A,26736,20798,753,6417,455,23301,0,80,-237,1004,989,-750,-451,-317,-227,452,997,-835,-514
2026-05-06,14,24468,A,27990,22193,724,6417,1207,23301,0,13,128,1004,989,-673,-451,-397,-185,528,997,-789,-514
2026-05-06,15,26912,A,28910,24316,683,6417,2170,23301,0,13,-418,1002,992,538,-451,-520,875,901,997,90,-514
2026-05-06,16,27499,A,29505,24713,716,6417,3188,23301,0,10,-636,1001,992,632,-451,-531,955,977,998,165,-514
2026-05-06,17,27843,A,29849,24962,725,6417,4321,23301,0,10,-928,1002,992,824,-451,-531,984,1349,997,685,-514
2026-05-06,18,27375,A,29383,24546,764,6417,5492,23301,0,12,-877,1002,992,831,-451,-531,985,1396,998,723,-514
2026-05-06,19,26853,A,28860,24020,707,6417,6284,23301,0,12,-966,1002,992,1048,-451,-531,1010,1397,997,790,-513
2026-05-06,20,25652,A,27660,22864,700,6417,7167,23301,0,12,-1371,1002,991,1057,-451,-531,1011,1397,998,793,-514
2026-05-06,21,24873,A,26835,22224,649,6417,8156,23301,0,11,-1212,1002,982,838,-451,-486,904,1397,992,740,-514
2026-05-06,22,24359,A,26286,21748,674,6417,9183,23301,0,12,-1303,1002,982,829,-451,-450,900,1397,991,736,-514
2026-05-06,23,23842,A,25848,21298,660,6417,10040,23301,0,13,-1194,1002,991,1030,-451,-528,1012,1397,998,762,-514
2026-05-06,24,23651,A,25660,21145,645,6417,10583,23301,0,14,-1085,1002,991,1037,-451,-530,1016,1397,997,764,-514
2026-05-06,25,23524,A,25533,21046,623,6417,10557,23301,0,14,-1097,1002,973,1020,-451,-530,988,1397,997,780,-514
2026-05-06,26,23380,A,25390,20889,652,6417,10246,23301,0,15,-1097,1002,973,1019,-451,-530,986,1397,998,794,-514
2026-05-06,27,23329,A,25487,20808,592,6417,10233,23301,0,175,-1264,1002,990,1013,-451,-519,1015,1397,997,1248,-513
2026-05-06,28,23605,A,25665,21163,614,6417,9811,23301,0,96,-1096,1002,991,1013,-451,-529,1016,1397,998,1279,-484
2026-05-06,29,23807,A,25820,21330,564,6417,8737,23301,0,20,-1158,1002,992,1013,-451,-529,926,1397,998,1209,-513
2026-05-06,30,24007,A,26022,21515,582,6417,8160,23301,0,19,-1135,1003,992,1011,-452,-530,923,1394,997,1202,-514
2026-05-06,31,24946,A,26960,22510,576,6417,7370,23301,0,20,-1117,1003,992,983,-451,-529,875,1357,998,1135,-514
2026-05-06,32,25633,A,27646,23213,629,6417,6525,23301,0,19,-698,1002,992,981,-451,-529,873,1339,998,1115,-514
2026-05-06,33,26647,A,28652,24193,597,6417,5689,23301,0,17,-418,1003,992,926,-451,-523,806,1177,997,565,-514
2026-05-06,34,27853,A,29861,25241,624,6417,4769,23301,0,15,78,1003,992,926,-451,-528,803,1165,997,530,-514
2026-05-06,35,28979,A,30988,26262,604,6417,4038,23301,0,15,109,1003,992,739,-451,-529,649,1263,998,664,-514
2026-05-06,36,29885,A,31894,27157,612,6417,3123,23301,0,15,253,1003,990,728,-452,-528,643,1284,996,656,-514
2026-05-06,37,29907,A,31938,27194,635,6417,2078,23301,0,11,527,962,913,219,-451,-527,490,1384,935,-29,-513
2026-05-06,38,30709,A,32751,28003,664,6417,1466,23301,0,5,511,931,911,195,-451,-496,486,1384,934,-76,-514
2026-05-06,39,31215,A,33239,28542,666,6417,987,23301,0,6,669,996,987,507,-451,-494,813,1221,994,-59,-514
2026-05-06,40,31031,A,33083,28364,685,6417,405,23301,0,4,764,1002,987,521,-451,-528,826,1197,996,-42,-527
2026-05-06,41,30785,A,32785,28145,677,6417,73,23301,0,8,650,1003,812,658,-451,-527,686,1136,962,519,-514
2026-05-06,42,30158,A,32159,27546,712,6417,0,23301,0,8,635,1003,805,663,-451,-528,681,1136,960,562,-514
2026-05-06,43,30735,A,32736,28163,739,6417,0,23301,0,9,927,1002,980,799,-451,-527,894,1214,995,699,-514
2026-05-06,44,29174,A,31180,26695,791,6417,0,23301,0,14,863,1002,990,804,-451,-527,898,1197,990,710,-514
2026-05-06,45,27740,A,29746,25454,825,6417,0,23301,0,13,1223,1003,929,700,-451,-528,429,848,744,756,-514
2026-05-06,46,26520,A,28525,24470,842,6417,0,23301,0,12,1451,1002,921,641,-451,-528,401,776,729,737,-514
2026-05-06,47,25182,A,27651,23283,837,6417,0,23301,0,11,1829,851,795,-169,-451,-528,-177,402,779,-119,-514
2026-05-06,48,23942,A,26513,22164,890,6417,0,23301,0,12,1778,837,791,-184,-451,-527,-205,332,785,-178,-514
2026-05-07,1,23641,A,26542,21796,930,6417,0,23301,0,10,1674,961,979,-447,-451,-527,-247,33,892,-205,-514
2026-05-07,2,22956,A,26113,21016,980,6417,0,23301,0,237,1490,972,989,-458,-451,-527,-249,-7,901,-214,-514
2026-05-07,3,22861,A,26715,20976,1018,6417,0,23301,0,295,1831,964,891,-717,-451,-527,-376,-41,964,-433,-514
2026-05-07,4,23018,A,26926,21201,1048,6417,0,23301,0,295,1900,963,886,-727,-451,-527,-380,-67,969,-447,-514
2026-05-07,5,22710,A,26824,20982,1014,6417,0,23301,0,168,1965,1000,985,-762,-451,-527,-452,-342,995,-398,-514
2026-05-07,6,22089,A,26321,20409,1015,6417,0,23301,0,223,2029,1004,992,-764,-451,-527,-454,-393,996,-406,-514
2026-05-07,7,21904,A,26483,20258,1018,6417,0,23301,0,25,1954,1004,992,-761,-451,-527,-377,-607,996,-817,-514
2026-05-07,8,21336,A,25985,19701,1024,6417,0,23301,0,11,1934,1004,992,-761,-451,-528,-375,-656,997,-853,-514
2026-05-07,9,21073,A,26731,19532,1049,6417,0,23301,0,56,2224,1004,992,-883,-451,-527,-664,-931,981,-1132,-514
2026-05-07,10,21083,A,26905,19626,1068,6417,0,23301,0,169,2438,1004,992,-887,-451,-514,-675,-954,980,-1158,-514
2026-05-07,11,20896,A,27169,19439,1069,6417,0,23301,0,316,2518,1004,992,-1012,-451,-463,-805,-813,996,-1399,-514
2026-05-07,12,21117,A,27326,19621,1097,6417,69,23301,0,320,2663,1004,992,-1017,-451,-429,-809,-765,996,-1404,-514
2026-05-07,13,22759,A,27860,21153,1035,6417,412,23301,0,311,2513,1004,992,-893,-451,-521,-537,-382,996,-992,-514
2026-05-07,14,24413,A,29254,22673,1004,6417,945,23301,0,311,2353,1004,992,-791,-451,-530,-495,-305,996,-944,-514
2026-05-07,15,26658,A,29204,24629,952,6417,1826,23301,0,313,2010,1002,992,94,-451,-529,475,74,996,-236,-517
2026-05-07,16,27410,A,29891,25229,955,6417,2988,23301,0,310,1860,1001,992,103,-451,-529,543,151,997,-177,-514
2026-05-07,17,27726,A,30035,25409,951,6417,4062,23301,0,314,1618,1001,992,433,-451,-530,355,523,997,238,-514
2026-05-07,18,27429,A,29737,25084,959,6417,5014,23301,0,313,1654,1002,992,471,-451,-530,354,569,997,257,-514
2026-05-07,19,27013,A,29526,24630,1067,6417,5850,23301,0,317,1537,1001,992,785,-451,-530,893,571,996,-201,-514
2026-05-07,20,25979,A,28511,23626,1193,6417,6759,23301,0,320,1582,1000,992,799,-451,-530,918,555,997,-217,-514
2026-05-07,21,25379,A,27620,23117,1229,6417,7959,23301,0,319,1508,1000,992,926,-451,-457,918,354,996,354,-514
2026-05-07,22,24735,A,27105,22465,1284,6417,8497,23301,0,591,1310,1001,992,928,-451,-314,918,307,997,412,-514
2026-05-07,23,24636,A,27529,22249,1378,6417,8899,23301,0,1076,1230,1000,992,1027,-451,-352,1013,30,996,1073,-514
2026-05-07,24,24720,A,27624,22389,1445,6417,8893,23301,0,1174,1351,1000,992,1031,-422,-301,1016,7,996,1115,-507
2026-05-07,25,24787,A,27818,22571,1434,6417,8471,23301,0,1166,1597,1000,992,1054,-451,-407,1016,143,997,1003,-507
2026-05-07,26,24717,A,27675,22485,1526,6417,8203,23301,0,1159,1651,1000,992,1054,-451,-342,1016,149,996,988,-506
2026-05-07,27,24475,A,27446,22359,1535,6417,7985,23301,0,1166,2012,1000,992,949,-451,-347,892,12,996,733,-507
2026-05-07,28,24279,A,27120,22251,1575,6417,7735,23301,0,1044,2121,1001,992,944,-451,-352,887,-5,997,702,-489
2026-05-07,29,23876,A,26550,21970,1540,6417,7024,23301,0,888,2576,1001,992,605,-451,-317,600,-5,996,227,-513
2026-05-07,30,24360,A,26704,22426,1544,6417,6215,23301,0,610,2490,1002,992,590,-451,-315,589,-5,997,198,-463
2026-05-07,31,24638,A,26719,22799,1478,6417,5960,23301,0,326,2324,1003,992,314,-451,-333,790,-5,997,343,-466
2026-05-07,32,25245,A,27236,23321,1499,6417,5543,23301,0,272,2289,1003,992,302,-452,-249,797,-5,997,356,-513
2026-05-07,33,25809,A,27967,23796,1469,6417,5098,23301,0,18,2592,1003,992,-299,-452,-371,797,-4,997,461,-514
2026-05-07,34,26752,A,29074,24651,1477,6417,4707,23301,0,18,2712,1003,992,-328,-452,-505,796,-5,996,446,-514
2026-05-07,35,27618,A,30093,25354,1432,6417,4097,23301,0,13,2675,1003,992,-107,-452,-528,467,-5,997,-356,-514
2026-05-07,36,28485,A,31014,26219,1466,6417,3157,23301,0,11,2673,1004,992,-104,-452,-528,453,-5,997,-415,-514
2026-05-07,37,28954,A,31634,26816,1466,6417,2280,23301,0,7,2852,1004,992,-104,-452,-527,71,-5,997,-571,-514
2026-05-07,38,29185,A,31891,27040,1454,6417,1482,23301,0,4,2644,1004,992,-118,-451,-528,50,-8,997,-583,-514
2026-05-07,39,29612,A,33217,27479,1397,6417,787,23301,0,3,2775,1005,992,-503,-452,-529,-432,-49,997,-623,-514
2026-05-07,40,30297,A,33924,28090,1414,6417,371,23301,0,0,2455,1005,992,-505,-451,-528,-453,-51,997,-625,-514
2026-05-07,41,29806,A,33285,27557,1448,6417,58,23301,0,5,2547,1006,992,-340,-451,-529,-562,-10,997,-568,-514
2026-05-07,42,29922,A,33359,27644,1575,6417,0,23301,0,6,2694,1006,992,-320,-452,-529,-565,-5,997,-546,-514
2026-05-07,43,29580,A,31913,27283,1631,6417,0,23301,0,5,2353,1005,992,94,-452,-529,-328,-5,997,116,-514
2026-05-07,44,28636,A,30961,26442,1679,6417,0,23301,0,6,2284,1005,992,102,-451,-529,-320,-5,996,141,-514
2026-05-07,45,27120,A,30869,25035,1637,6417,0,23301,0,12,2501,1006,992,-493,-452,-529,-672,-7,951,-570,-514
2026-05-07,46,25695,A,29636,23789,1665,6417,0,23301,0,12,2335,1006,992,-571,-452,-530,-686,-37,949,-639,-514
2026-05-07,47,24175,A,29868,22410,1668,6417,0,23301,0,139,2447,1006,992,-962,-452,-530,-783,-414,993,-1399,-514
2026-05-07,48,23474,A,29316,21800,1674,6417,0,23301,0,167,2286,1006,991,-978,-452,-530,-787,-469,997,-1445,-514
2026-05-08,1,23077,A,28528,21405,1592,6417,0,23301,0,166,2136,1006,956,-944,-451,-520,-548,-577,996,-1231,-514
2026-05-08,2,22888,A,28234,21174,1575,6417,0,23301,0,162,1966,1006,954,-942,-451,-440,-539,-585,997,-1213,-514
2026-05-08,3,22727,A,27897,21034,1423,6417,0,23301,0,161,1836,1006,989,-913,-452,-521,-508,-525,996,-1076,-514
2026-05-08,4,22733,A,27885,21080,1383,6417,0,23301,0,163,1830,1006,992,-912,-452,-530,-505,-509,996,-1067,-514
2026-05-08,5,22275,A,26967,20596,1312,6417,0,23301,0,167,1493,1005,992,-929,-451,-529,-99,-406,997,-1097,-514
2026-05-08,6,21558,A,26245,19894,1289,6417,0,23301,0,166,1447,1005,992,-931,-451,-529,-82,-410,997,-1104,-514
2026-05-08,7,21336,A,26109,19688,1219,6417,0,23301,0,10,1501,1005,992,-895,-452,-530,154,-612,996,-1259,-515
2026-05-08,8,20736,A,25551,19085,1159,6417,0,23301,0,6,1415,1005,992,-896,-452,-529,161,-648,996,-1270,-514
2026-05-08,9,20791,A,25951,19112,1055,6417,0,23301,0,6,1572,1005,992,-919,-452,-528,-156,-792,997,-1293,-514
2026-05-08,10,20940,A,26208,19162,1036,6417,0,23301,0,122,1334,1006,992,-920,-451,-511,-169,-783,996,-1298,-514
2026-05-08,11,20878,A,25806,19070,977,6417,0,23301,0,165,1312,1005,992,-1037,-451,-379,-23,-446,996,-1413,-514
2026-05-08,12,21306,A,26055,19512,955,6417,59,23301,0,164,1298,1005,992,-1043,-452,-281,-16,-375,996,-1404,-514
2026-05-08,13,23023,A,26613,21068,813,6417,369,23301,0,164,1077,1004,992,-870,-452,-265,322,3,996,-825,-514
2026-05-08,14,24369,A,27922,22293,739,6417,987,23301,0,165,950,1004,992,-770,-452,-402,336,79,997,-750,-514
2026-05-08,15,26350,A,28507,23907,652,6417,1910,23301,0,173,486,1004,992,-3,-452,-515,595,452,997,202,-514
2026-05-08,16,27405,A,29529,24731,631,6417,2937,23301,0,165,440,1004,992,0,-452,-493,607,527,998,290,-514
2026-05-08,17,27881,A,30048,25088,599,6417,4098,23301,0,170,246,1002,992,828,-452,-531,982,901,997,755,-514
2026-05-08,18,27036,A,29204,24302,631,6417,5221,23301,0,172,154,1002,992,1056,-452,-530,997,977,997,787,-514
2026-05-08,19,27066,A,29230,24333,625,6417,6166,23301,0,168,185,1002,992,1043,-451,-531,1016,1350,997,794,-514
2026-05-08,20,25507,A,27673,22810,649,6417,7537,23301,0,171,-243,1002,992,1043,-451,-530,1016,1397,997,794,-514
2026-05-08,21,24454,A,26578,21980,640,6417,8642,23301,0,167,-92,1002,991,1054,-451,-492,1002,1397,998,794,-514
2026-05-08,22,23815,A,25977,21456,672,6417,9687,23301,0,167,-149,1002,991,1054,-451,-530,1001,1397,998,794,-514
2026-05-08,23,23146,A,25308,20674,630,6417,10182,23301,0,167,-226,1002,991,1050,-451,-530,1015,1397,997,794,-514
2026-05-08,24,22928,A,25400,20465,648,6417,10486,23301,0,478,-148,1003,991,1050,-451,-530,1016,1397,997,794,-513
2026-05-08,25,22626,A,25264,20220,624,6417,10641,23301,0,643,-26,1002,991,1054,-451,-530,1016,1397,997,794,-514
2026-05-08,26,22160,A,24630,19794,662,6417,10524,23301,0,475,-10,1002,991,1054,-451,-530,1016,1397,997,794,-514
2026-05-08,27,21682,A,24036,19361,627,6417,11198,23301,0,360,106,1002,991,1055,-451,-529,1016,1397,997,781,-514
2026-05-08,28,21122,A,23432,18837,631,6417,10802,23301,0,316,-102,1002,992,1054,-451,-529,1016,1397,998,780,-514
2026-05-08,29,20870,A,23344,18550,622,6417,10434,23301,0,480,-129,1002,992,1053,-451,-529,997,1397,997,793,-514
2026-05-08,30,20921,A,23565,18528,645,6417,9789,23301,0,650,40,1002,992,1054,-451,-529,996,1397,997,794,-514
2026-05-08,31,21179,A,23760,18745,640,6417,8721,23301,0,588,-26,1002,992,1050,-451,-528,996,1397,997,794,-514
2026-05-08,32,22234,A,24776,19809,687,6417,7413,23301,0,549,258,1002,992,1048,-451,-528,996,1367,997,788,-514
2026-05-08,33,23014,A,25363,20532,670,6417,6503,23301,0,357,365,1002,992,824,-451,-527,996,993,997,538,-514
2026-05-08,34,24434,A,26618,21816,635,6417,5846,23301,0,192,269,1002,992,807,-451,-527,996,977,997,507,-514
2026-05-08,35,25953,A,27952,23269,593,6417,4741,23301,0,8,280,1003,992,638,-451,-527,767,1351,997,31,-513
2026-05-08,36,27193,A,29206,24455,591,6417,3699,23301,0,6,239,1003,992,629,-451,-527,758,1397,997,-15,-514
2026-05-08,37,27787,A,30302,25066,564,6417,2660,23301,0,10,583,1003,992,228,-451,-527,856,1397,997,-513,-514
2026-05-08,38,28334,A,30889,25608,588,6417,1913,23301,0,9,705,1003,992,202,-451,-527,859,1397,996,-554,-514
2026-05-08,39,28407,A,31499,25687,577,6417,1101,23301,0,5,578,1003,992,-269,-451,-527,633,1397,997,-826,-514
2026-05-08,40,28679,A,31746,25999,593,6417,461,23301,0,5,655,1003,992,-290,-451,-498,626,1397,997,-809,-514
2026-05-08,41,29039,A,30946,26349,571,6417,94,23301,0,10,476,1003,992,279,-451,-432,912,1397,997,155,-514
2026-05-08,42,28695,A,30499,26032,605,6417,1,23301,0,11,140,1003,992,309,-451,-333,923,1389,997,238,-509
2026-05-08,43,27921,A,29707,25307,602,6417,0,23301,0,13,20,1003,992,359,-451,-308,826,1294,996,510,-514
2026-05-08,44,27018,A,28751,24359,613,6417,0,23301,0,13,6,1003,992,357,-451,-307,822,1253,997,521,-462
2026-05-08,45,26222,A,27734,23636,641,6417,0,23301,0,13,329,1003,992,105,-372,-156,834,881,996,99,-471
2026-05-08,46,25127,A,26400,22664,639,6417,0,23301,0,11,542,1003,992,103,-259,-21,835,864,996,70,-482
2026-05-08,47,24180,A,25379,21795,615,6417,0,23301,0,10,833,1003,992,512,-180,0,969,1237,996,70,-509
2026-05-08,48,23914,A,24953,21566,609,6417,0,23301,0,9,1333,1003,992,566,-52,0,974,1255,997,71,-478
2026-05-09,1,23086,A,24179,20717,593,6417,0,23301,0,10,1154,1003,992,515,-94,0,979,913,997,121,-489
2026-05-09,2,22948,A,23817,20590,577,6417,0,23301,0,9,1221,1003,992,512,-9,0,979,853,997,122,-351
2026-05-09,3,22696,A,23424,20446,559,6417,0,23301,0,7,1565,1003,992,587,0,0,861,641,997,6,-221
2026-05-09,4,22343,A,22977,20165,557,6417,0,23301,0,7,1597,1003,992,568,0,0,857,598,997,-5,-122
2026-05-09,5,21821,A,22768,19714,558,6417,0,23301,0,7,1669,1003,992,105,-36,0,975,394,997,-179,-225
2026-05-09,6,21142,A,22080,19053,551,6417,0,23301,0,7,1469,1003,992,103,-18,-11,980,375,996,-197,-205
2026-05-09,7,20534,A,22308,18537,555,6417,0,23301,0,7,1685,1003,992,-239,-130,-103,949,452,997,-462,-333
2026-05-09,8,20452,A,22250,18467,569,6417,0,23301,0,7,1806,1003,992,-267,-44,-19,948,445,997,-486,-475
2026-05-09,9,20009,A,22428,18054,589,6417,0,23301,0,7,2070,1003,992,-785,0,0,836,241,996,-706,-421
2026-05-09,10,19744,A,22085,17844,604,6417,0,23301,0,7,2131,1004,992,-809,0,0,824,235,996,-712,-313
2026-05-09,11,19685,A,21311,17861,610,6417,0,23301,0,7,2111,1005,992,-454,0,0,230,470,996,-404,-261
2026-05-09,12,19386,A,20829,17574,636,6417,127,23301,0,9,2203,1005,992,-422,0,0,201,528,997,-372,-140
2026-05-09,13,19926,A,20669,18012,661,6417,619,23301,0,11,1850,1004,992,235,0,0,544,901,997,-19,-213
2026-05-09,14,20467,A,21167,18426,689,6417,1389,23301,0,16,2008,1004,992,277,0,0,558,977,997,22,-184
2026-05-09,15,21088,A,21723,18928,686,6417,2367,23301,0,46,1439,1003,992,955,0,0,854,1351,997,723,-89
2026-05-09,16,20538,A,21068,18310,724,6417,3448,23301,0,13,1425,1002,992,983,0,0,865,1397,997,785,-17
2026-05-09,17,20855,A,21483,18553,718,6417,4544,23301,0,14,1353,1002,992,1003,0,0,992,1397,997,1382,-114
2026-05-09,18,20385,A,20923,18064,770,6417,5750,23301,0,14,1368,1002,992,1004,0,0,997,1397,997,1425,-24
2026-05-09,19,20262,A,20781,17857,719,6417,7089,23301,0,14,1537,1002,992,1003,0,0,1016,1397,997,1427,-5
2026-05-09,20,19659,A,20217,17233,763,6417,8093,23301,0,12,1420,1002,992,1003,-46,0,1016,1397,997,1429,0
2026-05-09,21,19197,A,19980,16840,743,6417,9209,23301,0,283,1308,1002,992,1003,15,0,1017,1397,998,1429,67
2026-05-09,22,18418,A,19315,16007,732,6417,10198,23301,0,397,893,1003,992,1003,26,0,1016,1397,998,1429,150
2026-05-09,23,17873,A,19126,15442,754,6417,11299,23301,0,753,1027,1002,992,1003,144,0,1016,1397,997,1429,150
2026-05-09,24,17491,A,18879,15071,798,6417,11768,23301,0,888,704,1002,992,1004,116,0,1016,1397,997,1425,150
2026-05-09,25,17303,A,18681,14890,820,6417,11907,23301,0,878,635,1003,992,1003,182,0,1016,1397,997,1425,150
2026-05-09,26,17165,A,18543,14874,812,6417,11905,23301,0,878,774,1002,992,1004,185,0,1016,1397,996,1425,150
2026-05-09,27,16403,A,17783,14100,818,6417,11578,23301,0,880,639,1002,992,1003,290,0,1016,1397,997,1425,150
2026-05-09,28,16502,A,17874,14204,847,6417,11242,23301,0,872,634,1002,992,1003,262,0,1016,1397,997,1425,150
2026-05-09,29,15917,A,17350,13709,888,6417,10327,23301,0,933,187,1002,992,1004,181,1,997,1397,997,1425,150
2026-05-09,30,16698,A,18225,14454,933,6417,9715,23301,0,1027,5,1003,992,1003,180,46,996,1397,996,1425,150
2026-05-09,31,17082,A,18491,14870,1000,6417,9026,23301,0,909,230,1002,992,1003,180,15,996,1397,997,1424,150
2026-05-09,32,17787,A,19131,15601,1071,6417,8333,23301,0,844,311,1002,992,1004,180,14,995,1397,997,1418,150
2026-05-09,33,19089,A,19762,16854,1128,6417,7593,23301,0,173,518,1003,992,770,180,113,757,1397,997,1185,149
2026-05-09,34,20708,A,21218,18353,1131,6417,6675,23301,0,10,492,1003,992,760,180,22,748,1395,997,1154,150
2026-05-09,35,22052,A,22558,19558,1125,6417,5566,23301,0,6,516,1002,992,684,180,0,952,1367,997,621,150
2026-05-09,36,23572,A,24080,21076,1159,6417,4501,23301,0,8,752,1002,992,680,180,0,957,1357,997,557,150
2026-05-09,37,24416,A,25222,21876,1171,6417,3338,23301,0,6,748,1003,992,291,99,0,558,1281,996,-300,150
2026-05-09,38,25266,A,26153,22770,1209,6417,2191,23301,0,6,760,1003,992,269,2,0,540,1259,996,-381,150
2026-05-09,39,25120,A,26808,22710,1207,6417,1185,23301,0,5,814,820,992,3,0,0,259,1104,997,-1183,150
2026-05-09,40,25115,A,26847,22771,1292,6417,599,23301,0,5,744,-1,992,0,36,0,248,1061,998,-1226,141
2026-05-09,41,25046,A,26356,22643,1348,6417,127,23301,0,5,480,-1,992,287,0,0,410,758,998,-804,32
2026-05-09,42,24985,A,26274,22504,1451,6417,2,23301,0,5,220,-1,992,315,10,0,422,703,998,-756,-27
2026-05-09,43,25217,A,26040,22645,1515,6417,0,23301,0,9,-99,-1,992,545,-68,0,966,484,998,-52,-193
2026-05-09,44,24422,A,25305,21817,1566,6417,0,23301,0,7,-742,-1,992,555,-68,0,992,427,998,0,-307
2026-05-09,45,23572,A,24373,21180,1559,6417,0,23301,0,6,-611,-1,992,449,0,0,895,53,998,0,-294
2026-05-09,46,22926,A,23667,20679,1505,6417,0,23301,0,11,-455,-1,992,445,0,0,891,19,998,-3,-226
2026-05-09,47,21449,A,22399,19217,1476,6417,0,23301,0,14,-796,448,992,470,0,0,993,173,997,-213,-223
2026-05-09,48,21091,A,21960,18937,1417,6417,0,23301,0,14,-684,490,992,471,0,0,997,179,997,-225,-130
2026-05-10,1,20832,A,21476,18710,1349,6417,0,23301,0,12,-644,490,992,606,0,0,965,19,997,-14,-118
2026-05-10,2,20304,A,20854,18148,1354,6417,0,23301,0,12,-686,490,992,611,0,0,964,0,997,0,-38
2026-05-10,3,19891,A,20500,17742,1310,6417,0,23301,0,12,-689,490,992,621,0,0,996,-5,998,-33,-59
2026-05-10,4,19905,A,20546,17787,1315,6417,0,23301,0,12,-677,490,992,622,-9,0,997,-7,998,-52,-61
2026-05-10,5,19523,A,20860,17445,1302,6417,0,23301,0,12,-549,490,992,663,-117,0,997,-7,998,-489,-212
2026-05-10,6,19005,A,20554,16972,1308,6417,0,23301,0,46,-383,490,992,664,-117,0,997,5,997,-521,-365
2026-05-10,7,18634,A,20161,16684,1260,6417,0,23301,0,63,-245,490,992,333,-7,0,950,139,997,-588,-369
2026-05-10,8,18266,A,19827,16309,1286,6417,0,23301,0,98,-575,490,992,319,0,0,948,144,998,-606,-357
2026-05-10,9,17842,A,19886,15881,1274,6417,0,23301,0,79,-634,490,992,225,0,0,924,11,998,-1074,-391
2026-05-10,10,17772,A,19900,15838,1287,6417,0,23301,0,107,-664,490,992,221,0,0,923,-14,998,-1106,-401
2026-05-10,11,17225,A,19704,15310,1262,6417,0,23301,0,307,-527,490,992,128,0,0,859,-104,997,-1126,-442
2026-05-10,12,17006,A,19266,15097,1296,6417,92,23301,0,103,-667,490,992,124,-4,0,857,-106,997,-1107,-440
2026-05-10,13,17157,A,19130,15200,1351,6417,500,23301,0,523,-912,490,992,377,-111,0,692,2,998,-342,-497
2026-05-10,14,17089,A,19205,15101,1337,6417,1141,23301,0,776,-845,490,992,385,-200,-23,687,46,998,-216,-401
2026-05-10,15,17994,A,20376,15912,1379,6417,1858,23301,0,1022,-1041,490,992,903,-231,-142,946,420,998,1060,-487
2026-05-10,16,18199,A,20599,16051,1414,6417,2708,23301,0,1021,-1046,490,992,929,-250,-115,956,495,997,1191,-514
2026-05-10,17,18582,A,20972,16418,1411,6417,3575,23301,0,1002,-1267,490,992,1001,-281,-93,995,868,997,1191,-514
2026-05-10,18,18816,A,21252,16672,1403,6417,4222,23301,0,998,-1393,490,992,1003,-300,-124,997,915,997,1195,-514
2026-05-10,19,18978,A,21080,16849,1382,6417,5058,23301,0,779,-1359,490,992,1003,-300,-10,1016,932,997,1372,-513
2026-05-10,20,19310,A,21342,17205,1362,6417,6037,23301,0,718,-951,490,992,1004,-300,0,1016,944,997,1383,-514
2026-05-10,21,18943,A,20891,16868,1316,6417,7054,23301,0,722,-794,490,992,1003,-248,0,1016,1081,997,1343,-478
2026-05-10,22,18745,A,20729,16680,1337,6417,7914,23301,0,715,-756,490,992,1003,-256,0,1016,1099,997,1341,-513
2026-05-10,23,18677,A,20862,16607,1289,6417,8678,23301,0,716,-880,490,992,1003,-392,-63,1016,1102,997,1417,-514
2026-05-10,24,18611,A,21001,16624,1283,6417,9174,23301,0,710,-482,490,992,1003,-451,-215,1016,1091,997,1422,-514
2026-05-10,25,18964,A,21493,17066,1190,6417,9291,23301,0,708,-2,490,992,1004,-451,-356,1016,945,997,1422,-514
2026-05-10,26,18975,A,21477,17093,1226,6417,9368,23301,0,716,287,490,992,1003,-451,-321,1016,932,998,1422,-514
2026-05-10,27,18887,A,21276,16943,1184,6417,9409,23301,0,601,780,490,992,1003,-451,-324,1016,993,997,1422,-513
2026-05-10,28,18678,A,21050,16716,1286,6417,9170,23301,0,563,1130,490,992,1002,-451,-344,1016,987,997,1422,-514
2026-05-10,29,18673,A,21092,16735,1265,6417,9185,23301,0,572,1246,490,992,1003,-451,-382,997,815,998,1422,-514
2026-05-10,30,18937,A,21410,17106,1405,6417,8723,23301,0,716,1695,490,992,1003,-451,-292,996,788,997,1409,-514
2026-05-10,31,18846,A,21163,17197,1510,6417,8129,23301,0,709,2175,490,992,949,-451,-144,820,721,997,916,-513
2026-05-10,32,19221,A,21510,17712,1716,6417,7535,23301,0,702,2538,490,992,945,-449,-124,814,695,997,883,-514
2026-05-10,33,20157,A,22244,18637,1729,6417,6979,23301,0,703,3197,490,992,822,-354,-16,664,473,997,1004,-514
2026-05-10,34,21379,A,23295,19803,1851,6417,6151,23301,0,697,3660,490,992,810,-205,0,659,433,997,994,-514
2026-05-10,35,22222,A,24047,20598,1787,6417,4854,23301,0,697,3998,490,992,578,-133,0,673,272,997,241,-495
2026-05-10,36,23731,A,25205,22060,1864,6417,4191,23301,0,392,3831,490,992,578,-202,0,674,270,997,179,-380
2026-05-10,37,24449,A,26251,22747,1926,6417,3190,23301,0,320,3938,490,992,371,-353,-14,894,503,997,-161,-454
2026-05-10,38,24818,A,26871,23134,2060,6417,2439,23301,0,321,4036,490,992,364,-450,-140,902,508,997,-182,-460
2026-05-10,39,25723,A,27710,24078,1936,6417,1663,23301,0,317,4101,490,992,701,-403,-235,956,222,997,-57,-475
2026-05-10,40,26292,A,28488,24717,1959,6417,836,23301,0,316,4038,490,992,715,-448,-383,958,212,997,-42,-507
2026-05-10,41,26386,A,28647,24849,1902,6417,216,23301,0,322,4026,490,992,813,-452,-492,894,532,997,142,-495
2026-05-10,42,26537,A,28847,24942,1965,6417,6,23301,0,318,3858,490,992,816,-452,-527,892,590,997,157,-513
2026-05-10,43,26506,A,28798,24824,1933,6417,0,23301,0,316,3584,490,992,752,-452,-527,968,818,997,220,-497
2026-05-10,44,25895,A,28157,24208,1994,6417,0,23301,0,270,3292,490,992,749,-452,-527,971,819,998,216,-513
2026-05-10,45,24514,A,26656,22929,1956,6417,0,23301,0,14,3396,490,992,795,-452,-527,845,473,998,-135,-514
2026-05-10,46,23329,A,25518,21800,1976,6417,0,23301,0,13,3606,490,992,720,-452,-527,840,401,997,-183,-514
2026-05-10,47,21277,A,24405,19933,1899,6417,0,23301,0,10,3794,490,992,-335,-383,-461,992,40,997,-981,-458
2026-05-10,48,20842,A,23808,19530,1831,6417,0,23301,0,8,3827,490,992,-374,-237,-309,997,-5,996,-1034,-499
2026-05-11,1,20943,A,23768,19529,1685,6417,0,23301,0,7,3677,490,992,-512,-128,-157,997,-5,997,-1002,-514
2026-05-11,2,20954,A,23643,19409,1708,6417,0,23301,0,9,3576,490,992,-518,-121,-21,997,-5,997,-1001,-514
2026-05-11,3,20509,A,23086,18949,1629,6417,0,23301,0,9,3234,490,992,-347,-121,0,952,-5,997,-1081,-514
2026-05-11,4,20668,A,23251,18978,1615,6417,0,23301,0,9,3157,490,992,-340,-121,0,950,-5,997,-1088,-520
2026-05-11,5,20956,A,23679,19342,1513,6417,0,23301,0,9,3339,490,992,-429,-121,0,980,-5,997,-1145,-514
2026-05-11,6,19966,A,22770,18316,1619,6417,0,23301,0,44,2870,490,992,-436,-121,0,981,-34,997,-1155,-514
2026-05-11,7,19586,A,23455,17960,1520,6417,0,23301,0,12,2692,491,992,-929,-121,0,887,-412,997,-1381,-514
2026-05-11,8,19296,A,23284,17701,1587,6417,0,23301,0,12,2326,491,992,-954,-121,0,864,-489,997,-1398,-514
2026-05-11,9,18414,A,22934,16803,1556,6417,0,23301,0,51,2265,492,992,-1013,-121,0,50,-874,997,-1447,-514
2026-05-11,10,18898,A,23355,17311,1534,6417,0,23301,0,36,2516,492,992,-883,-121,0,-27,-925,997,-1451,-514
2026-05-11,11,19361,A,23881,17692,1448,6417,0,23301,0,16,2179,493,992,-3,-121,0,-959,-956,998,-1451,-514
2026-05-11,12,19829,A,24366,18094,1466,6417,108,23301,0,14,2136,493,992,0,-121,0,-1022,-930,997,-1451,-499
2026-05-11,13,21524,A,25622,19612,1449,6417,509,23301,0,13,1793,493,992,0,-167,0,-1022,-544,998,-1451,-401
2026-05-11,14,22941,A,27193,20808,1407,6417,1188,23301,0,14,1401,493,991,0,-311,-33,-1004,-466,998,-1436,-488
2026-05-11,15,24803,A,27566,22421,1411,6417,2040,23301,0,14,1346,492,991,0,-370,-175,-204,-87,998,-899,-514
2026-05-11,16,25235,A,27963,22762,1511,6417,2852,23301,0,14,1159,491,991,0,-450,-327,-125,-39,998,-759,-514
2026-05-11,17,25760,A,27684,23236,1527,6417,3582,23301,0,14,1345,491,991,0,-451,-437,852,-8,998,731,-514
2026-05-11,18,26053,A,27902,23423,1547,6417,4461,23301,0,14,1182,490,991,0,-451,-370,920,19,998,910,-514
2026-05-11,19,26363,A,28134,23754,1495,6417,5126,23301,0,13,1067,491,991,0,-451,-293,973,305,998,1390,-514
2026-05-11,20,25878,A,27642,23213,1467,6417,5804,23301,0,9,964,490,991,0,-451,-290,975,354,998,1424,-514
2026-05-11,21,26026,A,27700,23414,1450,6417,6587,23301,0,7,888,490,991,0,-451,-202,1015,530,998,1424,-514
2026-05-11,22,25914,A,27547,23216,1423,6417,6636,23301,0,7,357,491,992,0,-451,-161,1016,581,999,1424,-514
2026-05-11,23,25774,A,27487,23062,1329,6417,6678,23301,0,7,397,490,991,0,-451,-309,1016,955,998,1424,-446
2026-05-11,24,25623,A,27234,22918,1314,6417,6907,23301,0,6,124,488,992,0,-451,-308,1016,972,999,1426,-346
2026-05-11,25,25375,A,27020,22703,1259,6417,6744,23301,0,8,119,41,992,0,-451,-326,1016,612,999,1428,-360
2026-05-11,26,24853,A,26522,22201,1321,6417,7432,23301,0,10,-15,-4,992,0,-451,-370,1016,571,999,1428,-334
2026-05-11,27,24522,A,26069,21874,1253,6417,7678,23301,0,10,-343,-4,992,0,-451,-272,1016,618,999,1428,-310
2026-05-11,28,24130,A,25764,21505,1252,6417,7584,23301,0,10,-391,71,992,0,-451,-322,1017,601,999,1428,-351
2026-05-11,29,23962,A,25548,21336,1143,6417,8272,23301,0,10,-638,951,992,0,-451,-316,997,314,997,1428,-309
2026-05-11,30,23759,A,25396,21011,1159,6417,8609,23301,0,10,-1005,1003,992,0,-451,-361,997,277,998,1428,-315
2026-05-11,31,23522,A,25109,20827,1098,6417,8829,23301,0,10,-1099,1003,992,0,-451,-335,997,245,998,1428,-291
2026-05-11,32,23931,A,25538,21332,1136,6417,8434,23301,0,10,-844,1003,992,0,-451,-331,997,261,998,1428,-315
2026-05-11,33,24747,A,26061,22090,1022,6417,7233,23301,0,10,-734,1003,992,0,-202,-269,892,513,998,1428,-333
2026-05-11,34,25352,A,26572,22551,1040,6417,6662,23301,0,10,-863,1003,992,0,0,-406,888,564,997,1425,-304
2026-05-11,35,26759,A,28161,23936,919,6417,5935,23301,0,10,-699,1003,992,0,0,-522,993,803,997,1339,-370
2026-05-11,36,27555,A,29059,24731,918,6417,4799,23301,0,9,-840,1002,991,0,0,-529,996,862,997,1333,-466
2026-05-11,37,28447,A,29997,25594,891,6417,3689,23301,0,8,-754,1002,992,0,0,-529,996,1236,996,1386,-513
2026-05-11,38,29171,A,30785,26361,904,6417,2726,23301,0,5,-739,1002,992,0,-66,-529,997,1290,997,1391,-514
2026-05-11,39,29720,A,31485,26967,838,6417,1803,23301,0,4,-630,1002,992,0,-218,-529,997,1385,997,1423,-514
2026-05-11,40,29847,A,31764,27170,791,6417,941,23301,0,4,-582,1002,992,0,-370,-529,997,1397,997,1426,-514
2026-05-11,41,30012,A,32010,27381,756,6417,257,23301,0,4,-627,1001,992,0,-452,-528,997,1397,996,1426,-514
2026-05-11,42,29874,A,31872,27254,764,6417,9,23301,0,4,-560,1002,992,0,-452,-528,997,1397,997,1426,-514
2026-05-11,43,29732,A,31727,27134,742,6417,0,23301,0,2,-531,1002,992,0,-452,-528,997,1397,997,1426,-513
2026-05-11,44,29116,A,31114,26441,760,6417,0,23301,0,5,-706,1002,992,0,-452,-527,997,1397,997,1426,-514
2026-05-11,45,27879,A,29878,25300,705,6417,0,23301,0,5,-464,1002,992,0,-452,-528,997,1397,997,1426,-514
2026-05-11,46,26156,A,28154,23858,765,6417,0,23301,0,5,-32,1002,992,0,-451,-528,997,1397,996,1426,-514
2026-05-11,47,24695,A,26699,22642,751,6417,0,23301,0,9,674,1003,992,0,-452,-529,997,1397,996,1426,-514
2026-05-11,48,23830,A,25834,21887,797,6417,0,23301,0,11,1202,1003,992,0,-452,-527,997,1397,997,1426,-514
2026-05-12,1,23473,A,25465,21439,804,6417,0,23301,0,11,1373,1003,992,0,-452,-515,997,1397,996,1426,-514
2026-05-12,2,23335,A,25201,21253,904,6417,0,23301,0,11,1318,1003,992,0,-452,-389,997,1394,996,1426,-514
2026-05-12,3,23502,A,25250,21461,903,6417,0,23301,0,11,1522,1003,992,0,-452,-271,997,1351,996,1426,-514
2026-05-12,4,23181,A,24833,21259,979,6417,0,23301,0,11,1715,1003,992,0,-419,-208,997,1315,997,1426,-514
2026-05-12,5,22232,A,23833,20442,1038,6417,0,23301,0,11,1794,1003,992,0,-411,-165,997,942,997,1426,-514
2026-05-12,6,22377,A,23943,20822,1196,6417,0,23301,0,13,2309,1003,992,0,-412,-127,997,866,997,1426,-514
2026-05-12,7,21861,A,23384,20309,1228,6417,0,23301,0,16,2357,1003,992,0,-412,-81,899,492,997,1426,-514
2026-05-12,8,21614,A,23048,20110,1428,6417,0,23301,0,16,2836,1003,992,0,-403,-1,895,416,997,1415,-514
2026-05-12,9,21254,A,22624,19933,1545,6417,0,23301,0,59,3298,1004,992,0,-288,-9,697,42,997,1095,-514
2026-05-12,10,20702,A,22109,19392,1715,6417,0,23301,0,174,3091,1004,992,0,-161,-98,677,-5,997,1036,-469
2026-05-12,11,20289,A,21418,19171,1792,6417,1,23301,0,220,3313,979,985,0,-25,-15,-30,-5,987,36,-334
2026-05-12,12,20796,A,21968,19554,1919,6417,128,23301,0,173,3437,977,985,0,0,0,-70,17,986,-31,-398
2026-05-12,13,22621,A,23689,21174,1894,6417,579,23301,0,171,3822,1002,991,0,-18,0,75,272,996,508,-379
2026-05-12,14,23715,A,24992,22119,1886,6417,1371,23301,0,173,3743,1004,991,0,-151,0,98,333,997,563,-453
2026-05-12,15,25543,A,27112,23722,1857,6417,2251,23301,0,172,3523,1003,991,0,-302,-82,891,706,996,1212,-513
2026-05-12,16,26111,A,27879,24352,1992,6417,3677,23301,0,169,3751,1003,991,0,-352,-233,939,767,996,1261,-514
2026-05-12,17,26013,A,27815,24113,2088,6417,5023,23301,0,14,3430,1003,991,0,-424,-350,995,959,996,1414,-514
2026-05-12,18,25319,A,26921,23503,2330,6417,5648,23301,0,14,3927,1003,991,0,-333,-241,997,953,997,1426,-514
2026-05-12,19,24703,A,26326,23049,2437,6417,6508,23301,0,117,4050,1003,992,0,-403,-96,1016,580,996,1425,-507
2026-05-12,20,23327,A,24719,21756,2699,6417,7759,23301,0,158,4012,1003,992,0,-304,-1,1016,504,996,1421,-429
2026-05-12,21,22453,A,23884,20884,2797,6417,9012,23301,0,158,4115,1003,991,0,-270,0,1016,138,996,1254,-503
2026-05-12,22,22256,A,23939,20692,2943,6417,9957,23301,0,358,4242,1002,991,0,-306,0,1016,86,996,1239,-519
2026-05-12,23,21983,A,23636,20479,2862,6417,10394,23301,0,630,4286,1003,992,0,-160,56,1016,6,996,1113,-363
2026-05-12,24,21338,A,22884,19689,2998,6417,10869,23301,0,817,4205,1003,992,0,-14,11,1016,-4,996,1098,-211
2026-05-12,25,21974,A,23450,20456,2937,6417,10592,23301,0,841,4376,1003,992,0,0,0,992,-5,997,879,-130
2026-05-12,26,21627,A,23056,20326,3097,6417,9642,23301,0,840,4193,1003,992,0,0,0,991,-4,996,877,-85
2026-05-12,27,21764,A,23235,20318,3044,6417,9055,23301,0,896,3641,1003,992,0,0,0,1015,-4,997,1387,-71
2026-05-12,28,21726,A,23257,20267,3115,6417,8775,23301,0,997,3942,1003,992,0,6,0,1016,-34,997,1422,62
2026-05-12,29,21511,A,23420,20033,3071,6417,7992,23301,0,997,4266,1003,992,0,0,0,996,-412,996,1394,100
2026-05-12,30,21128,A,23169,19634,3198,6417,7975,23301,0,1072,4224,1003,992,0,0,0,996,-469,996,1389,100
2026-05-12,31,20910,A,23167,19557,3132,6417,7891,23301,0,1151,4284,1003,992,0,0,0,996,-606,995,1310,100
2026-05-12,32,20964,A,23225,19389,3165,6417,7268,23301,0,1149,4207,1003,992,0,29,0,996,-612,996,1287,100
2026-05-12,33,21465,A,23358,19737,3191,6417,6574,23301,0,918,3894,1004,992,0,155,0,996,-475,996,730,100
2026-05-12,34,22768,A,24154,20909,3080,6417,6775,23301,0,458,3692,1004,992,0,141,0,996,-428,996,671,100
2026-05-12,35,23382,A,24323,21492,2929,6417,5724,23301,0,280,3884,1004,992,0,180,0,996,-51,996,-110,100
2026-05-12,36,24079,A,25040,22053,2934,6417,4849,23301,0,280,4031,1004,992,0,180,0,996,4,996,-181,100
2026-05-12,37,24769,A,26404,22672,2627,6417,4064,23301,0,280,4183,996,992,0,180,5,829,107,995,-855,100
2026-05-12,38,25993,A,27600,23836,2364,6417,2957,23301,0,229,4111,1004,992,0,180,93,823,122,997,-878,100
2026-05-12,39,27216,A,27769,25015,2106,6417,1935,23301,0,0,3940,1003,992,0,180,45,925,155,997,-53,100
2026-05-12,40,27644,A,28144,25378,1984,6417,1022,23301,0,0,3552,1002,992,0,180,0,928,184,996,17,100
2026-05-12,41,28001,A,28501,25625,1994,6417,265,23301,0,0,3268,1449,992,0,180,0,641,506,996,587,100
2026-05-12,42,27715,A,28215,25389,1886,6417,11,23301,0,0,3243,1507,991,0,180,0,630,551,995,644,100
2026-05-12,43,28294,A,28794,25742,1736,6417,0,23301,0,0,2923,1507,947,0,180,0,887,632,996,1325,100
2026-05-12,44,28019,A,28519,25327,1702,6417,0,23301,0,0,3148,1506,945,0,180,0,896,611,996,1367,101
2026-05-12,45,27291,A,27791,24672,1726,6417,0,23301,0,0,3216,1507,989,0,179,0,574,239,996,1187,102
2026-05-12,46,25752,A,26252,23355,1812,6417,0,23301,0,0,2970,1508,992,0,180,42,563,180,996,1165,102
2026-05-12,47,24145,A,24645,21957,1817,6417,0,23301,0,0,3269,1507,992,0,180,17,919,15,996,831,102
2026-05-12,48,22620,A,23127,20549,1927,6417,0,23301,0,0,2628,1507,992,0,180,0,933,-7,996,802,102
2026-05-13,1,22633,A,23140,20488,1859,6417,0,23301,0,0,2125,1507,992,0,180,0,995,-7,996,555,102
2026-05-13,2,22438,A,22945,20271,1830,6417,0,23301,0,0,1856,1507,992,0,180,19,997,-7,996,531,102
2026-05-13,3,21974,A,22481,19885,1860,6417,0,23301,0,0,1856,1507,992,0,180,0,951,-7,996,274,102
2026-05-13,4,21913,A,22438,19919,1946,6417,0,23301,0,0,1821,1507,992,0,180,0,949,-25,996,265,102
2026-05-13,5,21727,A,22484,19726,2049,6417,0,23301,0,0,1736,1507,992,0,180,0,954,-257,996,628,102
2026-05-13,6,21056,A,21858,19096,2060,6417,0,23301,0,0,1551,1507,992,0,180,0,954,-302,996,653,102
2026-05-13,7,20573,A,21583,18604,2096,6417,0,23301,0,0,1159,1507,992,0,180,0,996,-510,996,607,102
2026-05-13,8,20198,A,21250,18216,2075,6417,0,23301,0,0,886,1507,992,0,180,20,997,-552,996,570,102
2026-05-13,9,19442,A,21027,17548,2176,6417,0,23301,0,0,1045,1508,992,0,180,101,773,-760,996,-325,102
2026-05-13,10,19300,A,20973,17342,2151,6417,0,23301,0,0,965,1508,992,0,180,103,740,-763,996,-410,102
2026-05-13,11,18994,A,21040,17104,2061,6417,0,23301,0,0,1023,1510,992,0,180,104,-147,-494,996,-905,102
2026-05-13,12,19924,A,21960,17964,2083,6417,78,23301,0,0,960,1510,992,0,180,104,-190,-430,996,-916,102
2026-05-13,13,21766,A,22380,19678,2042,6417,511,23301,0,0,709,1508,992,0,180,103,555,-52,995,-62,102
2026-05-13,14,23034,A,23534,20933,2074,6417,979,23301,0,0,1484,1508,992,0,180,104,598,20,995,16,102
2026-05-13,15,24648,A,25148,22283,2079,6417,2002,23301,0,0,1533,1508,992,0,180,34,699,329,995,677,102
2026-05-13,16,24980,A,25480,22806,2115,6417,3150,23301,0,0,1664,1507,992,0,114,0,702,392,996,729,102
2026-05-13,17,25406,A,25906,23119,2221,6417,3887,23301,0,0,1526,1507,992,0,5,0,892,704,996,873,102
2026-05-13,18,25648,A,26148,23381,2390,6417,4698,23301,0,0,1697,1507,992,0,34,0,899,714,996,890,102
2026-05-13,19,25411,A,25911,23057,2366,6417,5624,23301,0,0,1611,1507,992,0,175,0,844,359,995,1117,102
2026-05-13,20,25044,A,25544,22625,2354,6417,7177,23301,0,0,1506,1507,992,0,186,0,842,325,996,1127,102
2026-05-13,21,24350,A,24850,21980,2293,6417,7931,23301,0,0,1379,1507,992,0,180,63,762,450,996,896,102
2026-05-13,22,24205,A,24705,21912,2305,6417,8582,23301,0,0,1454,1507,992,0,180,102,759,468,995,876,102
2026-05-13,23,23148,A,23648,20788,2377,6417,9635,23301,0,0,1082,1507,992,0,180,83,819,506,995,750,102
2026-05-13,24,22936,A,23445,20616,2413,6417,8919,23301,0,9,1009,1507,992,0,180,103,821,541,995,748,102
2026-05-13,25,23167,A,23673,20868,2338,6417,10637,23301,0,6,861,1507,992,0,180,104,986,914,996,1032,102
2026-05-13,26,22833,A,23340,20514,2310,6417,10532,23301,0,7,684,1507,992,0,180,104,986,944,995,1061,93
2026-05-13,27,23137,A,23644,20773,2245,6417,9760,23301,0,7,720,1508,992,0,180,104,464,733,995,1401,102
2026-05-13,28,22851,A,23358,20419,2267,6417,10651,23301,0,7,825,1509,992,0,180,104,439,677,995,1424,102
2026-05-13,29,22140,A,22647,19579,2191,6417,10904,23301,0,7,486,1508,992,0,180,103,506,303,995,1383,102
2026-05-13,30,22358,A,22863,19789,2171,6417,9868,23301,0,5,651,1508,992,0,180,104,508,256,995,1376,102
2026-05-13,31,22373,A,22879,19811,2204,6417,9409,23301,0,6,401,1417,992,0,180,104,603,241,995,1420,102
2026-05-13,32,22895,A,23401,20255,2209,6417,8236,23301,0,6,15,1408,992,0,180,104,606,238,996,1410,102
2026-05-13,33,24159,A,24665,21559,2181,6417,6850,23301,0,6,449,1408,992,0,180,104,606,223,997,901,102
2026-05-13,34,24844,A,25349,22104,2124,6417,6448,23301,0,5,352,1409,992,0,180,104,606,229,997,857,102
2026-05-13,35,26463,A,26974,23668,2039,6417,5179,23301,0,11,413,1498,992,0,180,103,511,327,996,776,102
2026-05-13,36,27705,A,28221,24853,1982,6417,4364,23301,0,16,444,1508,992,0,180,93,508,342,996,712,102
2026-05-13,37,28536,A,29534,25713,1855,6417,3645,23301,0,8,816,1509,992,0,180,7,251,374,996,-490,102
2026-05-13,38,28867,A,29963,26152,1739,6417,2711,23301,0,4,790,1509,992,0,180,0,241,373,996,-592,102
2026-05-13,39,28831,A,29708,26290,1595,6417,1463,23301,0,3,879,1509,992,0,180,0,-7,316,996,-367,102
2026-05-13,40,29194,A,30014,26845,1461,6417,711,23301,0,3,1268,1509,992,0,176,0,-16,336,997,-301,102
2026-05-13,41,29639,A,30142,27248,1317,6417,217,23301,0,3,933,1508,992,0,100,0,312,687,996,772,102
2026-05-13,42,29445,A,29951,26844,1221,6417,13,23301,0,6,438,1508,992,0,136,0,325,716,996,878,101
2026-05-13,43,30050,A,30555,27444,1205,6417,0,23301,0,5,174,1507,992,0,21,0,596,528,996,1208,24
2026-05-13,44,29000,A,29589,26407,1235,6417,0,23301,0,6,-299,1507,992,0,-17,0,606,475,997,1199,-66
2026-05-13,45,27301,A,28140,24836,1314,6417,0,23301,0,10,-131,1507,992,0,-116,0,620,102,996,300,-213
2026-05-13,46,26074,A,26946,23754,1326,6417,0,23301,0,10,180,1507,992,0,-23,0,622,86,996,223,-339
2026-05-13,47,24083,A,24921,21907,1237,6417,0,23301,0,8,390,1506,992,0,10,0,962,459,996,133,-330
2026-05-13,48,23368,A,24056,21287,1234,6417,0,23301,0,7,779,1506,992,0,130,0,975,522,997,127,-181
2026-05-14,1,23490,A,24039,21424,1210,6417,0,23301,0,8,779,1506,992,0,165,0,964,747,996,141,-41
2026-05-14,2,22829,A,23340,20868,1279,6417,0,23301,0,11,650,1506,992,0,165,0,962,804,996,142,68
2026-05-14,3,22393,A,22964,20464,1291,6417,0,23301,0,71,782,1508,992,0,165,0,619,1178,997,139,71
2026-05-14,4,22367,A,23040,20520,1351,6417,0,23301,0,157,865,1507,992,0,165,0,605,1206,996,142,-16
2026-05-14,5,21358,A,22170,19532,1351,6417,0,23301,0,171,827,1508,992,0,165,0,476,986,996,292,-141
2026-05-14,6,21582,A,22449,19796,1369,6417,0,23301,0,167,1052,1508,992,0,165,0,472,929,996,295,-200
2026-05-14,7,20801,A,21691,19084,1354,6417,0,23301,0,171,1515,1508,992,0,165,0,461,557,997,-19,-200
2026-05-14,8,20772,A,21684,19013,1344,6417,0,23301,0,169,1957,1508,992,0,165,0,461,507,997,-43,-200
2026-05-14,9,20436,A,21449,18697,1414,6417,0,23301,0,170,2290,1508,992,0,165,0,411,466,996,-143,-200
2026-05-14,10,20612,A,21632,18853,1398,6417,0,23301,0,170,2544,1508,992,0,165,0,409,478,997,-150,-200
2026-05-14,11,20881,A,22036,19052,1346,6417,1,23301,0,318,2628,1508,992,0,159,0,442,696,996,-149,-188
2026-05-14,12,21280,A,22330,19461,1354,6417,140,23301,0,316,2477,1508,992,0,50,0,448,752,996,-72,-162
2026-05-14,13,23197,A,24083,21261,1345,6417,694,23301,0,320,2366,1507,992,0,-19,0,972,1126,996,1226,-47
2026-05-14,14,24820,A,25895,22803,1346,6417,1541,23301,0,300,2368,1507,992,0,-128,0,997,1187,996,1357,-147
2026-05-14,15,26246,A,27259,24143,1346,6417,2602,23301,0,169,2392,1507,992,0,-48,0,997,1374,996,1419,-296
2026-05-14,16,26620,A,27955,24397,1402,6417,3838,23301,0,301,2282,1507,992,0,-88,0,997,1397,996,1423,-446
2026-05-14,17,26470,A,27849,24268,1415,6417,4613,23301,0,318,2558,1507,992,0,-47,0,997,1397,996,1426,-514
2026-05-14,18,26073,A,27365,23958,1440,6417,5533,23301,0,315,2723,1508,992,0,0,0,997,1397,996,1426,-477
2026-05-14,19,26037,A,27392,23825,1447,6417,6466,23301,0,316,2307,1507,992,0,-26,0,1016,1397,996,1426,-513
2026-05-14,20,25681,A,27001,23465,1503,6417,7433,23301,0,317,2429,1508,992,0,-21,0,1016,1397,996,1426,-482
2026-05-14,21,25035,A,26249,22716,1467,6417,8495,23301,0,318,2554,1507,991,0,-56,0,1017,1397,996,1426,-340
2026-05-14,22,24160,A,25164,21889,1473,6417,8502,23301,0,316,2585,1507,991,0,0,0,1016,1397,996,1426,-188
2026-05-14,23,23708,A,24565,21498,1530,6417,9474,23301,0,315,2723,1507,991,0,30,0,1016,1397,997,1427,-42
2026-05-14,24,23740,A,24579,21515,1554,6417,9645,23301,0,312,2881,1508,991,0,39,0,1016,1397,996,1427,-27
2026-05-14,25,23662,A,24628,21418,1623,6417,8955,23301,0,314,2943,1508,991,0,0,0,1016,1397,997,1427,-152
2026-05-14,26,23146,A,24241,21104,1679,6417,10066,23301,0,510,2923,1508,991,0,0,0,1016,1395,996,1427,-85
2026-05-14,27,22805,A,24113,20940,1733,6417,11261,23301,0,808,2892,1507,991,0,0,0,1016,1380,996,1427,59
2026-05-14,28,22710,A,24121,20805,1865,6417,10389,23301,0,911,3027,1507,991,0,0,0,1016,1370,996,1427,136
2026-05-14,29,22676,A,24073,20582,1979,6417,10610,23301,0,897,2870,1508,992,0,0,0,997,1260,997,1426,99
2026-05-14,30,22785,A,24170,20754,1956,6417,9433,23301,0,885,3130,1507,992,0,40,0,996,1222,996,1426,100
2026-05-14,31,22289,A,23865,20570,1987,6417,8290,23301,0,1076,3091,1508,992,0,0,0,996,919,997,1426,100
2026-05-14,32,23197,A,24858,21386,1968,6417,7521,23301,0,1161,3686,1508,992,0,17,0,996,891,996,1426,100
2026-05-14,33,23932,A,25010,21804,1979,6417,7420,23301,0,578,3836,1507,992,0,125,0,996,1008,997,1401,100
2026-05-14,34,24904,A,25571,22754,2022,6417,6674,23301,0,167,3516,1508,992,0,39,0,996,1036,997,1379,100
2026-05-14,35,25875,A,26542,23766,1928,6417,6067,23301,0,167,3036,1508,992,0,13,0,949,1213,997,673,100
2026-05-14,36,26962,A,27629,24959,1861,6417,4892,23301,0,167,3055,1508,992,0,2,0,946,1232,997,607,100
2026-05-14,37,28177,A,28846,26233,1798,6417,3572,23301,0,169,3092,1509,992,0,42,0,586,1193,997,40,99
2026-05-14,38,29253,A,29937,27140,1656,6417,2421,23301,0,172,3085,1509,992,0,73,0,572,1189,997,-12,23
2026-05-14,39,29714,A,30901,27706,1541,6417,1504,23301,0,158,2872,1509,992,0,-2,0,478,1212,997,-459,-68
2026-05-14,40,29615,A,31067,27611,1443,6417,862,23301,0,164,2664,1509,992,0,-96,0,473,1217,997,-474,-218
2026-05-14,41,29036,A,30205,27002,1414,6417,366,23301,0,165,2502,1509,992,0,-140,0,164,1247,997,120,-364
2026-05-14,42,29217,A,30548,27231,1389,6417,20,23301,0,163,2667,1510,992,0,-282,0,164,1221,997,183,-386
2026-05-14,43,29282,A,30921,27325,1392,6417,0,23301,0,159,2331,1508,992,0,-423,-59,846,849,997,952,-498
2026-05-14,44,28361,A,30198,26354,1412,6417,0,23301,0,163,2278,1508,992,0,-451,-209,882,773,997,950,-514
2026-05-14,45,27133,A,29365,25151,1508,6417,0,23301,0,163,2531,1509,992,0,-451,-361,534,399,997,-243,-514
2026-05-14,46,25686,A,28128,23734,1492,6417,0,23301,0,165,2541,1509,992,0,-451,-460,520,347,997,-352,-514
2026-05-14,47,24069,A,26428,22161,1424,6417,0,23301,0,172,2567,1509,992,0,-383,-441,266,273,996,-417,-446
2026-05-14,48,23316,A,25419,21395,1425,6417,0,23301,0,172,2663,1509,992,0,-300,-289,259,246,996,-419,-423
2026-05-15,1,23049,A,24988,21189,1465,6417,0,23301,0,173,2705,1507,992,0,-318,-137,678,22,997,-298,-513
2026-05-15,2,22751,A,24539,20928,1530,6417,0,23301,0,172,2758,1508,992,0,-302,-13,696,8,996,-287,-514
2026-05-15,3,22608,A,24408,20812,1524,6417,0,23301,0,192,2883,1509,992,0,-302,-93,711,179,997,-199,-514
2026-05-15,4,22111,A,24196,20428,1577,6417,0,23301,0,333,2826,1509,992,0,-302,-236,712,179,997,-200,-514
2026-05-15,5,21742,A,24153,20105,1582,6417,0,23301,0,166,2953,1509,992,0,-302,-386,602,-86,996,-457,-514
2026-05-15,6,21412,A,23871,19821,1646,6417,0,23301,0,12,2920,1508,992,0,-302,-485,598,-149,997,-483,-528
2026-05-15,7,20708,A,23759,19234,1634,6417,0,23301,0,15,3024,1509,992,0,-302,-417,372,-528,997,-776,-513
2026-05-15,8,20445,A,23605,19028,1740,6417,0,23301,0,15,3119,1509,992,0,-302,-423,353,-606,997,-800,-514
2026-05-15,9,20248,A,24269,18837,1820,6417,0,23301,0,14,3172,1510,992,0,-302,-428,-302,-993,997,-968,-514
2026-05-15,10,20153,A,24319,18712,1849,6417,0,23301,0,15,2863,1510,992,0,-302,-473,-346,-1033,997,-984,-513
2026-05-15,11,20083,A,25045,18632,1870,6417,2,23301,0,95,2963,1513,992,0,-302,-497,-989,-936,997,-1129,-514
2026-05-15,12,20395,A,25352,18831,1869,6417,204,23301,0,183,2795,1512,992,0,-302,-457,-984,-893,997,-1124,-514
2026-05-15,13,22553,A,25463,20752,1830,6417,784,23301,0,49,2406,1509,992,0,-371,-423,62,-506,996,-547,-514
2026-05-15,14,23832,A,26694,21922,1825,6417,1686,23301,0,14,2121,1509,992,0,-452,-519,154,-428,997,-435,-514
2026-05-15,15,25809,A,27874,23608,1795,6417,2783,23301,0,17,2060,1507,992,0,-452,-530,912,-52,997,817,-514
2026-05-15,16,26276,A,28289,23910,1906,6417,3978,23301,0,16,1991,1507,992,0,-452,-531,956,25,997,954,-514
2026-05-15,17,25989,A,28000,23501,1906,6417,5033,23301,0,15,1566,1507,992,0,-452,-530,995,400,997,1384,-514
2026-05-15,18,25083,A,27217,22720,1896,6417,6023,23301,0,137,1889,1507,992,0,-452,-531,997,460,997,1414,-514
2026-05-15,19,24404,A,26951,22110,1850,6417,7313,23301,0,566,2101,1507,992,0,-452,-515,1016,635,997,1424,-514
2026-05-15,20,23652,A,26222,21350,1831,6417,8489,23301,0,666,2040,1507,992,0,-452,-438,1016,651,997,1425,-514
2026-05-15,21,23528,A,26243,21267,1793,6417,8874,23301,0,841,1955,1507,992,0,-452,-408,1016,574,997,1425,-514
2026-05-15,22,23358,A,26106,21102,1789,6417,9862,23301,0,842,1874,1507,992,0,-452,-440,1016,592,997,1425,-514
2026-05-15,23,23267,A,26183,20880,1754,6417,10220,23301,0,924,1869,1507,992,0,-452,-527,1016,926,997,1425,-513
2026-05-15,24,22973,A,25829,20670,1763,6417,10701,23301,0,942,1934,1507,992,0,-452,-451,1016,996,997,1425,-511
2026-05-15,25,23237,A,25953,20734,1726,6417,10492,23301,0,789,1585,1507,992,0,-452,-486,1016,1353,997,1425,-489
2026-05-15,26,22664,A,25393,20187,1764,6417,10443,23301,0,887,1229,1508,992,0,-452,-404,1016,1389,997,1425,-486
2026-05-15,27,22326,A,25137,19856,1709,6417,10568,23301,0,894,880,1508,992,0,-452,-462,1016,1294,998,1425,-503
2026-05-15,28,22009,A,24819,19602,1679,6417,9961,23301,0,883,875,1507,992,0,-451,-468,1016,1252,997,1425,-508
2026-05-15,29,21589,A,24410,19117,1570,6417,10082,23301,0,826,684,1508,992,0,-452,-529,997,880,997,1424,-514
2026-05-15,30,21445,A,24239,18922,1586,6417,9525,23301,0,801,772,1507,992,0,-451,-528,996,803,997,1424,-514
2026-05-15,31,21728,A,24081,19170,1505,6417,9047,23301,0,430,722,1508,992,0,-452,-457,996,431,997,1424,-514
2026-05-15,32,22510,A,24647,19893,1526,6417,8308,23301,0,249,829,1508,992,0,-451,-423,996,406,997,1424,-514
2026-05-15,33,23169,A,25053,20475,1439,6417,7138,23301,0,27,677,1507,992,0,-452,-391,996,678,998,1424,-514
2026-05-15,34,24189,A,26172,21443,1465,6417,6115,23301,0,13,829,1507,992,17,-452,-504,996,681,997,1420,-514
2026-05-15,35,25663,A,27666,22797,1394,6417,5219,23301,0,13,945,1508,992,0,-451,-526,996,308,997,1249,-513
2026-05-15,36,26691,A,28698,23826,1362,6417,4491,23301,0,14,895,1507,992,0,-452,-527,996,276,997,1201,-514
2026-05-15,37,27683,A,29688,24790,1220,6417,3647,23301,0,13,1133,1508,992,0,-451,-527,982,453,997,223,-514
2026-05-15,38,28510,A,30515,25676,1182,6417,2607,23301,0,12,1146,1508,992,0,-452,-527,982,505,998,145,-514
2026-05-15,39,29520,A,31523,26727,1107,6417,1516,23301,0,10,1265,1508,992,0,-452,-527,957,878,998,188,-514
2026-05-15,40,29826,A,31831,27085,1033,6417,793,23301,0,13,1218,1508,992,0,-451,-527,956,954,998,183,-514
2026-05-15,41,29491,A,31624,26776,1001,6417,252,23301,0,15,956,1507,992,0,-451,-527,983,1327,998,-126,-514
2026-05-15,42,29341,A,31403,26680,985,6417,17,23301,0,13,921,1507,992,17,-451,-527,984,1374,997,-57,-514
2026-05-15,43,29231,A,31234,26644,961,6417,0,23301,0,11,741,1507,992,0,-451,-527,996,1394,997,1278,-514
2026-05-15,44,28479,A,30478,26069,971,6417,0,23301,0,7,719,1507,992,0,-451,-527,997,1397,998,1415,-514
2026-05-15,45,27525,A,29526,25249,995,6417,0,23301,0,8,1020,1507,992,543,-451,-528,978,1397,998,1025,-514
2026-05-15,46,26134,A,28134,23881,978,6417,0,23301,0,8,857,1507,992,634,-451,-527,977,1397,997,984,-514
2026-05-15,47,24600,A,26602,22394,947,6417,0,23301,0,9,954,1508,992,684,-451,-528,942,1397,997,505,-514
2026-05-15,48,23301,A,25302,21098,917,6417,0,23301,0,9,897,1508,992,686,-451,-527,941,1380,997,474,-514
2026-05-16,1,23170,A,25170,20900,850,6417,0,23301,0,8,638,1507,992,899,-451,-527,995,1175,997,567,-514
2026-05-16,2,22785,A,24784,20504,822,6417,0,23301,0,7,581,1507,992,907,-451,-527,997,1152,997,574,-514
2026-05-16,3,22560,A,24558,20327,804,6417,0,23301,0,6,634,1507,992,952,-451,-527,997,1182,997,581,-514
2026-05-16,4,22623,A,24592,20394,798,6417,0,23301,0,4,562,1507,991,953,-451,-500,997,1191,997,578,-514
2026-05-16,5,22235,A,24232,20068,758,6417,0,23301,0,5,654,1507,991,810,-451,-527,997,1263,998,459,-514
2026-05-16,6,21788,A,23768,19625,777,6417,0,23301,0,8,405,1507,991,804,-451,-507,997,1259,998,447,-514
2026-05-16,7,21516,A,23484,19332,749,6417,0,23301,0,8,210,1507,991,781,-451,-495,997,1112,997,354,-514
2026-05-16,8,21132,A,23036,18933,744,6417,0,23301,0,8,250,1507,991,780,-451,-431,997,1106,997,349,-514
2026-05-16,9,20980,A,22868,18849,677,6417,0,23301,0,8,356,1507,991,784,-451,-415,997,1269,997,428,-514
2026-05-16,10,20411,A,22284,18381,634,6417,0,23301,0,8,-26,1507,991,785,-451,-400,998,1289,998,440,-514
2026-05-16,11,19977,A,21883,17958,615,6417,5,23301,0,6,-26,1507,991,619,-451,-435,998,1283,997,627,-514
2026-05-16,12,19809,A,21600,17726,618,6417,222,23301,0,6,-77,1507,992,614,-432,-339,998,1290,997,660,-514
2026-05-16,13,21060,A,22981,18841,555,6417,791,23301,0,8,-337,1507,992,987,-451,-448,998,1385,997,1374,-514
2026-05-16,14,21150,A,23047,18883,497,6417,1721,23301,0,11,-255,1507,992,1003,-452,-420,997,1397,997,1423,-514
2026-05-16,15,21751,A,23718,19435,439,6417,2816,23301,0,10,-202,1507,992,1003,-452,-491,997,1397,997,1427,-514
2026-05-16,16,21405,A,23416,19072,422,6417,4003,23301,0,16,-544,1507,992,1003,-451,-530,997,1397,996,1427,-514
2026-05-16,17,21443,A,23556,19049,398,6417,5138,23301,0,117,-763,1507,992,1003,-451,-531,997,1397,997,1426,-514
2026-05-16,18,21306,A,23317,18806,414,6417,6410,23301,0,15,-853,1507,992,1004,-451,-531,997,1397,997,1423,-514
2026-05-16,19,21130,A,23141,18620,398,6417,7626,23301,0,15,-927,1507,992,1004,-451,-531,1015,1397,997,1423,-514
2026-05-16,20,20777,A,22788,18307,402,6417,8367,23301,0,15,-1017,1507,992,1003,-451,-531,1016,1397,997,1424,-514
2026-05-16,21,21081,A,23032,18629,427,6417,8499,23301,0,15,-964,1507,992,1003,-441,-481,1016,1397,997,1423,-514
2026-05-16,22,21383,A,23087,18982,458,6417,8169,23301,0,17,-1068,1507,992,1003,-340,-333,1016,1397,997,1423,-514
2026-05-16,23,21803,A,23333,19405,485,6417,7976,23301,0,18,-1080,1507,992,1004,-385,-181,1016,1397,997,1423,-446
2026-05-16,24,22040,A,23266,19673,516,6417,7574,23301,0,18,-965,1507,992,1004,-275,-36,1016,1397,997,1426,-397
2026-05-16,25,22413,A,23469,20101,554,6417,7803,23301,0,14,-704,1507,992,1002,-207,0,1016,1397,997,1427,-335
2026-05-16,26,22200,A,23029,19904,588,6417,7700,23301,0,14,-679,1507,992,1004,-132,0,1016,1397,996,1427,-183
2026-05-16,27,22508,A,23146,20298,612,6417,7029,23301,0,14,-546,1507,992,1004,-82,0,1016,1397,997,1427,-42
2026-05-16,28,22257,A,22771,20040,675,6417,6248,23301,0,14,-733,1507,992,1004,19,0,1016,1397,997,1427,62
2026-05-16,29,22291,A,22805,20114,723,6417,5529,23301,0,14,-706,1507,992,1002,49,0,997,1397,997,1424,100
2026-05-16,30,22468,A,22982,20270,814,6417,5308,23301,0,14,-689,1507,992,1003,146,0,996,1397,997,1423,100
2026-05-16,31,22836,A,23354,20652,847,6417,4654,23301,0,18,-728,1507,992,1003,200,0,996,1397,997,1423,100
2026-05-16,32,23467,A,23985,21298,912,6417,4205,23301,0,18,-649,1507,992,1003,199,56,996,1397,997,1423,100
2026-05-16,33,24175,A,24693,21940,933,6417,3942,23301,0,18,-677,1507,992,1004,199,101,996,1397,997,1424,73
2026-05-16,34,25177,A,25695,22786,960,6417,3500,23301,0,18,-715,1507,992,1004,200,104,996,1397,997,1423,100
2026-05-16,35,26332,A,26848,23797,976,6417,2838,23301,0,16,-454,1506,992,1003,200,103,997,1397,997,1423,100
2026-05-16,36,26782,A,27296,24183,1015,6417,2216,23301,0,14,-377,1507,992,1004,200,62,997,1397,997,1423,100
2026-05-16,37,27804,A,28318,25209,965,6417,1924,23301,0,14,-265,1507,992,1004,200,0,997,1397,997,1424,100
2026-05-16,38,27924,A,28438,25435,919,6417,1323,23301,0,14,-299,1507,992,1002,188,0,997,1397,997,1423,100
2026-05-16,39,27903,A,28415,25454,829,6417,845,23301,0,12,-313,1507,992,679,88,0,923,1397,996,1424,100
2026-05-16,40,27516,A,28024,25147,809,6417,473,23301,0,8,-370,1507,992,665,80,0,920,1397,997,1419,100
2026-05-16,41,26937,A,27444,24620,727,6417,183,23301,0,7,-203,1507,992,628,2,0,739,1397,996,1237,100
2026-05-16,42,27106,A,27611,24738,759,6417,15,23301,0,5,42,1507,992,627,15,0,733,1397,997,1213,64
2026-05-16,43,26954,A,27559,24585,777,6417,0,23301,0,6,254,1507,990,727,-31,0,883,1397,997,841,-68
2026-05-16,44,26215,A,26881,23810,834,6417,0,23301,0,12,274,1507,990,731,0,0,888,1367,997,805,-154
2026-05-16,45,25042,A,25736,22754,872,6417,0,23301,0,12,253,1507,992,692,0,0,889,993,996,479,-182
2026-05-16,46,23595,A,24173,21460,941,6417,0,23301,0,12,427,1507,992,691,0,0,888,977,997,462,-66
2026-05-16,47,22589,A,23260,20556,987,6417,0,23301,0,11,653,1507,992,818,-55,-37,785,1351,997,772,-68
2026-05-16,48,21864,A,22583,19916,1058,6417,0,23301,0,9,726,1507,992,824,-11,-1,781,1397,997,787,-198
2026-05-17,1,21469,A,22204,19567,1118,6417,0,23301,0,10,633,1507,992,823,0,0,837,1397,997,555,-225
2026-05-17,2,21153,A,21833,19278,1153,6417,0,23301,0,7,546,1507,992,823,0,0,839,1397,996,532,-173
2026-05-17,3,20946,A,21674,19139,1099,6417,0,23301,0,85,655,1507,992,712,0,0,772,1397,997,303,-143
2026-05-17,4,20847,A,21656,19165,1127,6417,0,23301,0,223,752,1507,992,708,-19,0,767,1397,997,302,-67
2026-05-17,5,20602,A,21546,19056,1094,6417,0,23301,0,105,793,1509,992,538,-137,0,351,1397,997,834,-202
2026-05-17,6,19759,A,21021,18304,1131,6417,0,23301,0,351,804,1509,992,532,-58,0,333,1375,997,865,-353
2026-05-17,7,19276,A,20325,17840,1027,6417,0,23301,0,138,918,1508,992,552,0,0,298,1094,997,644,-411
2026-05-17,8,18638,A,20020,17316,1022,6417,0,23301,0,350,986,1509,992,553,-29,0,304,1036,997,612,-503
2026-05-17,9,18606,A,19682,17350,1043,6417,0,23301,0,124,975,1507,992,565,0,0,866,731,997,36,-452
2026-05-17,10,18179,A,19233,16878,1105,6417,0,23301,0,72,679,1507,992,565,-53,0,893,683,998,-8,-421
2026-05-17,11,17665,A,19179,16404,1028,6417,7,23301,0,68,424,1507,992,678,-204,0,924,561,997,-229,-513
2026-05-17,12,17480,A,19104,15951,1009,6417,226,23301,0,70,64,1507,992,664,-317,0,925,573,997,-223,-514
2026-05-17,13,17598,A,19079,15975,916,6417,882,23301,0,70,38,1508,992,118,-397,0,806,906,997,493,-514
2026-05-17,14,17859,A,19353,16272,936,6417,1796,23301,0,73,110,1508,992,107,-397,-11,802,977,997,553,-513
2026-05-17,15,17842,A,19429,16132,967,6417,2962,23301,0,17,-128,1508,992,110,-451,-105,802,1351,997,927,-514
2026-05-17,16,17682,A,19193,15972,1043,6417,3911,23301,0,14,23,1508,992,129,-451,-32,802,1397,997,961,-514
2026-05-17,17,17978,A,19765,16266,1058,6417,5109,23301,0,231,187,1507,992,610,-451,-91,802,1397,997,1216,-514
2026-05-17,18,17928,A,19981,16243,1155,6417,6262,23301,0,564,573,1507,992,617,-451,-24,802,1397,997,1237,-514
2026-05-17,19,18359,A,20465,16719,1209,6417,7077,23301,0,552,1042,1506,992,759,-451,-89,915,1397,997,1278,-514
2026-05-17,20,18146,A,20384,16434,1296,6417,8114,23301,0,785,942,1506,992,768,-431,-8,919,1397,998,1284,-514
2026-05-17,21,18654,A,20554,16864,1280,6417,8422,23301,0,585,1036,1507,992,1003,-304,0,1013,1397,997,1413,-511
2026-05-17,22,18642,A,20514,16865,1355,6417,8099,23301,0,599,1163,1507,992,1003,-260,0,1016,1397,998,1422,-513
2026-05-17,23,18501,A,20317,16790,1433,6417,9085,23301,0,594,1289,1507,992,1003,-276,0,1016,1397,998,1423,-446
2026-05-17,24,18376,A,19847,16639,1513,6417,9698,23301,0,357,964,1507,992,1003,-231,0,1016,1397,998,1424,-383
2026-05-17,25,18617,A,20052,16951,1454,6417,10309,23301,0,356,1216,1507,992,1003,-90,0,1016,1397,997,1426,-489
2026-05-17,26,18597,A,19971,16840,1523,6417,10213,23301,0,355,1173,1507,992,1003,-104,0,1016,1397,998,1426,-415
2026-05-17,27,18211,A,19591,16513,1552,6417,10474,23301,0,483,1140,1507,992,1003,-11,0,1016,1397,998,1426,-386
2026-05-17,28,18109,A,19324,16394,1604,6417,10877,23301,0,344,955,1507,992,1002,0,0,1016,1397,998,1426,-371
2026-05-17,29,17826,A,19174,16134,1559,6417,9849,23301,0,474,808,1507,992,1003,-16,0,997,1397,997,1425,-358
2026-05-17,30,18061,A,19404,16308,1611,6417,9082,23301,0,636,842,1507,992,1003,0,0,996,1397,997,1426,-207
2026-05-17,31,18599,A,19848,16842,1603,6417,8181,23301,0,640,750,1507,992,1003,0,0,982,1397,997,1426,-109
2026-05-17,32,19517,A,20571,17633,1541,6417,7897,23301,0,349,552,1507,992,992,0,0,981,1397,998,1423,-205
2026-05-17,33,20834,A,21719,18779,1440,6417,7395,23301,0,191,839,1508,992,693,0,0,710,1397,998,1302,-194
2026-05-17,34,22205,A,23123,19958,1493,6417,5836,23301,0,23,1020,1508,992,692,-59,0,700,1397,997,1288,-336
2026-05-17,35,24147,A,25193,21698,1346,6417,5333,23301,0,14,684,1508,992,919,-59,0,536,1397,996,1110,-473
2026-05-17,36,25013,A,26233,22427,1255,6417,4309,23301,0,14,403,1508,992,926,-192,0,530,1397,996,1092,-514
2026-05-17,37,26511,A,27756,23942,1181,6417,3055,23301,0,9,429,1509,992,565,-280,0,504,1397,997,937,-456
2026-05-17,38,27158,A,28596,24459,1085,6417,2183,23301,0,10,93,1508,992,520,-418,-1,503,1397,996,912,-509
2026-05-17,39,27040,A,28600,24429,959,6417,1391,23301,0,8,-5,1509,992,3,-452,-86,536,1397,996,415,-514
2026-05-17,40,27642,A,29232,24952,861,6417,806,23301,0,6,-235,1509,992,0,-452,-118,536,1397,996,394,-514
2026-05-17,41,27513,A,29182,24880,826,6417,355,23301,0,6,-306,1509,992,329,-452,-197,244,1397,996,909,-514
2026-05-17,42,27251,A,28987,24595,787,6417,29,23301,0,6,-463,1509,992,365,-452,-264,234,1397,997,940,-514
2026-05-17,43,27016,A,28901,24352,735,6417,0,23301,0,5,-825,1508,992,645,-452,-414,557,1397,997,749,-514
2026-05-17,44,26128,A,28123,23611,669,6417,0,23301,0,7,-1079,1507,992,657,-451,-523,570,1397,997,729,-514
2026-05-17,45,25461,A,27463,23053,630,6417,0,23301,0,7,-824,1508,992,437,-452,-529,516,1397,997,493,-514
2026-05-17,46,24223,A,26224,21885,620,6417,0,23301,0,7,-954,1508,992,428,-452,-528,515,1367,997,466,-514
2026-05-17,47,22702,A,24635,20512,592,6417,0,23301,0,7,-851,1508,992,437,-451,-461,703,993,988,35,-514
2026-05-17,48,22098,A,23993,19986,591,6417,0,23301,0,11,-996,1508,992,437,-452,-418,710,935,987,9,-514
2026-05-18,1,21622,A,23622,19492,568,6417,0,23301,0,10,-1133,1507,992,384,-452,-524,898,784,982,241,-514
2026-05-18,2,21458,A,23462,19325,574,6417,0,23301,0,11,-1151,1507,992,382,-451,-528,905,792,982,254,-514
2026-05-18,3,21518,A,23520,19368,581,6417,0,23301,0,9,-1200,1508,992,513,-451,-528,827,1126,982,183,-514
2026-05-18,4,21550,A,23551,19444,603,6417,0,23301,0,6,-1172,1507,992,517,-452,-529,824,1172,982,180,-514
2026-05-18,5,21452,A,23449,19255,629,6417,0,23301,0,4,-1269,1508,992,510,-451,-528,662,1232,996,267,-514
2026-05-18,6,20864,A,22862,18672,654,6417,0,23301,0,4,-1226,1508,992,508,-452,-528,656,1220,997,272,-514
2026-05-18,7,20863,A,22861,18781,627,6417,0,23301,0,4,-980,1508,992,192,-451,-530,543,971,997,243,-513
2026-05-18,8,20530,A,22529,18476,611,6417,0,23301,0,4,-1135,1509,992,178,-452,-529,536,970,997,235,-514
2026-05-18,9,20166,A,22498,18134,683,6417,0,23301,0,4,-1020,1510,992,-348,-452,-514,112,1344,997,16,-514
2026-05-18,10,19634,A,22133,17610,694,6417,0,23301,0,148,-1019,1510,992,-389,-451,-497,94,1360,997,0,-514
2026-05-18,11,20261,A,22735,18272,668,6417,20,23301,0,16,-352,1511,992,-562,-451,-380,-51,987,996,0,-514
2026-05-18,12,20373,A,22910,18291,633,6417,311,23301,0,9,-523,1511,992,-568,-452,-438,-56,941,996,0,-514
2026-05-18,13,22027,A,24368,19771,594,6417,911,23301,0,8,-558,1510,992,-338,-452,-529,119,947,996,0,-514
2026-05-18,14,23652,A,25974,21232,552,6417,1390,23301,0,6,-412,1510,992,-320,-452,-530,130,977,996,0,-514
2026-05-18,15,26173,A,28176,23674,495,6417,2300,23301,0,7,-106,1508,992,525,-451,-531,654,1351,997,0,-514
2026-05-18,16,26659,A,28661,24003,488,6417,3331,23301,0,5,-153,1508,992,614,-452,-531,679,1397,997,0,-514
2026-05-18,17,26607,A,28607,23906,473,6417,4308,23301,0,4,-670,1507,992,987,-451,-531,985,1397,997,0,-514
2026-05-18,18,26483,A,28483,23845,474,6417,4963,23301,0,5,-543,1507,992,1003,-451,-530,997,1397,997,0,-514
2026-05-18,19,26337,A,28342,23648,500,6417,5751,23301,0,8,-446,1507,992,1003,-452,-531,1016,1397,997,0,-514
2026-05-18,20,25890,A,27892,23288,559,6417,5555,23301,0,6,-209,1507,992,1004,-451,-531,1017,1397,997,0,-514
2026-05-18,21,26186,A,28302,23627,640,6417,5609,23301,0,119,118,1507,992,1004,-452,-531,1016,1397,997,0,-514
2026-05-18,22,26625,A,28744,23972,694,6417,6191,23301,0,123,151,1507,992,1003,-452,-530,1016,1397,997,0,-514
2026-05-18,23,26307,A,28429,23666,722,6417,6662,23301,0,123,183,1507,992,1003,-452,-531,1016,1397,997,0,-516
2026-05-18,24,25958,A,27965,23372,775,6417,6900,23301,0,10,236,1507,992,1003,-452,-531,1016,1397,996,0,-514
2026-05-18,25,25690,A,27691,23237,791,6417,7271,23301,0,7,303,1507,992,1002,-451,-530,1016,1397,996,0,-513
2026-05-18,26,25941,A,27902,23514,864,6417,7908,23301,0,7,538,1507,992,1003,-452,-488,1016,1397,996,0,-514
2026-05-18,27,25712,A,27471,23406,932,6417,7759,23301,0,9,538,1507,992,1002,-411,-342,1016,1397,997,0,-497
2026-05-18,28,24657,A,26121,22478,984,6417,7707,23301,0,9,785,1507,992,1002,-369,-192,1016,1392,997,0,-394
2026-05-18,29,24291,A,25743,22104,986,6417,7505,23301,0,8,499,1507,992,1003,-447,-44,997,1331,997,0,-453
2026-05-18,30,24149,A,25642,21825,953,6417,7375,23301,0,10,388,1506,992,1003,-452,-65,996,1293,997,0,-466
2026-05-18,31,24299,A,25590,21860,939,6417,6905,23301,0,12,442,1507,992,956,-392,-4,991,919,997,0,-383
2026-05-18,32,25085,A,26157,22587,965,6417,6246,23301,0,12,1028,1507,992,953,-243,0,989,844,998,0,-317
2026-05-18,33,26008,A,26928,23499,1028,6417,5359,23301,0,9,1610,1508,992,690,-93,0,689,471,997,0,-318
2026-05-18,34,27233,A,28116,24801,1129,6417,4437,23301,0,12,1931,1507,992,627,-1,0,678,443,997,0,-370
2026-05-18,35,27890,A,29251,25473,1103,6417,4021,23301,0,101,1965,1509,992,-392,0,0,551,666,997,0,-368
2026-05-18,36,29077,A,30350,26651,1149,6417,3197,23301,0,12,2240,1508,990,-450,-25,0,480,723,996,0,-286
2026-05-18,37,28891,A,31407,26453,1195,6417,2357,23301,0,6,2242,1512,946,-987,-67,0,-821,1097,969,0,-135
2026-05-18,38,29418,A,31932,26887,1252,6417,1723,23301,0,6,2584,1513,945,-1014,-1,0,-941,1115,968,0,-52
2026-05-18,39,30335,A,32896,27818,1350,6417,1088,23301,0,29,2912,1513,989,-1013,0,0,-1019,770,995,0,0
2026-05-18,40,29883,A,32582,27463,1403,6417,510,23301,0,163,2845,1513,992,-1014,0,0,-1022,719,995,0,68
2026-05-18,41,29277,A,31977,26950,1538,6417,152,23301,0,164,2838,1255,992,-1014,0,0,-1022,616,951,0,195
2026-05-18,42,28941,A,31639,26693,1688,6417,13,23301,0,162,2986,1231,991,-1014,56,11,-1022,581,947,0,149
2026-05-18,43,28413,A,31111,26142,1776,6417,0,23301,0,167,2813,1365,953,-1015,11,-22,-994,290,890,0,130
2026-05-18,44,27065,A,29735,24796,1906,6417,0,23301,0,167,2655,1379,952,-1014,0,0,-989,237,888,0,30
2026-05-18,45,25639,A,27525,23529,2096,6417,0,23301,0,168,2619,1461,989,-702,0,0,-515,21,958,0,-1
2026-05-18,46,24052,A,25896,22168,2203,6417,0,23301,0,154,3022,1470,992,-690,0,0,-494,-6,963,0,68
2026-05-18,47,22488,A,24546,20835,2218,6417,0,23301,0,9,3409,1508,992,-1001,-56,0,-487,-5,993,0,82
2026-05-18,48,21872,A,24137,20270,2339,6417,0,23301,0,151,3533,1512,992,-1014,-11,0,-487,-34,995,0,-68
2026-05-19,1,21110,A,24007,19506,2330,6417,0,23301,0,165,3731,1511,992,-1014,0,0,-590,-412,995,0,-216
2026-05-19,2,20865,A,23812,19225,2452,6417,0,23301,0,164,3653,1511,992,-1015,0,0,-593,-489,995,0,-186
2026-05-19,3,20339,A,23649,18761,2572,6417,0,23301,0,164,3540,1511,992,-1014,0,0,-595,-875,995,0,-162
2026-05-19,4,20442,A,23920,18981,2810,6417,0,23301,0,164,3876,1511,992,-1017,0,0,-597,-953,995,0,-247
2026-05-19,5,19927,A,24366,18639,2985,6417,0,23301,0,172,3988,1513,992,-1014,-69,0,-1005,-1348,995,0,-331
2026-05-19,6,19264,A,23952,18018,3183,6417,0,23301,0,174,3838,1512,992,-1014,-221,0,-1022,-1400,995,0,-357
2026-05-19,7,18520,A,24130,17307,3168,6417,0,23301,0,770,3735,1512,992,-1015,-365,0,-1022,-1446,996,0,-492
2026-05-19,8,18359,A,24282,17130,3317,6417,0,23301,0,1004,3903,1513,992,-1014,-401,-17,-1022,-1451,995,0,-514
2026-05-19,9,18484,A,24389,17311,3292,6417,0,23301,0,989,4143,1512,992,-1014,-401,-13,-1022,-1452,973,0,-514
2026-05-19,10,18480,A,24496,17346,3438,6417,0,23301,0,985,4054,1511,985,-1014,-401,-127,-1022,-1453,963,0,-514
2026-05-19,11,18114,A,23936,17074,3464,6417,0,23301,0,806,4059,1106,730,-1014,-401,-112,-1022,-1453,651,0,-514
2026-05-19,12,18803,A,24371,17788,3605,6417,25,23301,0,475,3947,1066,714,-1015,-401,-188,-1022,-1453,635,0,-514
2026-05-19,13,20355,A,25682,19230,3514,6417,137,23301,0,146,3975,1199,783,-1015,-403,-275,-1022,-1453,753,0,-513
2026-05-19,14,21982,A,27220,20741,3672,6417,456,23301,0,9,3965,1213,792,-1005,-444,-326,-1016,-1424,767,0,-514
2026-05-19,15,24629,A,28464,23140,3598,6417,799,23301,0,3,3914,1482,978,-371,-451,-475,-457,-1064,983,0,-514
2026-05-19,16,25483,A,29159,23851,3642,6417,1134,23301,0,0,3761,1509,992,-327,-451,-527,-368,-989,997,0,-514
2026-05-19,17,26715,A,29315,24965,3484,6417,1629,23301,0,7,3651,1505,992,630,-451,-528,886,-601,997,0,-513
2026-05-19,18,26643,A,29166,24908,3605,6417,2284,23301,0,6,3703,1505,992,758,-452,-528,997,-523,997,0,-514
2026-05-19,19,26971,A,29113,25058,3495,6417,3005,23301,0,6,3527,1504,992,993,-452,-526,1016,-144,997,0,-514
2026-05-19,20,26755,A,28758,24824,3653,6417,3677,23301,0,3,3348,1505,992,1003,-452,-426,1017,-108,997,0,-514
2026-05-19,21,26222,A,28307,24348,3646,6417,4033,23301,0,45,3126,1505,992,1004,-452,-338,1017,-236,997,0,-514
2026-05-19,22,25906,A,28119,24021,3672,6417,4963,23301,0,276,3167,1505,992,1002,-451,-190,1017,-282,997,0,-514
2026-05-19,23,25639,A,28200,23793,3455,6417,6067,23301,0,316,3634,1505,992,1003,-452,-116,1017,-663,997,0,-514
2026-05-19,24,25004,A,27743,23217,3426,6417,6759,23301,0,470,3773,1505,992,1003,-452,-86,1017,-717,997,0,-514
2026-05-19,25,24949,A,28111,23095,3287,6417,7725,23301,0,813,3749,1505,992,1002,-451,-83,1017,-802,997,0,-513
2026-05-19,26,24862,A,28063,22871,3299,6417,7214,23301,0,897,3849,1505,992,1003,-451,0,1017,-840,997,0,-513
2026-05-19,27,24569,A,28180,22487,3178,6417,7546,23301,0,1020,3604,1506,992,994,-451,0,1017,-1195,997,0,-445
2026-05-19,28,23986,A,27666,21770,3192,6417,6833,23301,0,1173,3242,1505,992,991,-451,0,1017,-1239,997,0,-317
2026-05-19,29,23607,A,27257,21293,3198,6417,7576,23301,0,1160,3187,1506,992,645,-451,0,897,-1239,997,0,-300
2026-05-19,30,23801,A,27456,21495,3281,6417,6893,23301,0,1165,3390,1505,992,585,-451,0,892,-1239,996,0,-300
2026-05-19,31,23366,A,27170,21180,3273,6417,6060,23301,0,1153,3377,1506,992,-186,-426,0,992,-1239,997,0,-300
2026-05-19,32,24462,A,28101,22371,3310,6417,5280,23301,0,953,3700,1506,992,-204,-427,-27,991,-1227,996,0,-301
2026-05-19,33,24710,A,28281,22571,3350,6417,4679,23301,0,832,3603,1508,992,-570,-299,0,508,-1070,997,0,-300
2026-05-19,34,25330,A,28755,23252,3330,6417,4090,23301,0,604,3533,1507,991,-588,-352,0,486,-1019,996,0,-362
2026-05-19,35,26839,A,30239,24658,3118,6417,3102,23301,0,353,3304,1507,992,-995,-450,-71,542,-631,996,0,-400
2026-05-19,36,28042,A,31478,25833,3048,6417,2450,23301,0,319,3820,1507,991,-1014,-452,-198,547,-552,996,0,-401
2026-05-19,37,28464,A,31595,26380,2853,6417,1893,23301,0,319,3742,1505,992,-1014,-452,-257,978,-174,996,0,-415
2026-05-19,38,28358,A,31418,26250,2886,6417,1434,23301,0,320,3592,1506,992,-1014,-452,-217,996,-120,996,0,-437
2026-05-19,39,28755,A,31836,26732,2815,6417,843,23301,0,315,3633,1506,991,-1015,-452,-269,916,-17,996,0,-513
2026-05-19,40,28538,A,31626,26406,2749,6417,415,23301,0,313,3212,1505,990,-1014,-452,-291,913,-5,996,0,-513
2026-05-19,41,28110,A,31306,25946,2638,6417,112,23301,0,311,3098,1487,969,-1012,-452,-402,942,-5,997,0,-514
2026-05-19,42,27911,A,31085,25714,2664,6417,8,23301,0,309,2823,1485,968,-885,-452,-509,943,-5,996,0,-514
2026-05-19,43,27960,A,30125,25699,2616,6417,0,23301,0,167,2723,1504,991,221,-452,-527,838,-5,996,0,-514
2026-05-19,44,26836,A,28976,24586,2690,6417,0,23301,0,142,2521,1505,992,239,-452,-527,832,-5,996,0,-514
2026-05-19,45,25516,A,27768,23333,2751,6417,0,23301,0,8,2454,1507,992,-268,-452,-505,413,-5,996,0,-514
2026-05-19,46,24008,A,26175,21974,2832,6417,0,23301,0,9,2080,1507,992,-304,-435,-371,395,-35,996,0,-513
2026-05-19,47,22530,A,25719,20621,2713,6417,0,23301,0,8,2090,1507,992,-960,-448,-347,411,-412,996,0,-514
2026-05-19,48,21788,A,24986,19851,2696,6417,0,23301,0,7,1876,1507,992,-997,-423,-268,416,-490,995,0,-513
2026-05-20,1,21484,A,25278,19484,2547,6417,0,23301,0,446,1912,1443,992,-806,-451,-202,901,-875,995,0,-514
2026-05-20,2,21057,A,24885,19048,2572,6417,0,23301,0,575,1784,1436,991,-796,-443,-57,923,-943,995,0,-514
2026-05-20,3,21164,A,24692,19180,2514,6417,0,23301,0,573,1690,1454,947,-356,-379,0,711,-1207,996,0,-513
2026-05-20,4,21203,A,24713,19232,2519,6417,0,23301,0,574,1710,1457,945,-336,-377,0,702,-1209,996,0,-514
2026-05-20,5,21190,A,24128,19185,2483,6417,0,23301,0,578,1657,1503,973,-270,-257,0,396,-819,996,0,-514
2026-05-20,6,20584,A,23581,18529,2518,6417,0,23301,0,576,1180,1507,975,-276,-329,0,384,-802,996,0,-514
2026-05-20,7,20129,A,24093,18149,2465,6417,0,23301,0,573,1280,1507,991,-915,-271,0,606,-1191,996,0,-514
2026-05-20,8,19707,A,23642,17683,2513,6417,0,23301,0,576,1047,1507,992,-951,-184,0,604,-1211,995,0,-513
2026-05-20,9,19267,A,22804,17303,2436,6417,0,23301,0,572,1197,1247,992,-968,-122,0,-35,-841,985,0,-499
2026-05-20,10,18989,A,22463,17135,2470,6417,0,23301,0,599,1398,1221,990,-968,-157,-19,-91,-765,984,0,-375
2026-05-20,11,19368,A,22749,17575,2336,6417,6,23301,0,229,1748,1361,946,-1012,-28,0,-964,-382,984,0,-266
2026-05-20,12,19482,A,22938,17682,2302,6417,183,23301,0,260,1724,1375,944,-1013,-41,0,-975,-305,984,0,-362
2026-05-20,13,21306,A,23401,19379,2174,6417,651,23301,0,367,1524,1477,978,-834,-77,0,138,74,976,0,-317
2026-05-20,14,22867,A,24907,20932,2168,6417,1268,23301,0,67,1893,1487,981,-747,-229,-66,239,150,976,0,-431
2026-05-20,15,24793,A,26415,22642,2116,6417,1699,23301,0,9,1299,1504,991,793,-381,-219,956,523,995,0,-513
2026-05-20,16,25293,A,27138,23047,2218,6417,2365,23301,0,9,1374,1505,992,1003,-452,-370,997,599,997,0,-514
2026-05-20,17,25897,A,27877,23507,2288,6417,3212,23301,0,8,1429,1505,992,1003,-451,-507,997,972,997,0,-514
2026-05-20,18,25580,A,27574,23284,2467,6417,4172,23301,0,8,1504,1505,991,1002,-451,-521,997,1043,997,0,-514
2026-05-20,19,25729,A,27650,23268,2510,6417,4591,23301,0,8,1384,1506,992,1003,-452,-447,1016,1357,997,0,-514
2026-05-20,20,25181,A,26978,22746,2589,6417,5458,23301,0,9,1131,1506,992,1004,-452,-322,1014,1397,997,0,-514
2026-05-20,21,24136,A,25859,21762,2625,6417,6748,23301,0,14,941,1507,992,935,-452,-243,597,1397,997,0,-514
2026-05-20,22,23857,A,25510,21656,2711,6417,7164,23301,0,14,1233,1507,992,933,-390,-235,581,1397,997,0,-514
2026-05-20,23,23774,A,25490,21569,2670,6417,6405,23301,0,14,1604,1506,991,1002,-304,-385,998,1397,997,0,-513
2026-05-20,24,23993,A,25835,21792,2784,6417,6496,23301,0,14,1947,1506,992,1003,-302,-513,1016,1367,997,0,-513
2026-05-20,25,24343,A,26161,22135,2679,6417,6515,23301,0,14,2329,1506,992,1003,-262,-529,1016,993,997,0,-513
2026-05-20,26,24599,A,26426,22336,2884,6417,6517,23301,0,12,2417,1506,992,1003,-252,-529,1016,917,997,0,-534
2026-05-20,27,24029,A,25970,21816,2788,6417,6944,23301,0,203,2423,1506,991,1003,-252,-487,1016,544,997,0,-499
2026-05-20,28,23218,A,25069,21040,2886,6417,6792,23301,0,320,2228,1506,992,1003,-252,-408,1016,481,997,0,-371
2026-05-20,29,22707,A,24495,20638,2897,6417,6828,23301,0,321,2418,1506,992,1003,-252,-405,997,277,997,0,-310
2026-05-20,30,22715,A,24533,20752,2972,6417,6243,23301,0,317,2374,1506,992,1004,-252,-439,996,235,997,0,-310
2026-05-20,31,22502,A,24363,20512,2944,6417,6815,23301,0,319,2024,1506,992,1054,-252,-480,996,22,997,0,-310
2026-05-20,32,22851,A,24660,20933,2993,6417,6880,23301,0,321,2234,1505,992,1055,-320,-337,996,-5,997,0,-326
2026-05-20,33,23229,A,25313,21357,3115,6417,5903,23301,0,321,2463,1505,992,1047,-441,-364,996,-5,997,0,-453
2026-05-20,34,24264,A,26448,22505,3215,6417,5272,23301,0,317,2661,1505,992,1047,-452,-401,996,0,997,0,-514
2026-05-20,35,25226,A,27524,23419,3135,6417,4637,23301,0,318,2647,1506,992,1032,-452,-515,876,44,996,0,-513
2026-05-20,36,26036,A,28346,24174,3130,6417,3997,23301,0,317,2625,1507,991,897,-452,-527,845,79,997,0,-514
2026-05-20,37,26468,A,28847,24567,2851,6417,3184,23301,0,168,2808,1484,982,-136,-452,-528,-81,452,997,0,-514
2026-05-20,38,27023,A,29480,25064,2626,6417,2285,23301,0,165,2637,1482,982,-155,-452,-528,-144,528,996,0,-513
2026-05-20,39,27869,A,30805,25831,2390,6417,1428,23301,0,165,2456,1506,991,-779,-452,-527,88,901,996,0,-513
2026-05-20,40,28229,A,31203,26062,2208,6417,777,23301,0,165,2112,1509,992,-815,-452,-528,97,977,996,0,-514
2026-05-20,41,28082,A,31085,25828,2107,6417,276,23301,0,165,1832,1509,992,-826,-452,-527,-17,1351,996,0,-516
2026-05-20,42,27215,A,30122,24917,2060,6417,30,23301,0,165,1325,1509,991,-747,-452,-527,-3,1397,995,0,-513
2026-05-20,43,27622,A,29779,25332,1948,6417,0,23301,0,164,1238,1488,976,385,-452,-527,778,1397,984,0,-514
2026-05-20,44,26534,A,28693,24315,1874,6417,0,23301,0,166,1169,1487,976,436,-452,-527,825,1371,983,0,-514
2026-05-20,45,25317,A,27476,23085,1834,6417,0,23301,0,167,953,1505,991,425,-452,-526,707,1042,995,0,-514
2026-05-20,46,24036,A,25962,21877,1837,6417,0,23301,0,17,1005,1507,992,409,-452,-443,703,995,996,0,-514
2026-05-20,47,23088,A,24974,21027,1699,6417,0,23301,0,7,1309,1507,992,-161,-383,-321,618,918,996,0,-514
2026-05-20,48,22751,A,24452,20715,1620,6417,0,23301,0,7,1366,1507,992,-173,-338,-169,615,879,996,0,-514
2026-05-21,1,22487,A,23815,20468,1514,6417,0,23301,0,7,1392,1507,992,-2,-288,-28,713,505,997,0,-503
2026-05-21,2,21777,A,22805,19799,1522,6417,0,23301,0,7,1433,1508,992,0,-137,0,716,465,996,0,-384
2026-05-21,3,21903,A,22742,19944,1490,6417,0,23301,0,6,1546,1508,992,0,-24,0,701,546,996,0,-309
2026-05-21,4,21924,A,22627,19996,1542,6417,0,23301,0,6,1466,1507,992,0,0,0,701,543,996,0,-197
2026-05-21,5,21423,A,22270,19567,1588,6417,0,23301,0,9,1599,1507,992,308,-41,0,963,380,997,0,-297
2026-05-21,6,20749,A,21570,18930,1632,6417,0,23301,0,11,1781,1507,992,331,-1,0,959,362,997,0,-309
2026-05-21,7,20064,A,21281,18392,1692,6417,0,23301,0,11,2100,1510,992,-505,0,0,235,394,997,0,-201
2026-05-21,8,19604,A,20789,17943,1780,6417,0,23301,0,10,2078,1509,992,-585,0,0,194,394,997,0,-90
2026-05-21,9,19413,A,20776,17744,1864,6417,0,23301,0,8,2342,1510,992,-702,0,0,-84,340,997,0,-69
2026-05-21,10,19216,A,20570,17571,1903,6417,0,23301,0,8,2299,1511,992,-708,-22,0,-116,339,996,0,0
2026-05-21,11,19104,A,21632,17537,1868,6417,22,23301,0,9,2356,1514,992,-1051,42,0,-968,408,997,0,62
2026-05-21,12,19486,A,22085,17829,1886,6417,199,23301,0,11,1943,1514,992,-1066,7,0,-1022,446,996,0,97
2026-05-21,13,21259,A,23653,19337,1738,6417,471,23301,0,12,2049,1514,992,-860,61,0,-1022,818,996,0,15
2026-05-21,14,22920,A,25240,20936,1704,6417,984,23301,0,8,2545,1514,992,-766,-30,-19,-929,894,997,0,-68
2026-05-21,15,25700,A,26743,23416,1699,6417,1569,23301,0,11,2160,1508,991,537,-172,-142,530,1268,997,0,-218
2026-05-21,16,26411,A,27764,24067,1762,6417,2148,23301,0,8,2036,1507,992,632,-324,-154,680,1320,996,0,-367
2026-05-21,17,26481,A,28054,24131,1844,6417,2662,23301,0,11,1613,1507,992,1048,-443,-123,985,1388,997,0,-496
2026-05-21,18,26251,A,27920,23921,1972,6417,3538,23301,0,10,1656,1507,992,1068,-452,-193,997,1397,997,0,-514
2026-05-21,19,26264,A,28009,23876,2015,6417,4285,23301,0,8,1842,1507,991,1038,-452,-271,1016,1397,997,0,-514
2026-05-21,20,25936,A,27586,23376,2112,6417,5017,23301,0,10,1777,1506,992,1037,-447,-179,1016,1397,997,0,-514
2026-05-21,21,25242,A,26648,22753,2061,6417,5888,23301,0,10,1781,1507,992,1059,-348,-34,1016,1397,996,0,-514
2026-05-21,22,24255,A,25588,21760,2138,6417,7257,23301,0,10,1820,1507,992,1058,-309,0,1016,1397,996,0,-514
2026-05-21,23,23326,A,24691,20817,2029,6417,8129,23301,0,10,1649,1507,992,1058,-341,0,1016,1397,996,0,-514
2026-05-21,24,22699,A,23986,20199,2098,6417,9116,23301,0,10,1467,1507,991,1058,-263,0,1016,1397,996,0,-514
2026-05-21,25,22067,A,23431,19625,2015,6417,10144,23301,0,35,1144,1507,991,1033,-315,0,921,1397,996,0,-514
2026-05-21,26,21224,A,22850,18848,2010,6417,10366,23301,0,305,1348,1507,991,1031,-307,0,918,1397,997,0,-514
2026-05-21,27,20735,A,22975,18415,1937,6417,10850,23301,0,751,1368,1507,991,1052,-434,-41,1012,1397,997,0,-514
2026-05-21,28,20470,A,22746,18211,1985,6417,11488,23301,0,839,1488,1507,991,1053,-423,-1,1016,1397,997,0,-513
2026-05-21,29,20297,A,22558,18157,1909,6417,11189,23301,0,796,1394,1508,991,1052,-451,0,900,1397,996,0,-514
2026-05-21,30,20157,A,22387,17939,1866,6417,10490,23301,0,798,1022,1508,991,1044,-418,0,888,1397,996,0,-514
2026-05-21,31,20231,A,22453,18009,1657,6417,9678,23301,0,817,1134,1510,991,306,-392,0,304,1397,996,0,-513
2026-05-21,32,21240,A,22865,19004,1587,6417,9080,23301,0,237,1278,1510,991,253,-374,0,275,1397,997,0,-514
2026-05-21,33,22374,A,23819,20024,1483,6417,7758,23301,0,12,1275,1509,991,794,-419,0,482,1397,997,0,-514
2026-05-21,34,23375,A,24853,20924,1498,6417,6653,23301,0,12,1439,1509,991,821,-452,0,489,1380,996,0,-514
2026-05-21,35,24354,A,25776,21883,1325,6417,5755,23301,0,11,1491,1509,991,542,-386,-11,247,1175,996,0,-514
2026-05-21,36,25663,A,27082,23144,1308,6417,4619,23301,0,11,1421,1509,991,501,-306,-104,233,1165,996,0,-498
2026-05-21,37,26789,A,28708,24359,1236,6417,3821,23301,0,10,2150,1512,991,-563,-161,-19,-298,1371,996,0,-368
2026-05-21,38,27476,A,29333,25111,1207,6417,2815,23301,0,9,2532,1512,991,-666,-133,0,-333,1397,996,0,-216
2026-05-21,39,28034,A,30657,25828,1155,6417,1793,23301,0,0,2669,1515,992,-1049,-16,0,-987,1397,996,0,-71
2026-05-21,40,28232,A,30818,26087,1174,6417,1030,23301,0,0,2472,1515,992,-1066,0,0,-1020,1397,997,0,5
2026-05-21,41,28201,A,30140,26103,1245,6417,339,23301,0,0,2496,1513,992,-808,0,0,-631,1397,996,0,11
2026-05-21,42,27766,A,29571,25587,1229,6417,52,23301,0,0,2328,1514,992,-721,0,0,-584,1397,996,0,10
2026-05-21,43,27746,A,28253,25572,1277,6417,0,23301,0,4,2073,1510,992,258,0,0,393,1397,997,0,-3
2026-05-21,44,27306,A,27862,25143,1355,6417,0,23301,0,4,2196,1509,991,279,-6,0,459,1397,996,0,-46
2026-05-21,45,26253,A,26896,24138,1347,6417,0,23301,0,4,2207,1510,992,2,-60,0,55,1397,996,0,-79
2026-05-21,46,24887,A,25395,22885,1382,6417,0,23301,0,8,2302,1511,992,0,25,0,37,1374,997,0,35
2026-05-21,47,23533,A,24771,21723,1387,6417,0,23301,0,8,2391,1512,992,-504,12,0,-226,1090,996,0,79
2026-05-21,48,22741,A,24067,20978,1532,6417,0,23301,0,9,2463,1512,992,-582,29,0,-235,1029,996,0,210
2026-05-22,1,21960,A,23045,20306,1585,6417,0,23301,0,11,2522,1511,992,-566,16,0,-8,708,996,0,242
2026-05-22,2,21582,A,22655,19932,1622,6417,0,23301,0,9,2497,1511,992,-564,113,0,0,672,995,0,124
2026-05-22,3,21189,A,22224,19576,1594,6417,0,23301,0,11,2269,1511,992,-511,23,0,-13,730,995,0,30
2026-05-22,4,21303,A,22334,19611,1582,6417,0,23301,0,8,2388,1511,992,-509,0,0,-14,717,996,0,9
2026-05-22,5,21202,A,22186,19384,1598,6417,0,23301,0,6,2309,1510,992,-388,-22,0,104,451,996,0,-68
2026-05-22,6,20713,A,21807,18895,1565,6417,0,23301,0,6,2271,1510,992,-384,0,0,107,403,995,0,-204
2026-05-22,7,20343,A,21823,18537,1553,6417,0,23301,0,5,2192,1511,992,-528,0,0,-179,200,996,0,-268
2026-05-22,8,20073,A,21659,18323,1553,6417,0,23301,0,5,2359,1511,992,-537,0,0,-191,164,996,0,-353
2026-05-22,9,19556,A,21906,17949,1472,6417,0,23301,0,5,2786,1512,992,-1009,0,0,-466,14,996,0,-370
2026-05-22,10,19147,A,21536,17574,1575,6417,0,23301,0,5,2978,1512,992,-1032,0,0,-479,0,996,0,-373
2026-05-22,11,19380,A,22347,17963,1731,6417,31,23301,0,5,3291,1514,992,-1068,-1,0,-915,44,996,0,-478
2026-05-22,12,19706,A,22823,18269,1737,6417,372,23301,0,44,3321,1514,992,-1069,-87,-8,-893,79,995,0,-516
2026-05-22,13,21515,A,23795,19887,1609,6417,1098,23301,0,170,3015,1509,992,-836,-150,-122,174,452,995,0,-502
2026-05-22,14,22566,A,25063,20860,1523,6417,1835,23301,0,172,3179,1509,992,-747,-296,-274,267,527,996,0,-508
2026-05-22,15,23708,A,25748,21780,1364,6417,2948,23301,0,172,3226,1506,991,800,-430,-425,959,901,997,0,-513
2026-05-22,16,23918,A,26078,21826,1321,6417,4077,23301,0,169,3517,1507,992,1015,-452,-525,997,977,997,0,-514
2026-05-22,17,23802,A,25965,21528,1317,6417,5497,23301,0,170,3203,1507,991,1065,-451,-528,997,1350,996,0,-514
2026-05-22,18,23419,A,25579,21182,1466,6417,6806,23301,0,166,3233,1507,991,1066,-451,-529,997,1397,997,0,-514
2026-05-22,19,22160,A,24383,20007,1556,6417,8382,23301,0,256,3034,1507,992,1060,-452,-501,1016,1397,997,0,-514
2026-05-22,20,21166,A,23323,19121,1748,6417,9821,23301,0,323,2974,1509,992,1058,-452,-368,1016,1397,997,0,-514
2026-05-22,21,20259,A,22656,18312,1836,6417,11043,23301,0,541,2920,1510,992,1053,-439,-404,1016,1397,996,0,-513
2026-05-22,22,19259,A,21694,17392,1959,6417,12244,23301,0,695,2952,1510,992,1059,-349,-377,1016,1397,996,0,-514
2026-05-22,23,18621,A,21379,16658,2038,6417,13123,23301,0,884,2656,1510,992,1056,-435,-493,1016,1397,996,0,-446
2026-05-22,24,18209,A,20970,16241,2130,6417,13926,23301,0,877,2815,1511,992,1057,-452,-528,1016,1397,996,0,-404
2026-05-22,25,18090,A,20628,16097,2114,6417,14326,23301,0,726,2467,1510,992,1056,-452,-466,1016,1397,996,0,-394
2026-05-22,26,17714,A,19934,15647,2137,6417,14472,23301,0,881,1876,1511,992,1057,-452,0,1016,1397,996,0,-387
2026-05-22,27,17345,A,19832,15323,2020,6417,14602,23301,0,1134,1904,1510,992,1057,-452,0,1016,1397,997,0,-401
2026-05-22,28,17268,A,19727,15320,2038,6417,14429,23301,0,1154,2060,1511,990,1057,-452,0,1015,1397,996,0,-353
2026-05-22,29,17107,A,19231,15402,1914,6417,13934,23301,0,801,2283,1397,923,788,-452,0,715,1397,997,0,-371
2026-05-22,30,17256,A,19265,15479,1984,6417,13100,23301,0,718,2240,1385,918,763,-452,0,703,1397,996,0,-339
2026-05-22,31,17705,A,19478,15924,1831,6417,12120,23301,0,467,2130,1453,897,765,-452,0,703,1397,952,0,-354
2026-05-22,32,17970,A,19432,16250,1854,6417,11138,23301,0,186,2052,1458,898,764,-452,0,704,1367,951,0,-324
2026-05-22,33,19256,A,20648,17467,1775,6417,10020,23301,0,170,2256,1503,986,764,-452,0,704,994,995,0,-270
2026-05-22,34,20764,A,22098,18896,1755,6417,8595,23301,0,160,2535,1507,991,694,-435,0,703,944,998,0,-239
2026-05-22,35,22045,A,23084,20190,1702,6417,7110,23301,0,10,2858,1508,992,-96,-338,0,401,901,998,0,-95
2026-05-22,36,23508,A,24710,21502,1682,6417,5418,23301,0,8,2235,1508,991,-124,-429,0,387,868,998,0,-141
2026-05-22,37,24642,A,26753,22489,1591,6417,3990,23301,0,13,2171,1509,992,-1007,-452,0,-7,516,998,0,-132
2026-05-22,38,25730,A,27919,23501,1440,6417,2750,23301,0,9,1888,1509,991,-1068,-452,0,-37,463,998,0,-123
2026-05-22,39,26097,A,28977,23856,1314,6417,1777,23301,0,3,1918,1510,991,-1070,-452,0,-753,349,998,0,-102
2026-05-22,40,26446,A,29340,24200,1301,6417,904,23301,0,3,1975,1510,992,-1069,-452,0,-792,365,999,0,-78
2026-05-22,41,26481,A,29334,24298,1262,6417,360,23301,0,3,1555,1511,992,-1067,-452,0,-798,738,998,0,-33
2026-05-22,42,26023,A,28886,24008,1335,6417,46,23301,0,3,1732,1511,992,-1067,-452,0,-786,814,998,0,-55
2026-05-22,43,26206,A,28271,24253,1322,6417,0,23301,0,4,1413,1509,991,-899,-452,0,-78,1187,998,0,-132
2026-05-22,44,26043,A,28004,24121,1364,6417,0,23301,0,8,1485,1509,991,-793,-452,0,-38,1234,998,0,-170
2026-05-22,45,26082,A,27206,24269,1326,6417,0,23301,0,16,1380,1509,991,-3,-452,0,286,1244,998,0,-153
2026-05-22,46,24912,A,26100,23170,1362,6417,0,23301,0,12,1343,1509,992,0,-452,0,298,1256,998,0,-224
2026-05-22,47,22983,A,24776,21339,1347,6417,0,23301,0,9,1622,1509,992,-500,-452,0,11,1381,998,0,-332
2026-05-22,48,22332,A,24345,20788,1442,6417,0,23301,0,9,2081,1509,992,-577,-451,0,0,1397,998,0,-476
2026-05-23,1,22112,A,24071,20540,1459,6417,0,23301,0,12,2188,1508,991,-482,-451,0,167,1397,997,0,-514
2026-05-23,2,21643,A,23599,20081,1510,6417,0,23301,0,13,2390,1508,991,-478,-451,0,173,1397,997,0,-514
2026-05-23,3,21304,A,23147,19793,1474,6417,0,23301,0,13,2562,1509,992,-306,-450,0,-60,1397,998,0,-514
2026-05-23,4,20896,A,22702,19359,1450,6417,0,23301,0,12,2419,1509,991,-300,-411,0,-70,1397,997,0,-513
2026-05-23,5,20552,A,22521,19110,1371,6417,0,23301,0,13,2391,1508,992,-491,-451,0,76,1397,998,0,-514
2026-05-23,6,20077,A,22096,18655,1341,6417,0,23301,0,57,2338,1508,991,-497,-451,0,81,1397,998,0,-514
2026-05-23,7,19487,A,21451,18185,1239,6417,0,23301,0,334,2546,1509,991,-165,-451,0,3,1397,998,0,-514
2026-05-23,8,19404,A,21160,18174,1254,6417,0,23301,0,167,2761,1509,991,-151,-424,0,1,1397,997,0,-514
2026-05-23,9,18849,A,20666,17538,1216,6417,0,23301,0,247,2554,1508,992,-105,-451,0,254,1397,998,0,-514
2026-05-23,10,18398,A,20121,17207,1172,6417,0,23301,0,172,2541,1508,991,-104,-428,0,263,1397,998,0,-519
2026-05-23,11,18721,A,20390,17616,1107,6417,14,23301,0,207,2568,1507,992,507,-448,0,515,1397,998,0,-514
2026-05-23,12,18533,A,20238,17365,1077,6417,225,23301,0,312,2463,1507,991,591,-379,0,527,1397,997,0,-514
2026-05-23,13,18817,A,20415,17535,1001,6417,817,23301,0,172,2257,1506,992,1033,-412,0,977,1397,998,0,-514
2026-05-23,14,18883,A,20428,17507,980,6417,1493,23301,0,172,1989,1506,991,1055,-360,0,997,1397,997,0,-513
2026-05-23,15,19088,A,20622,17711,873,6417,2516,23301,0,172,2091,1506,991,1065,-348,0,997,1397,997,0,-514
2026-05-23,16,19132,A,20706,17724,910,6417,3480,23301,0,171,2046,1506,991,1066,-389,0,997,1397,998,0,-514
2026-05-23,17,19269,A,20708,17821,847,6417,4953,23301,0,93,2019,1506,991,1059,-344,0,997,1397,997,0,-502
2026-05-23,18,18911,A,20142,17418,932,6417,6334,23301,0,13,2006,1507,991,1057,-299,0,997,1397,998,0,-419
2026-05-23,19,18573,A,20022,17079,950,6417,7540,23301,0,18,1939,1506,991,1057,-427,0,1015,1397,997,0,-504
2026-05-23,20,17903,A,19341,16383,1009,6417,8910,23301,0,51,1989,1506,992,1057,-374,0,1016,1397,997,0,-513
2026-05-23,21,16879,A,18340,15360,1013,6417,10360,23301,0,45,1699,1506,992,1057,-403,0,1016,1397,998,0,-513
2026-05-23,22,15778,A,17143,14267,1075,6417,11457,23301,0,76,1893,1507,992,1057,-275,0,1016,1397,997,0,-514
2026-05-23,23,15680,A,16847,14142,1004,6417,12348,23301,0,75,2240,1508,992,1058,-132,0,1016,1397,997,0,-460
2026-05-23,24,14842,A,16274,13326,1083,6417,13288,23301,0,349,2067,1507,992,1058,-135,0,1016,1397,997,0,-448
2026-05-23,25,14316,A,16207,12842,1032,6417,13884,23301,0,744,2160,1509,992,1058,-134,0,1016,1397,997,0,-513
2026-05-23,26,14201,A,16216,12683,1107,6417,14229,23301,0,738,1909,1509,992,1058,-253,0,1016,1397,996,0,-524
2026-05-23,27,13689,A,15427,12085,1038,6417,14715,23301,0,644,1849,1390,992,948,-163,0,992,1397,974,0,-431
2026-05-23,28,13197,A,15116,11666,1090,6417,14624,23301,0,845,2169,1378,990,942,-69,0,991,1397,973,0,-505
2026-05-23,29,13392,A,15197,11890,1138,6417,14223,23301,0,738,2169,1466,901,932,-119,0,957,1397,996,0,-448
2026-05-23,30,13567,A,15357,11942,1155,6417,13341,23301,0,799,1981,1477,897,932,-43,0,956,1397,995,0,-448
2026-05-23,31,13798,A,15674,12315,1077,6417,12636,23301,0,949,2025,1505,985,1054,-9,0,806,1397,905,0,-418
2026-05-23,32,14616,A,16130,13187,1147,6417,11474,23301,0,562,2516,1507,991,1054,-59,0,801,1397,903,0,-393
2026-05-23,33,15764,A,16703,14323,1096,6417,9939,23301,0,186,2654,1507,991,1009,37,0,753,1397,992,0,-253
2026-05-23,34,17725,A,18724,16148,1128,6417,8586,23301,0,165,2620,1507,991,1006,-55,0,751,1397,998,0,-279
2026-05-23,35,19661,A,20558,17893,1111,6417,7048,23301,0,168,2359,1507,992,1045,-29,15,987,1397,998,0,-200
2026-05-23,36,21777,A,22870,19857,1125,6417,5534,23301,0,165,2174,1506,991,906,-146,0,975,1397,997,0,-282
2026-05-23,37,22998,A,24694,21053,1072,6417,4305,23301,0,167,2225,1508,992,-636,-189,0,150,1397,998,0,-204
2026-05-23,38,23864,A,25901,21817,1067,6417,2992,23301,0,163,1811,1508,991,-775,-299,0,99,1397,998,0,-300
2026-05-23,39,24562,A,26947,22602,1001,6417,2041,23301,0,159,1918,1509,991,-1065,-220,0,-54,1397,997,0,-387
2026-05-23,40,24789,A,27282,22900,1018,6417,1146,23301,0,162,1594,1509,991,-1066,-318,0,-59,1397,998,0,-388
2026-05-23,41,24511,A,27461,22663,1006,6417,500,23301,0,163,1430,1509,992,-1067,-441,0,-324,1397,997,0,-455
2026-05-23,42,24755,A,27772,22987,1017,6417,88,23301,0,156,1708,1509,992,-1067,-452,0,-329,1397,997,0,-513
2026-05-23,43,24936,A,26963,23126,1060,6417,0,23301,0,3,1583,1508,991,-544,-451,-15,206,1397,998,0,-514
2026-05-23,44,24821,A,26754,22980,1150,6417,0,23301,0,5,1582,1508,991,-460,-452,-4,231,1397,997,0,-512
2026-05-23,45,24235,A,25999,22384,1102,6417,0,23301,0,7,1337,1503,991,-214,-452,-77,589,1397,998,0,-514
2026-05-23,46,23456,A,25139,21631,1109,6417,0,23301,0,8,1488,1502,991,-204,-451,-6,600,1397,997,0,-514
2026-05-23,47,22411,A,23922,20679,1054,6417,0,23301,0,8,1733,1508,991,-106,-383,0,162,1397,998,0,-514
2026-05-23,48,21802,A,23248,20120,1031,6417,0,23301,0,7,1704,1508,991,-104,-321,0,143,1397,997,0,-514
2026-05-24,1,21401,A,22858,19702,961,6417,0,23301,0,9,1604,1508,991,171,-414,0,257,1397,997,0,-534
2026-05-24,2,21018,A,22324,19292,932,6417,0,23301,0,9,1902,1508,991,190,-292,0,261,1397,998,0,-505
2026-05-24,3,20711,A,21938,19048,862,6417,0,23301,0,7,1737,1508,992,692,-207,0,407,1397,997,0,-513
2026-05-24,4,20319,A,21460,18712,862,6417,0,23301,0,8,1737,1508,991,717,-119,0,412,1397,997,0,-514
2026-05-24,5,19839,A,21104,18252,845,6417,0,23301,0,8,1598,1508,991,495,-243,0,459,1397,998,0,-514
2026-05-24,6,19373,A,20660,17865,832,6417,0,23301,0,7,1636,1508,991,487,-265,0,461,1397,998,0,-515
2026-05-24,7,18704,A,20037,17283,765,6417,0,23301,0,9,1620,1508,991,468,-311,0,559,1397,998,0,-513
2026-05-24,8,18523,A,19853,17124,796,6417,0,23301,0,5,1644,1507,992,468,-311,0,563,1397,998,0,-514
2026-05-24,9,18354,A,19688,16975,822,6417,0,23301,0,9,1484,1507,992,718,-311,0,714,1397,997,0,-514
2026-05-24,10,17933,A,19267,16638,832,6417,0,23301,0,9,1531,1507,992,729,-311,0,719,1397,998,0,-514
2026-05-24,11,17637,A,18971,16442,768,6417,27,23301,0,9,1685,1508,992,742,-311,0,471,1397,998,0,-514
2026-05-24,12,17026,A,18362,15789,762,6417,367,23301,0,9,1555,1508,992,743,-311,-2,461,1397,998,0,-514
2026-05-24,13,17535,A,18967,16201,686,6417,1054,23301,0,6,1577,1508,991,1032,-311,-101,540,1397,998,0,-514
2026-05-24,14,17423,A,18905,15983,629,6417,1952,23301,0,10,1439,1508,991,1044,-311,-147,546,1397,998,0,-514
2026-05-24,15,17108,A,18539,15508,535,6417,3039,23301,0,7,1090,1507,991,1066,-311,-99,979,1397,998,0,-514
2026-05-24,16,16927,A,18378,15220,539,6417,4317,23301,0,10,1148,1507,991,1068,-311,-116,997,1397,998,0,-514
2026-05-24,17,16946,A,18420,15165,519,6417,5666,23301,0,17,1170,1507,991,1058,-306,-137,997,1397,997,0,-514
2026-05-24,18,16450,A,18032,14665,606,6417,7219,23301,0,16,1183,1505,991,1057,-297,-289,997,1397,996,0,-480
2026-05-24,19,16006,A,17951,14168,606,6417,8816,23301,0,63,1148,1506,992,1057,-428,-441,1016,1397,996,0,-513
2026-05-24,20,15139,A,17115,13302,675,6417,10289,23301,0,59,1046,1505,991,1058,-451,-452,1017,1397,995,0,-514
2026-05-24,21,14468,A,16345,12733,760,6417,11517,23301,0,110,806,1506,992,1057,-452,-301,1017,1397,996,0,-514
2026-05-24,22,13810,A,16125,12219,870,6417,12779,23301,0,691,1031,1504,987,1056,-452,-158,1017,1397,996,0,-514
2026-05-24,23,13500,A,15748,11993,936,6417,13768,23301,0,839,1290,1327,808,963,-429,-22,831,1397,996,0,-458
2026-05-24,24,12981,A,15208,11482,979,6417,14448,23301,0,845,1281,1306,796,958,-426,0,824,1397,996,0,-456
2026-05-24,25,13179,A,15397,11684,902,6417,14903,23301,0,717,1636,1248,796,838,-451,-53,727,1397,997,0,-497
2026-05-24,26,12911,A,15234,11423,914,6417,15112,23301,0,805,1846,1243,796,832,-452,-52,723,1397,993,0,-514
2026-05-24,27,12626,A,15007,11159,818,6417,15167,23301,0,832,1882,1209,821,957,-452,-83,722,1397,882,0,-514
2026-05-24,28,12826,A,15175,11328,889,6417,15028,23301,0,829,1935,1206,819,958,-452,-54,721,1397,875,0,-514
2026-05-24,29,12931,A,15220,11516,885,6417,14609,23301,0,820,2123,1205,709,822,-451,-4,704,1397,851,0,-514
2026-05-24,30,12776,A,15054,11350,944,6417,13916,23301,0,833,2089,1206,702,812,-431,0,704,1397,850,0,-514
2026-05-24,31,13474,A,15621,12120,875,6417,12962,23301,0,813,2324,1206,701,811,-320,0,704,1397,850,0,-514
2026-05-24,32,14205,A,16357,12842,887,6417,11825,23301,0,772,2167,1206,705,810,-366,0,704,1397,851,0,-514
2026-05-24,33,15056,A,17038,13653,846,6417,10458,23301,0,723,2240,1306,8,762,-275,0,705,1397,896,0,-484
2026-05-24,34,17059,A,18615,15465,864,6417,9046,23301,0,215,1837,1318,-5,759,-356,0,705,1397,902,0,-480
2026-05-24,35,19288,A,20516,17395,790,6417,7515,23301,0,8,1423,1487,-4,755,-309,0,704,1397,990,0,-407
2026-05-24,36,20792,A,22234,18802,736,6417,6022,23301,0,8,1390,1505,-4,755,-403,-70,704,1397,996,0,-457
2026-05-24,37,22474,A,24012,20349,683,6417,4602,23301,0,8,1279,1504,-4,921,-332,-181,867,1397,995,0,-513
2026-05-24,38,23932,A,25638,21682,639,6417,3318,23301,0,7,897,1505,-4,922,-409,-331,873,1397,996,0,-455
2026-05-24,39,24709,A,26659,22596,595,6417,2200,23301,0,5,1233,1505,-4,371,-452,-479,651,1397,996,0,-510
2026-05-24,40,24905,A,26908,22754,583,6417,1272,23301,0,6,1134,1506,-4,334,-452,-527,643,1397,996,0,-514
2026-05-24,41,25480,A,27482,23301,584,6417,511,23301,0,7,990,1505,-4,3,-451,-526,735,1397,996,0,-514
2026-05-24,42,25559,A,27563,23363,573,6417,84,23301,0,9,686,1505,-4,0,-451,-526,738,1397,996,0,-514
2026-05-24,43,25520,A,27525,23295,615,6417,0,23301,0,8,486,1504,-4,674,-452,-527,814,1397,996,0,-514
2026-05-24,44,25620,A,27622,23329,644,6417,0,23301,0,7,322,1504,-4,816,-451,-526,817,1397,996,0,-514
2026-05-24,45,25160,A,27164,22900,621,6417,0,23301,0,9,706,1504,-4,781,-451,-526,801,1397,996,0,-514
2026-05-24,46,24415,A,26419,22240,621,6417,0,23301,0,11,610,1504,729,779,-452,-527,800,1397,996,0,-514
2026-05-24,47,23306,A,25241,21244,605,6417,0,23301,0,11,972,1505,992,494,-383,-527,637,1397,996,0,-514
2026-05-24,48,23019,A,24876,20968,594,6417,0,23301,0,14,1238,1506,992,482,-302,-527,631,1397,996,0,-514
2026-05-25,1,22207,A,24062,20124,591,6417,0,23301,0,13,1228,1505,992,449,-302,-526,730,1397,996,0,-514
2026-05-25,2,21592,A,23498,19625,585,6417,0,23301,0,63,1204,1505,992,447,-302,-527,734,1397,996,0,-514
2026-05-25,3,20861,A,22700,19050,609,6417,0,23301,0,36,1338,1506,992,273,-302,-487,689,1397,996,0,-514
2026-05-25,4,20953,A,22630,19249,645,6417,0,23301,0,12,1540,1506,992,267,-302,-349,684,1397,996,0,-514
2026-05-25,5,20392,A,22112,18793,717,6417,0,23301,0,12,1621,1507,992,297,-302,-392,226,1397,997,0,-514
2026-05-25,6,20091,A,21804,18579,775,6417,0,23301,0,12,1735,1507,992,299,-302,-385,206,1395,997,0,-514
2026-05-25,7,19907,A,21616,18453,839,6417,0,23301,0,12,1923,1508,992,254,-302,-381,128,1369,997,0,-514
2026-05-25,8,19540,A,21369,18144,863,6417,0,23301,0,130,2055,1508,992,249,-302,-383,125,1351,996,0,-514
2026-05-25,9,18922,A,20858,17565,833,6417,0,23301,0,131,2185,1509,992,2,-302,-406,-83,1162,997,0,-514
2026-05-25,10,18725,A,20575,17310,858,6417,0,23301,0,64,2320,1509,992,0,-302,-379,-91,1140,997,0,-514
2026-05-25,11,18531,A,20628,17051,964,6417,43,23301,0,27,2089,1510,992,-99,-302,-341,-314,1164,998,0,-514
2026-05-25,12,18428,A,20536,16791,986,6417,438,23301,0,12,1966,1509,992,-104,-302,-357,-319,1182,997,0,-514
2026-05-25,13,18864,A,20758,17086,941,6417,1156,23301,0,12,1634,1508,992,577,-370,-498,155,1373,997,0,-514
2026-05-25,14,19013,A,21017,17102,869,6417,2076,23301,0,12,1222,1508,992,684,-451,-527,193,1396,996,0,-514
2026-05-25,15,19221,A,21226,17066,775,6417,3180,23301,0,12,918,1506,992,1049,-452,-527,953,1397,996,0,-514
2026-05-25,16,18944,A,20948,16671,682,6417,4456,23301,0,12,762,1505,991,1064,-451,-527,998,1397,996,0,-514
2026-05-25,17,18975,A,20980,16625,560,6417,5871,23301,0,12,600,1505,992,1058,-452,-527,997,1397,996,0,-514
2026-05-25,18,18628,A,20632,16196,517,6417,7330,23301,0,12,480,1505,991,1058,-451,-527,997,1397,996,0,-514
2026-05-25,19,17988,A,19992,15697,473,6417,8792,23301,0,12,355,1505,992,1057,-451,-527,1016,1397,996,0,-514
2026-05-25,20,17617,A,19587,15311,481,6417,10264,23301,0,12,557,1505,992,1057,-451,-480,1016,1397,996,0,-527
2026-05-25,21,17496,A,19236,15201,521,6417,11566,23301,0,12,456,1506,992,1056,-382,-332,1016,1397,996,0,-514
2026-05-25,22,17124,A,18990,14620,564,6417,12699,23301,0,220,705,1505,992,1056,-425,-207,1016,1397,995,0,-514
2026-05-25,23,16816,A,18865,14279,589,6417,13648,23301,0,290,633,1370,992,1058,-452,-293,1016,1397,996,0,-514
2026-05-25,24,16573,A,18453,14152,646,6417,14338,23301,0,300,605,1355,992,1057,-452,-114,1016,1397,996,0,-514
2026-05-25,25,16279,A,18451,13917,673,6417,14858,23301,0,706,740,1377,992,1059,-452,0,1016,1397,973,0,-514
2026-05-25,26,16335,A,18625,13980,717,6417,15088,23301,0,825,442,1380,992,1058,-451,0,1016,1397,969,0,-514
2026-05-25,27,16219,A,18505,13878,677,6417,15068,23301,0,820,631,1448,992,1058,-452,0,1016,1397,902,0,-514
2026-05-25,28,15796,A,18028,13487,730,6417,14836,23301,0,818,560,1455,992,1057,-452,0,1016,1397,898,0,-462
2026-05-25,29,15642,A,17837,13355,689,6417,14413,23301,0,800,632,1455,992,1058,-451,0,997,1397,898,0,-444
2026-05-25,30,15573,A,17930,13498,746,6417,13740,23301,0,924,591,1455,992,1058,-452,0,996,1397,898,0,-481
2026-05-25,31,16325,A,18325,14293,806,6417,12837,23301,0,601,942,1456,992,1054,-452,0,996,1397,898,0,-447
2026-05-25,32,17185,A,18987,15106,851,6417,11696,23301,0,411,808,1455,992,1054,-451,0,996,1397,901,0,-440
2026-05-25,33,18166,A,19704,16013,845,6417,10374,23301,0,169,629,1365,992,1052,-421,0,996,1397,989,0,-448
2026-05-25,34,19976,A,21498,17648,882,6417,8919,23301,0,165,415,1354,991,1053,-446,0,996,1397,994,0,-411
2026-05-25,35,21932,A,23551,19525,881,6417,7428,23301,0,165,423,1218,992,1053,-451,0,996,1397,949,0,-503
2026-05-25,36,23722,A,25355,21249,838,6417,5968,23301,0,168,484,1204,992,1053,-451,0,991,1397,948,0,-514
2026-05-25,37,24959,A,26592,22463,808,6417,4572,23301,0,167,551,1477,992,812,-452,0,499,1397,992,0,-514
2026-05-25,38,26100,A,27726,23587,775,6417,3294,23301,0,161,639,1506,992,726,-451,0,476,1397,995,0,-514
2026-05-25,39,26760,A,29074,24366,839,6417,2192,23301,0,157,1069,1506,992,-691,-452,0,500,1397,996,0,-514
2026-05-25,40,27442,A,29906,24948,856,6417,1273,23301,0,154,878,1506,992,-844,-452,0,497,1397,995,0,-514
2026-05-25,41,27382,A,29510,24920,927,6417,536,23301,0,0,772,1507,992,-663,-451,0,36,1397,996,0,-514
2026-05-25,42,26956,A,29033,24492,984,6417,96,23301,0,3,383,1508,992,-608,-452,0,17,1397,996,0,-514
2026-05-25,43,27522,A,28990,25047,928,6417,0,23301,0,3,7,1506,992,641,-451,0,332,1397,996,0,-514
2026-05-25,44,27532,A,28997,25041,928,6417,0,23301,0,0,71,1506,992,772,-451,0,344,1397,996,0,-514
2026-05-25,45,27003,A,28473,24531,828,6417,0,23301,0,5,-280,1506,992,507,-451,0,336,1397,996,0,-514
2026-05-25,46,25884,A,27360,23445,857,6417,0,23301,0,10,-422,1506,993,471,-452,0,333,1397,995,0,-514
2026-05-25,47,24420,A,26322,22184,850,6417,0,23301,0,10,-404,1507,992,-360,-451,0,-67,1397,996,0,-514
2026-05-25,48,23575,A,25534,21391,815,6417,0,23301,0,7,-356,1507,992,-404,-451,0,-83,1367,996,0,-514
2026-05-26,1,23031,A,25145,20891,789,6417,0,23301,0,7,-451,1508,992,-648,-412,0,-33,994,996,0,-514
2026-05-26,2,22743,A,24847,20606,770,6417,0,23301,0,7,-555,1507,992,-657,-401,0,-25,927,996,0,-514
2026-05-26,3,22851,A,24613,20665,714,6417,0,23301,0,8,-969,1505,992,-339,-401,0,557,679,995,0,-514
2026-05-26,4,22680,A,24427,20587,680,6417,0,23301,0,7,-740,1505,992,-325,-401,0,585,623,996,0,-514
2026-05-26,5,21890,A,23749,19811,609,6417,0,23301,0,7,-651,1506,992,-437,-401,0,359,304,996,0,-514
2026-05-26,6,21458,A,23322,19345,588,6417,0,23301,0,7,-729,1506,992,-442,-401,0,350,291,996,0,-514
2026-05-26,7,21711,A,23631,19691,541,6417,0,23301,0,7,-411,1507,992,-498,-401,0,112,639,996,0,-514
2026-05-26,8,21344,A,23268,19361,510,6417,0,23301,0,7,-481,1507,992,-502,-401,0,99,702,996,0,-514
2026-05-26,9,21324,A,23939,19355,436,6417,0,23301,0,7,-400,1508,992,-809,-401,0,-384,960,996,0,-514
2026-05-26,10,20689,A,23345,18824,403,6417,0,23301,0,7,-731,1507,992,-822,-401,0,-412,997,996,0,-514
2026-05-26,11,20435,A,23913,18605,358,6417,43,23301,0,7,-683,1329,992,-1056,-407,0,-994,1062,997,0,-514
2026-05-26,12,20371,A,23922,18514,320,6417,413,23301,0,10,-779,1311,992,-1063,-451,0,-990,1092,998,0,-537
2026-05-26,13,22228,A,24400,20208,292,6417,1104,23301,0,111,-840,1487,992,-596,-451,0,3,1363,996,0,-514
2026-05-26,14,22946,A,25088,20909,275,6417,1989,23301,0,138,-480,1507,991,-539,-451,0,95,1397,996,0,-514
2026-05-26,15,24492,A,26023,22225,279,6417,3072,23301,0,65,-649,1504,991,817,-452,0,944,1397,995,0,-514
2026-05-26,16,24354,A,25830,21974,253,6417,4299,23301,0,10,-760,1504,991,1044,-452,0,998,1397,995,0,-514
2026-05-26,17,24177,A,25653,21723,235,6417,5651,23301,0,10,-953,1503,991,1062,-452,0,997,1397,996,0,-514
2026-05-26,18,23939,A,25414,21493,237,6417,7146,23301,0,10,-807,1503,991,1063,-451,0,997,1397,995,0,-514
2026-05-26,19,23218,A,24694,20725,247,6417,8689,23301,0,10,-948,1503,991,1056,-452,0,1016,1397,995,0,-514
2026-05-26,20,22765,A,24242,20330,262,6417,10111,23301,0,11,-991,1503,991,1056,-452,0,1017,1397,995,0,-514
2026-05-26,21,22023,A,23499,19615,263,6417,11394,23301,0,11,-1038,1504,991,1055,-451,0,1016,1397,995,0,-514
2026-05-26,22,21635,A,23111,19239,282,6417,12502,23301,0,10,-893,1504,992,1055,-452,0,1016,1397,995,0,-514
2026-05-26,23,21361,A,22839,19003,297,6417,13459,23301,0,7,-871,1504,991,1056,-452,0,1016,1397,995,0,-519
2026-05-26,24,21435,A,22904,19071,330,6417,14095,23301,0,4,-939,1504,991,1055,-451,0,1016,1397,996,0,-514
2026-05-26,25,21366,A,22836,19091,351,6417,14430,23301,0,4,-823,1505,992,1055,-452,0,1016,1397,996,0,-514
2026-05-26,26,21490,A,22959,19301,408,6417,14479,23301,0,4,-699,1504,991,1055,-451,0,1016,1396,995,0,-514
2026-05-26,27,21635,A,23185,19394,445,6417,14295,23301,0,84,-953,1505,992,1056,-452,0,1016,1397,997,0,-514
2026-05-26,28,21481,A,23106,19338,505,6417,13986,23301,0,159,-986,1505,992,1056,-452,0,1016,1397,996,0,-514
2026-05-26,29,21908,A,23390,19756,519,6417,13221,23301,0,17,-702,1504,991,1054,-451,0,996,1396,995,0,-514
2026-05-26,30,22027,A,23500,19832,576,6417,12550,23301,0,6,-601,1505,992,1054,-452,0,996,1397,996,0,-515
2026-05-26,31,22171,A,23643,20031,620,6417,11790,23301,0,7,-631,1504,991,1052,-451,0,996,1397,995,0,-514
2026-05-26,32,22879,A,24352,20700,718,6417,10587,23301,0,7,-530,1504,992,1053,-452,0,996,1397,996,0,-514
2026-05-26,33,23707,A,25179,21517,744,6417,9259,23301,0,7,-318,1504,992,1053,-451,0,996,1397,996,0,-514
2026-05-26,34,25181,A,26661,22891,796,6417,7862,23301,0,14,173,1505,992,1050,-452,0,988,1397,995,0,-514
2026-05-26,35,26057,A,27540,23679,829,6417,6563,23301,0,18,313,1506,992,593,-451,0,381,1397,996,0,-514
2026-05-26,36,27586,A,29060,25270,911,6417,5521,23301,0,8,311,1506,987,539,-452,0,329,1397,987,0,-514
2026-05-26,37,28182,A,31092,25977,978,6417,4063,23301,0,140,726,1239,797,-783,-451,0,-522,1397,672,0,-514
2026-05-26,38,28857,A,32194,26696,1051,6417,2731,23301,0,309,697,1211,783,-984,-452,0,-578,1397,660,0,-514
2026-05-26,39,29734,A,33556,27509,1028,6417,1883,23301,0,308,858,1161,741,-1045,-452,0,-1003,1397,923,0,-514
2026-05-26,40,29617,A,33348,27431,1203,6417,1045,23301,0,196,1085,1155,738,-1048,-451,0,-1022,1397,938,0,-514
2026-05-26,41,29396,A,33073,27356,1253,6417,439,23301,0,158,1230,752,700,-1031,-452,0,-1022,1397,897,0,-514
2026-05-26,42,29244,A,32866,27128,1353,6417,105,23301,0,108,1364,708,702,-1031,-452,0,-1017,1397,888,0,-514
2026-05-26,43,29143,A,31904,27083,1325,6417,0,23301,0,5,1319,557,883,-815,-451,0,-476,1397,649,0,-514
2026-05-26,44,28743,A,31465,26714,1279,6417,0,23301,0,8,1253,545,898,-797,-452,0,-451,1397,642,0,-514
2026-05-26,45,27878,A,30426,25777,1199,6417,0,23301,0,13,801,1323,986,-610,-451,0,-460,1397,922,0,-514
2026-05-26,46,26373,A,28869,24466,1195,6417,0,23301,0,13,817,1409,992,-564,-452,0,-453,1397,940,0,-514
2026-05-26,47,25058,A,26536,23286,1189,6417,0,23301,0,13,1037,1130,974,216,-451,0,149,1397,971,0,-514
2026-05-26,48,24292,A,25771,22601,1175,6417,0,23301,0,13,1043,1100,973,236,-452,0,178,1397,973,0,-514
2026-05-27,1,24141,A,25600,22442,1145,6417,0,23301,0,13,513,1239,989,512,-420,0,304,1397,995,0,-526
2026-05-27,2,23883,A,25160,22291,1091,6417,0,23301,0,13,538,1254,990,523,-281,0,308,1397,996,0,-483
2026-05-27,3,22771,A,23975,21174,1068,6417,0,23301,0,13,163,1482,992,364,-177,0,215,1397,995,0,-514
2026-05-27,4,22497,A,23636,20943,1082,6417,0,23301,0,13,-148,1506,992,347,-144,0,212,1397,995,0,-482
2026-05-27,5,22098,A,23728,20559,1094,6417,0,23301,0,12,-253,1496,974,-290,-291,0,-23,1397,995,0,-514
2026-05-27,6,21899,A,23579,20410,1114,6417,0,23301,0,14,-262,1494,973,-321,-299,0,-32,1397,995,0,-514
2026-05-27,7,21308,A,23212,19683,1104,6417,0,23301,0,64,-503,1506,991,-365,-300,0,-161,1397,996,0,-514
2026-05-27,8,21071,A,22998,19402,1122,6417,0,23301,0,113,-649,1508,992,-368,-260,0,-172,1397,996,0,-514
2026-05-27,9,20789,A,23531,19276,1185,6417,0,23301,0,13,-413,1509,992,-765,-233,0,-717,1397,997,0,-514
2026-05-27,10,19865,A,22585,18411,1181,6417,0,23301,0,12,-289,1509,992,-783,-168,0,-743,1397,996,0,-514
2026-05-27,11,19668,A,22862,18191,1150,6417,45,23301,0,57,-291,1465,992,-994,-117,0,-1012,1397,996,0,-514
2026-05-27,12,19781,A,22870,18230,1141,6417,393,23301,0,82,-433,1460,992,-876,-168,0,-995,1397,997,0,-468
2026-05-27,13,21136,A,22560,19427,1159,6417,978,23301,0,31,-648,1475,974,218,-320,0,-62,1397,974,0,-511
2026-05-27,14,21885,A,23356,20056,1201,6417,1812,23301,0,16,-701,1476,973,255,-441,0,26,1397,965,0,-514
2026-05-27,15,22993,A,24475,20942,1201,6417,2831,23301,0,16,-952,1230,990,997,-452,0,937,1397,718,0,-514
2026-05-27,16,23451,A,24932,21360,1190,6417,4084,23301,0,16,-723,1203,991,1038,-451,0,997,1396,702,0,-514
2026-05-27,17,23470,A,24952,21219,1204,6417,5443,23301,0,16,-1062,1203,991,1063,-452,0,997,1397,701,0,-514
2026-05-27,18,23084,A,24565,20798,1226,6417,6866,23301,0,15,-1134,1203,992,1062,-452,0,997,1397,702,0,-514
2026-05-27,19,22234,A,23711,19914,1247,6417,8221,23301,0,11,-1332,1202,991,1055,-451,0,1016,1397,702,0,-515
2026-05-27,20,21144,A,22665,18872,1321,6417,9626,23301,0,62,-1252,1202,991,1056,-445,0,1016,1397,703,0,-514
2026-05-27,21,20190,A,21608,17976,1302,6417,11038,23301,0,71,-1127,1203,991,1054,-333,0,1017,1397,701,0,-514
2026-05-27,22,19082,A,20464,16913,1366,6417,12219,23301,0,214,-1186,1203,992,1055,-185,0,1016,1397,701,0,-483
2026-05-27,23,18801,A,19793,16713,1403,6417,13310,23301,0,78,-586,1203,991,1055,-40,0,1016,1397,702,0,-374
2026-05-27,24,18539,A,19333,16503,1442,6417,13920,23301,0,71,-470,1204,991,1055,55,0,1016,1397,701,0,-223
2026-05-27,25,18643,A,19286,16619,1491,6417,13908,23301,0,72,-406,1204,992,1055,11,0,1016,1397,700,0,-71
2026-05-27,26,18413,A,19050,16429,1566,6417,13958,23301,0,73,-372,1204,991,1054,-38,0,1016,1397,700,0,-26
2026-05-27,27,18184,A,18988,16246,1593,6417,14118,23301,0,125,-479,1203,991,1054,-179,0,1016,1397,700,0,30
2026-05-27,28,17998,A,19022,15935,1671,6417,14300,23301,0,329,-537,1204,992,1055,-195,0,1016,1397,701,0,25
2026-05-27,29,17734,A,19038,15792,1660,6417,13764,23301,0,578,-126,1205,991,1054,-226,0,997,1397,702,0,65
2026-05-27,30,17817,A,19124,15848,1753,6417,13304,23301,0,598,-34,1205,991,1054,-209,0,996,1397,703,0,59
2026-05-27,31,18090,A,19213,16199,1783,6417,12696,23301,0,405,264,1207,992,1054,-218,0,996,1397,703,0,98
2026-05-27,32,18774,A,19930,16773,1823,6417,11658,23301,0,575,514,1207,992,1052,-81,0,996,1397,703,0,217
2026-05-27,33,19616,A,20698,17666,1735,6417,10376,23301,0,582,882,1205,992,1050,14,0,996,1397,706,0,246
2026-05-27,34,20987,A,22076,18989,1758,6417,9005,23301,0,589,1102,1204,992,1049,0,0,996,1397,706,0,245
2026-05-27,35,22467,A,23401,20433,1686,6417,7583,23301,0,392,1088,1203,992,774,-42,0,979,1397,702,0,220
2026-05-27,36,24089,A,25116,21983,1652,6417,6068,23301,0,337,815,1203,991,697,-190,0,946,1397,706,0,82
2026-05-27,37,25014,A,26600,22976,1605,6417,4612,23301,0,313,1316,1133,954,-457,-276,0,-32,1397,866,0,-8
2026-05-27,38,25823,A,27409,23761,1583,6417,3377,23301,0,62,1530,1127,953,-530,-285,0,-104,1397,876,0,-105
2026-05-27,39,26523,A,28948,24512,1651,6417,2231,23301,0,6,2040,1304,989,-1036,-285,0,-487,1397,852,0,-111
2026-05-27,40,27219,A,29740,25193,1638,6417,1277,23301,0,6,2141,1326,990,-1060,-285,0,-502,1397,848,0,-168
2026-05-27,41,26976,A,29467,25034,1661,6417,537,23301,0,6,2104,1301,954,-1054,-285,0,-502,1397,785,0,-144
2026-05-27,42,26990,A,29458,24975,1730,6417,102,23301,0,6,2046,1299,953,-1053,-285,0,-502,1397,786,0,-122
2026-05-27,43,27139,A,29265,25137,1735,6417,0,23301,0,6,2180,1285,989,-721,-285,0,-427,1397,962,0,-187
2026-05-27,44,26487,A,28703,24430,1769,6417,0,23301,0,8,1931,1285,992,-707,-285,0,-425,1397,972,0,-291
2026-05-27,45,25817,A,27862,23807,1675,6417,0,23301,0,14,2058,1441,991,-779,-273,0,-278,1397,972,0,-201
2026-05-27,46,24916,A,26857,22932,1643,6417,0,23301,0,14,2204,1459,991,-782,-151,0,-274,1397,973,0,-220
2026-05-27,47,23509,A,25931,21703,1557,6417,0,23301,0,14,2389,1504,947,-831,-109,0,-667,1397,990,0,-301
2026-05-27,48,22895,A,25390,21151,1475,6417,0,23301,0,14,2325,1509,945,-832,-21,0,-683,1392,991,0,-445
2026-05-28,1,22324,A,24695,20616,1465,6417,0,23301,0,14,2216,1509,989,-882,0,0,-588,1335,997,0,-387
2026-05-28,2,22120,A,24355,20444,1438,6417,0,23301,0,14,2212,1509,992,-885,68,0,-583,1303,997,0,-253
2026-05-28,3,21417,A,23379,19746,1466,6417,0,23301,0,13,2282,1509,992,-963,154,0,-182,994,997,0,-304
2026-05-28,4,21454,A,23367,19880,1532,6417,0,23301,0,16,2540,1508,992,-965,155,0,-165,927,997,0,-267
2026-05-28,5,20785,A,22977,19296,1651,6417,0,23301,0,22,2628,1372,992,-1020,155,0,-257,554,997,0,-393
2026-05-28,6,20098,A,22487,18615,1666,6417,0,23301,0,156,2596,1358,992,-1020,154,0,-266,480,997,0,-447
2026-05-28,7,19572,A,22464,18086,1652,6417,0,23301,0,111,2517,1495,992,-1060,155,0,-829,129,996,0,-392
2026-05-28,8,19326,A,22047,17869,1674,6417,0,23301,0,17,2453,1509,991,-1062,155,0,-856,80,995,0,-286
2026-05-28,9,18864,A,21599,17479,1728,6417,0,23301,0,17,2484,1292,937,-1057,155,0,-902,5,953,0,-259
2026-05-28,10,18473,A,21195,17116,1790,6417,0,23301,0,62,2740,1266,931,-1057,155,0,-904,21,946,0,-199
2026-05-28,11,18331,A,21097,16984,1838,6417,58,23301,0,71,3008,661,858,-1061,155,0,-978,349,785,0,-156
2026-05-28,12,18563,A,21342,17089,1869,6417,440,23301,0,39,2874,597,854,-1062,140,0,-981,419,779,0,-197
2026-05-28,13,19831,A,22689,18207,1755,6417,982,23301,0,29,2620,1354,908,-1044,12,0,-1021,791,887,0,-264
2026-05-28,14,20507,A,23482,18870,1693,6417,1809,23301,0,17,2452,1439,913,-906,-139,0,-998,867,897,0,-415
2026-05-28,15,21282,A,22704,19310,1653,6417,2873,23301,0,16,1846,1501,986,494,-289,0,-105,1241,991,0,-512
2026-05-28,16,21756,A,23236,19722,1589,6417,3977,23301,0,14,1829,1507,991,576,-350,-85,-17,1294,997,0,-514
2026-05-28,17,22525,A,24139,20378,1506,6417,5143,23301,0,16,1701,1506,992,1036,-351,-232,931,1385,997,0,-515
2026-05-28,18,22137,A,23616,19974,1481,6417,6528,23301,0,15,1562,1506,992,1052,-351,-217,997,1397,997,0,-396
2026-05-28,19,21524,A,22870,19250,1564,6417,7879,23301,0,44,1053,1506,992,1051,-351,-137,1016,1397,997,0,-314
2026-05-28,20,20652,A,22385,18470,1682,6417,9167,23301,0,497,1196,1505,992,1052,-351,-71,1016,1397,997,0,-314
2026-05-28,21,19754,A,21997,17650,1789,6417,10794,23301,0,869,1397,1505,992,1050,-351,-203,1017,1397,997,0,-320
2026-05-28,22,19709,A,22017,17661,1873,6417,11938,23301,0,827,1387,1504,992,1051,-386,-134,1016,1397,996,0,-461
2026-05-28,23,19425,A,21719,17528,1874,6417,12657,23301,0,890,1270,1504,992,1053,-447,-11,1016,1397,997,0,-446
2026-05-28,24,19494,A,21709,17684,2034,6417,13145,23301,0,904,1701,1504,991,1051,-427,0,1016,1397,997,0,-384
2026-05-28,25,19595,A,21910,17891,2033,6417,13460,23301,0,906,1789,1504,992,1050,-426,0,1016,1397,996,0,-483
2026-05-28,26,19828,A,22193,18099,2147,6417,13312,23301,0,897,1853,1505,992,1049,-451,-3,1016,1397,997,0,-514
2026-05-28,27,19763,A,22122,18115,2199,6417,12704,23301,0,894,2029,1283,992,1002,-451,-65,873,1397,997,0,-449
2026-05-28,28,19751,A,22130,18050,2263,6417,12411,23301,0,966,1815,1259,989,1000,-432,-12,867,1397,996,0,-469
2026-05-28,29,20029,A,22167,18336,2232,6417,11799,23301,0,979,1878,1116,906,919,-303,0,592,1397,951,0,-356
2026-05-28,30,20387,A,22471,18788,2287,6417,10967,23301,0,967,2399,1104,902,915,-245,0,581,1397,950,0,-372
2026-05-28,31,21202,A,23079,19598,2154,6417,10127,23301,0,911,2338,1464,979,850,-221,0,724,1397,993,0,-245
2026-05-28,32,22195,A,24126,20500,2181,6417,8882,23301,0,1024,2495,1507,984,838,-222,0,729,1393,996,0,-185
2026-05-28,33,22861,A,24459,21058,2085,6417,8219,23301,0,924,2982,1507,991,201,-81,0,548,1346,997,0,-93
2026-05-28,34,24108,A,24921,22187,2123,6417,6870,23301,0,184,2975,1507,991,164,-68,0,514,1339,997,0,-61
2026-05-28,35,25233,A,26773,23192,2134,6417,5614,23301,0,75,3143,1509,992,-488,31,0,-423,1321,998,0,-54
2026-05-28,36,26272,A,28070,24224,2143,6417,4651,23301,0,13,3391,1506,983,-593,0,0,-491,1289,976,0,-201
2026-05-28,37,26790,A,29702,24736,2023,6417,3916,23301,0,6,3366,747,671,-1073,-46,0,-998,916,244,0,-289
2026-05-28,38,27606,A,30601,25497,1979,6417,2967,23301,0,6,3338,663,655,-1074,-146,0,-1021,841,220,0,-248
2026-05-28,39,28396,A,31267,26373,1988,6417,2155,23301,0,5,3635,843,820,-1065,-32,0,-1022,467,917,0,-247
2026-05-28,40,28803,A,31635,26752,1985,6417,1349,23301,0,0,3826,863,817,-1063,0,0,-1022,423,950,0,-247
2026-05-28,41,28565,A,31414,26613,2013,6417,636,23301,0,0,4135,733,318,-1063,0,0,-1022,453,584,0,-264
2026-05-28,42,28174,A,31048,26275,2163,6417,120,23301,0,0,3966,721,287,-1065,-37,0,-1022,486,563,0,-250
2026-05-28,43,28337,A,31246,26377,2193,6417,0,23301,0,0,3681,705,416,-1052,-85,0,-1022,860,639,0,-250
2026-05-28,44,27989,A,30848,26020,2259,6417,0,23301,0,0,3552,706,430,-1052,-21,0,-1022,877,645,0,-264
2026-05-28,45,26407,A,29446,24617,2257,6417,0,23301,0,11,3419,1158,577,-1057,-115,0,-1022,503,693,0,-334
2026-05-28,46,25219,A,28068,23577,2322,6417,0,23301,0,13,3785,1208,587,-1057,-23,0,-1022,486,702,0,-234
2026-05-28,47,24007,A,26821,22329,2385,6417,0,23301,0,13,3490,1415,609,-1046,-56,0,-1022,860,889,0,-177
2026-05-28,48,23290,A,25926,21653,2418,6417,0,23301,0,12,3262,1437,612,-1046,-11,0,-1022,897,902,0,-45
2026-05-29,1,22333,A,24903,20759,2352,6417,0,23301,0,13,3179,1503,672,-1035,0,0,-1022,787,946,0,17
2026-05-29,2,22160,A,24731,20686,2269,6417,0,23301,0,12,3430,1511,684,-1037,56,0,-1022,754,949,0,145
2026-05-29,3,21740,A,24309,20406,2123,6417,0,23301,0,11,3234,1510,957,-1036,21,0,-1022,516,969,0,250
2026-05-29,4,21170,A,23744,19943,2040,6417,0,23301,0,16,3552,1510,976,-1036,91,0,-1022,498,970,0,279
2026-05-29,5,21000,A,23349,19822,2007,6417,0,23301,0,16,3334,1511,991,-811,10,0,-1022,646,996,0,188
2026-05-29,6,20169,A,22504,19062,2023,6417,0,23301,0,17,3561,1512,992,-801,0,0,-1017,652,998,0,150
2026-05-29,7,19974,A,21863,18913,1958,6417,0,23301,0,15,3808,1510,992,-878,0,0,-496,502,997,0,150
2026-05-29,8,19811,A,21670,18785,1908,6417,0,23301,0,13,3917,1510,992,-876,0,0,-470,492,997,0,150
2026-05-29,9,19831,A,20721,18828,1847,6417,0,23301,0,12,3683,1509,992,-315,0,0,-63,604,997,0,150
2026-05-29,10,19520,A,20369,18541,1786,6417,0,23301,0,15,3525,1509,985,-281,3,0,-53,642,997,0,150
2026-05-29,11,19196,A,20347,18175,1626,6417,53,23301,0,13,3381,1510,750,110,103,0,-638,941,998,0,150
2026-05-29,12,19265,A,20397,18160,1598,6417,360,23301,0,12,3196,1510,740,121,179,0,-620,1006,998,0,150
2026-05-29,13,20905,A,21420,19662,1665,6417,850,23301,0,15,2605,1507,976,449,47,0,512,1353,996,0,82
2026-05-29,14,21460,A,22017,20069,1661,6417,1417,23301,0,14,2505,1507,992,469,0,0,603,1397,996,0,-43
2026-05-29,15,22671,A,23443,21221,1591,6417,2244,23301,0,13,2591,1506,992,1004,-68,0,982,1397,996,0,-191
2026-05-29,16,22995,A,24003,21575,1736,6417,3229,23301,0,14,2656,1506,992,1029,-154,0,997,1397,996,0,-340
2026-05-29,17,23474,A,24398,22028,1888,6417,4392,23301,0,13,2637,1506,991,1052,-31,0,997,1397,996,0,-380
2026-05-29,18,23527,A,24332,22141,2011,6417,5367,23301,0,11,2726,1506,992,1053,0,0,997,1397,997,0,-294
2026-05-29,19,23499,A,24335,22111,2105,6417,5703,23301,0,10,2931,1506,991,1048,0,0,1016,1397,996,0,-326
2026-05-29,20,22843,A,23680,21408,2275,6417,6543,23301,0,74,2771,1506,991,1048,0,0,1016,1397,997,0,-263
2026-05-29,21,22177,A,23657,20807,2294,6417,7439,23301,0,542,3270,1506,991,1047,-48,0,1016,1397,996,0,-390
2026-05-29,22,21936,A,23141,20607,2421,6417,8129,23301,0,281,3369,1507,991,1046,-4,0,1016,1397,996,0,-420
2026-05-29,23,21838,A,23150,20486,2580,6417,8077,23301,0,456,3279,1506,991,1052,25,0,1016,1397,997,0,-356
2026-05-29,24,21085,A,22950,19731,2773,6417,9108,23301,0,1014,3030,1507,991,1052,0,0,1016,1397,996,0,-351
2026-05-29,25,20581,A,22470,19245,2688,6417,9965,23301,0,925,3268,1507,992,1052,-68,0,1016,1397,997,0,-396
2026-05-29,26,19796,A,21794,18480,2791,6417,10391,23301,0,990,3160,1507,991,1052,-165,0,1016,1397,996,0,-343
2026-05-29,27,19639,A,21647,18317,2731,6417,10447,23301,0,794,2910,1507,991,1052,-302,0,1016,1397,996,0,-412
2026-05-29,28,18925,A,21337,17455,2901,6417,10580,23301,0,1158,2675,1507,991,1052,-272,0,1016,1397,969,0,-482
2026-05-29,29,18037,A,20483,16651,2906,6417,10841,23301,0,1071,2786,1507,991,1051,-362,0,997,1397,58,0,-513
2026-05-29,30,17803,A,19978,16405,2920,6417,10484,23301,0,841,3216,1507,991,1050,-364,0,962,1397,0,0,-470
2026-05-29,31,17556,A,19106,16297,2819,6417,10712,23301,0,471,3342,1510,991,923,-216,0,-40,1397,0,0,-323
2026-05-29,32,17761,A,19208,16553,2887,6417,10110,23301,0,549,3257,1510,991,815,-81,0,-112,1388,0,0,-205
2026-05-29,33,18193,A,20356,17086,2655,6417,9312,23301,0,377,3290,1509,991,-817,-159,0,89,1276,0,0,-310
2026-05-29,34,19200,A,21282,17996,2730,6417,8374,23301,0,11,3330,1508,990,-1038,-195,0,82,1271,0,0,-338
2026-05-29,35,20633,A,23505,19292,2568,6417,7206,23301,0,12,3378,929,947,-1061,-164,0,-662,1383,0,0,-473
2026-05-29,36,21668,A,24706,20270,2518,6417,5937,23301,0,13,3222,864,939,-1062,-309,0,-706,1397,0,0,-448
2026-05-29,37,22856,A,26354,21461,2441,6417,4658,23301,0,12,3276,621,761,-1062,-410,-65,-1010,1397,0,0,-439
2026-05-29,38,24079,A,27823,22717,2342,6417,3471,23301,0,5,3103,597,752,-1061,-451,-216,-1022,1397,24,0,-489
2026-05-29,39,25209,A,29113,23895,2068,6417,2368,23301,0,2,2626,1335,894,-1062,-452,-367,-1007,1397,820,0,-514
2026-05-29,40,25846,A,29818,24545,1953,6417,1468,23301,0,5,2307,1416,903,-1060,-451,-436,-1006,1397,864,0,-514
2026-05-29,41,25839,A,29875,24614,1797,6417,670,23301,0,6,2214,1100,899,-1058,-451,-486,-1021,1397,633,0,-514
2026-05-29,42,25433,A,29513,24194,1710,6417,132,23301,0,8,2232,1065,899,-1057,-452,-531,-1018,1397,627,0,-514
2026-05-29,43,26014,A,29365,24654,1658,6417,1,23301,0,4,1960,1466,891,-825,-452,-531,-525,1397,885,0,-514
2026-05-29,44,25733,A,29045,24202,1615,6417,0,23301,0,6,1690,1510,891,-811,-452,-531,-498,1397,902,0,-514
2026-05-29,45,25340,A,27640,23763,1531,6417,0,23301,0,8,1594,1509,927,-296,-451,-531,24,1397,959,0,-514
2026-05-29,46,24245,A,26512,22763,1456,6417,0,23301,0,5,1820,1509,932,-266,-451,-531,57,1397,964,0,-514
2026-05-29,47,23332,A,25280,21866,1304,6417,0,23301,0,10,1713,1507,987,200,-452,-472,653,1397,995,0,-514
2026-05-29,48,22659,A,24569,21207,1177,6417,0,23301,0,12,1741,1507,991,218,-452,-432,683,1398,997,0,-514
2026-05-30,1,22443,A,24228,20974,1145,6417,0,23301,0,10,1720,1507,991,432,-436,-325,785,1397,997,0,-514
2026-05-30,2,22013,A,23569,20497,1055,6417,0,23301,0,7,1741,1507,991,440,-363,-172,789,1398,997,0,-514
2026-05-30,3,21779,A,23244,20163,940,6417,0,23301,0,7,0,1507,992,460,-361,-83,789,1397,997,0,-514
2026-05-30,4,21429,A,22825,19832,903,6417,0,23301,0,7,1762,1507,992,460,-361,-14,789,1397,998,0,-514
2026-05-30,5,20888,A,22378,19331,849,6417,0,23301,0,7,1507,1507,992,530,-361,-108,760,1397,997,0,-514
2026-05-30,6,19753,A,21144,18136,772,6417,0,23301,0,6,1067,1507,992,532,-351,-20,759,1397,997,0,-514
2026-05-30,7,19778,A,21097,18175,729,6417,0,23301,0,5,1210,1507,992,545,-300,0,788,1397,998,0,-514
2026-05-30,8,19387,A,20530,17810,698,6417,0,23301,0,5,1322,1507,992,546,-155,0,789,1397,998,0,-483
2026-05-30,9,19464,A,20591,17954,631,6417,0,23301,0,5,1223,1507,992,545,-108,0,777,1397,997,0,-514
2026-05-30,10,18844,A,19866,17258,605,6417,0,23301,0,5,1263,1507,992,545,-12,0,776,1397,998,0,-505
2026-05-30,11,18729,A,19686,17115,562,6417,114,23301,0,5,1244,1507,992,541,0,0,789,1397,998,0,-452
2026-05-30,12,18570,A,19436,16907,561,6417,578,23301,0,5,997,1507,992,544,0,0,789,1397,998,0,-361
2026-05-30,13,18573,A,19480,16813,498,6417,1322,23301,0,5,560,1506,992,1024,0,0,990,1397,998,0,-402
2026-05-30,14,18722,A,19591,16985,438,6417,2156,23301,0,5,674,1506,992,1048,0,0,997,1397,997,0,-364
2026-05-30,15,18773,A,19569,16963,391,6417,3169,23301,0,7,416,1506,992,1044,0,0,997,1397,997,0,-289
2026-05-30,16,18604,A,19467,16691,352,6417,4540,23301,0,7,242,1506,992,1043,0,0,997,1397,997,0,-356
2026-05-30,17,18510,A,19277,16462,328,6417,5927,23301,0,7,155,1506,992,1056,0,0,997,1397,997,0,-260
2026-05-30,18,18511,A,19287,16421,327,6417,7489,23301,0,13,81,1506,992,1057,0,0,997,1397,998,0,-263
2026-05-30,19,18052,A,18939,15933,321,6417,8806,23301,0,16,-29,1506,992,1053,0,0,1016,1397,998,0,-371
2026-05-30,20,16939,A,17890,14828,321,6417,9989,23301,0,47,-31,1506,992,1052,-52,0,1017,1397,997,0,-352
2026-05-30,21,16272,A,17051,14185,340,6417,11222,23301,0,76,156,1507,992,1048,-4,0,1017,1397,997,0,-199
2026-05-30,22,15773,A,16455,13659,364,6417,12395,23301,0,73,71,1507,992,1049,-11,0,1016,1397,997,0,-98
2026-05-30,23,15370,A,16187,13268,394,6417,13251,23301,0,74,9,1507,992,1056,-76,0,1016,1397,997,0,-167
2026-05-30,24,14926,A,15889,12809,439,6417,13945,23301,0,153,12,1507,992,1057,-2,0,1016,1397,997,0,-308
2026-05-30,25,14716,A,15776,12583,471,6417,14268,23301,0,260,-17,1507,992,1052,0,0,1016,1397,997,0,-300
2026-05-30,26,14396,A,15778,12245,550,6417,14459,23301,0,585,-55,1506,992,1054,0,0,1016,1397,996,0,-297
2026-05-30,27,14349,A,15947,12191,611,6417,14382,23301,0,721,74,1243,992,1024,0,0,846,1397,998,0,-377
2026-05-30,28,14309,A,15837,12275,707,6417,14200,23301,0,509,103,1213,992,1023,-22,0,840,1397,997,0,-497
2026-05-30,29,14225,A,15982,12178,759,6417,13568,23301,0,715,171,1317,992,963,-28,0,789,1397,980,0,-514
2026-05-30,30,14566,A,15872,12568,880,6417,12832,23301,0,272,11,1328,992,960,-46,0,787,1397,979,0,-488
2026-05-30,31,15091,A,16542,13075,909,6417,11598,23301,0,541,260,1399,991,905,0,0,771,1397,978,0,-410
2026-05-30,32,15815,A,17096,13775,949,6417,10597,23301,0,387,706,1407,991,903,0,0,770,1397,979,0,-394
2026-05-30,33,17550,A,18365,15447,897,6417,9306,23301,0,5,1179,1496,991,1044,0,0,988,1397,996,0,-310
2026-05-30,34,19052,A,19941,16861,920,6417,8068,23301,0,5,1638,1506,991,1045,0,0,996,1397,997,0,-384
2026-05-30,35,21479,A,22261,19256,883,6417,6654,23301,0,6,1971,1507,991,1046,0,0,996,1397,997,0,-276
2026-05-30,36,23168,A,24013,20924,922,6417,5232,23301,0,10,2045,1507,991,1026,0,0,987,1397,997,0,-335
2026-05-30,37,23661,A,24453,21458,906,6417,3994,23301,0,8,2183,1507,991,162,0,0,360,1397,997,0,-284
2026-05-30,38,24679,A,25451,22510,917,6417,2639,23301,0,6,2175,1508,992,102,0,0,326,1397,997,0,-266
2026-05-30,39,24748,A,26079,22740,828,6417,1751,23301,0,8,2005,1509,992,-462,0,0,-16,1397,997,0,-345
2026-05-30,40,24576,A,26060,22681,820,6417,1033,23301,0,10,1990,1508,992,-535,0,0,-29,1397,997,0,-410
2026-05-30,41,24980,A,26999,23116,811,6417,490,23301,0,7,2446,1508,992,-1033,0,0,88,1397,997,0,-479
2026-05-30,42,24893,A,26968,23048,839,6417,112,23301,0,6,2199,1508,992,-1046,-9,0,92,1397,997,0,-514
2026-05-30,43,24592,A,26030,22733,830,6417,1,23301,0,11,1855,1508,992,-341,-75,0,125,1397,997,0,-511
2026-05-30,44,24809,A,26316,22992,861,6417,0,23301,0,10,1745,1508,992,-295,-227,0,126,1397,997,0,-475
2026-05-30,45,24164,A,25670,22286,912,6417,0,23301,0,5,1063,1509,992,-106,-362,0,-20,1397,997,0,-513
2026-05-30,46,23499,A,24929,21652,960,6417,0,23301,0,5,1182,1509,992,-104,-282,0,-25,1397,997,0,-514
2026-05-30,47,22620,A,23929,20872,958,6417,0,23301,0,5,1295,1508,992,-2,-288,0,238,1397,997,0,-514
2026-05-30,48,22019,A,23305,20335,939,6417,0,23301,0,7,1271,1508,992,0,-265,0,248,1397,998,0,-514
2026-05-31,1,21669,A,22902,20021,868,6417,0,23301,0,9,1138,1507,992,209,-210,0,270,1397,997,0,-514
2026-05-31,2,20872,A,21965,19304,828,6417,0,23301,0,9,945,1507,992,225,-70,0,271,1380,997,0,-514
2026-05-31,3,20470,A,21527,18969,798,6417,0,23301,0,9,860,1507,992,123,-35,0,320,1159,998,0,-513
2026-05-31,4,19979,A,20992,18511,805,6417,0,23301,0,9,918,1507,992,120,-54,0,322,1115,997,0,-450
2026-05-31,5,19671,A,20863,18228,828,6417,0,23301,0,9,785,1507,992,385,-174,0,514,908,997,0,-509
2026-05-31,6,19016,A,20114,17643,906,6417,0,23301,0,9,685,1507,992,396,-75,0,521,860,997,0,-514
2026-05-31,7,18553,A,19627,17186,909,6417,0,23301,0,9,697,1507,992,203,-51,0,561,589,997,0,-514
2026-05-31,8,18416,A,19446,17077,954,6417,0,23301,0,9,970,1507,992,195,-7,0,562,546,997,0,-514
2026-05-31,9,18024,A,19086,16744,1003,6417,0,23301,0,9,1031,1507,992,104,-65,0,400,426,997,0,-488
2026-05-31,10,17433,A,18451,16168,1058,6417,0,23301,0,9,971,1507,992,102,-121,0,391,417,997,0,-388
2026-05-31,11,16905,A,18247,15670,997,6417,78,23301,0,9,888,1509,992,-164,-121,0,-61,490,998,0,-487
2026-05-31,12,16618,A,18018,15352,1014,6417,475,23301,0,9,768,1508,992,-177,-121,-7,-72,528,997,0,-514
2026-05-31,13,16686,A,18224,15346,914,6417,1080,23301,0,280,482,1507,992,591,-121,-123,549,901,997,0,-514
2026-05-31,14,16452,A,18148,15119,892,6417,1814,23301,0,300,840,1505,992,701,-120,-262,581,976,997,0,-514
2026-05-31,15,16603,A,18342,15247,865,6417,2560,23301,0,296,979,1328,992,745,-121,-308,700,1350,997,0,-514
2026-05-31,16,16279,A,17998,14876,933,6417,3444,23301,0,363,902,1308,989,746,-121,-221,704,1397,997,0,-514
2026-05-31,17,16870,A,18398,15414,995,6417,4696,23301,0,324,1225,1396,902,766,-121,-69,704,1397,997,0,-514
2026-05-31,18,16898,A,18498,15391,1080,6417,5586,23301,0,391,1300,1408,893,768,-121,-74,704,1397,998,0,-514
2026-05-31,19,17120,A,18645,15501,1079,6417,7092,23301,0,302,1111,1496,790,763,-121,-88,737,1397,997,0,-514
2026-05-31,20,16871,A,18330,15245,1154,6417,8169,23301,0,302,1064,1506,784,762,-121,-22,738,1397,997,0,-514
2026-05-31,21,17180,A,18557,15540,1236,6417,8382,23301,0,221,1272,1436,801,761,-142,0,794,1397,998,0,-514
2026-05-31,22,17025,A,18493,15441,1345,6417,9099,23301,0,188,1259,1428,806,771,-266,0,795,1397,997,0,-514
2026-05-31,23,17371,A,18732,15877,1448,6417,9156,23301,0,32,1777,1498,979,1051,-315,0,1008,1397,997,0,-514
2026-05-31,24,17241,A,18611,15755,1592,6417,9635,23301,0,56,1950,1506,991,1052,-300,0,1016,1397,997,0,-514
2026-05-31,25,17258,A,18664,15811,1634,6417,10074,23301,0,19,1969,1506,991,1052,-373,0,1016,1397,997,0,-514
2026-05-31,26,16981,A,18408,15471,1691,6417,11004,23301,0,48,1726,1506,991,1052,-365,0,1016,1397,997,0,-514
2026-05-31,27,16701,A,18296,15220,1726,6417,11106,23301,0,231,1521,1506,991,1053,-350,0,1016,1397,997,0,-514
2026-05-31,28,16100,A,18096,14606,1758,6417,10820,23301,0,632,1395,1506,991,1052,-350,0,1016,1397,997,0,-514
2026-05-31,29,15755,A,18041,14261,1759,6417,10296,23301,0,922,1270,1506,991,1052,-350,0,997,1397,997,0,-514
2026-05-31,30,15729,A,18137,14197,1834,6417,10298,23301,0,1066,1308,1506,991,1052,-328,0,996,1397,997,0,-514
2026-05-31,31,16055,A,18159,14528,1797,6417,9280,23301,0,852,1214,1506,991,1047,-238,0,996,1397,997,0,-514
2026-05-31,32,16400,A,18711,14878,1826,6417,8979,23301,0,973,1484,1506,991,1046,-324,0,996,1397,997,0,-514
2026-05-31,33,17712,A,19231,16167,1742,6417,7573,23301,0,176,1832,1506,991,970,-330,0,780,1397,997,0,-513
2026-05-31,34,18900,A,20335,17188,1717,6417,6839,23301,0,10,1849,1507,991,967,-368,0,772,1395,997,-48,-509
2026-05-31,35,20105,A,22473,18248,1715,6417,5921,23301,0,12,1749,1506,992,1014,-301,0,930,1371,997,-1121,-434
2026-05-31,36,21716,A,24372,19716,1647,6417,5003,23301,0,14,1615,1506,992,882,-419,0,924,1370,997,-1217,-506
2026-05-31,37,22732,A,25913,20683,1559,6417,3853,23301,0,15,2017,1507,992,-457,-452,-66,238,1394,996,-1177,-514
2026-05-31,38,23195,A,26542,21159,1529,6417,2804,23301,0,14,1922,1508,992,-525,-452,-216,197,1397,996,-1176,-464
2026-05-31,39,24088,A,27749,22001,1368,6417,1849,23301,0,8,1889,1509,992,-490,-452,-333,-238,1397,996,-1241,-399
2026-05-31,40,24428,A,28084,22316,1169,6417,1185,23301,0,10,1809,1508,992,-489,-452,-366,-256,1397,997,-1241,-342
2026-05-31,41,24563,A,28140,22499,1080,6417,534,23301,0,8,1887,1508,992,-714,-452,-431,-155,1397,996,-1039,-278
2026-05-31,42,24620,A,28200,22472,1036,6417,129,23301,0,10,1677,1508,992,-724,-452,-481,-151,1397,997,-1022,-240
2026-05-31,43,24450,A,27568,22401,947,6417,2,23301,0,10,1539,1508,992,-580,-452,-440,-26,1397,997,-886,-224
2026-05-31,44,24259,A,27277,22299,920,6417,0,23301,0,10,1385,1508,992,-575,-452,-396,-22,1397,996,-862,-201
2026-05-31,45,24011,A,26581,22051,860,6417,0,23301,0,10,1340,1508,992,-666,-452,-246,-56,1397,996,-442,-198
2026-05-31,46,23157,A,25659,21227,864,6417,0,23301,0,10,1135,1508,992,-669,-452,-203,-59,1369,997,-429,-180
2026-05-31,47,21754,A,25134,20062,825,6417,0,23301,0,12,1527,1509,992,-797,-383,-123,-427,1022,997,-1035,-103
2026-05-31,48,21520,A,24624,19914,831,6417,0,23301,0,11,1693,1509,992,-802,-234,-7,-441,949,996,-1080,-29
2026-06-01,1,21157,A,23858,19457,846,6417,0,23301,0,9,1498,1508,992,-704,-83,0,-112,575,997,-1234,-59
2026-06-01,2,20994,A,23549,19249,876,6417,0,23301,0,6,1558,1508,992,-701,-5,0,-99,542,996,-1244,54
2026-06-01,3,20791,A,23431,19022,903,6417,0,23301,0,6,1376,1509,992,-804,0,0,-133,710,997,-1197,151
2026-06-01,4,20573,A,23218,18894,945,6417,0,23301,0,6,1292,1508,992,-807,38,0,-135,720,997,-1197,136
2026-06-01,5,20209,A,22759,18554,920,6417,0,23301,0,6,1226,1508,992,-692,-15,0,74,582,996,-1337,21
2026-06-01,6,19798,A,22336,18123,939,6417,0,23301,0,6,1252,1508,992,-687,0,0,81,563,997,-1345,0
2026-06-01,7,19377,A,22074,17720,908,6417,0,23301,0,6,1283,1508,992,-813,0,0,-55,541,997,-1255,-68
2026-06-01,8,19068,A,21791,17530,983,6417,0,23301,0,6,1440,1509,992,-819,0,0,-63,561,997,-1252,-83
2026-06-01,9,18998,A,22472,17515,1051,6417,0,23301,0,6,1582,1509,992,-1046,0,0,-534,856,998,-1388,0
2026-06-01,10,18792,A,22309,17348,1110,6417,0,23301,0,7,1778,1509,992,-1055,0,0,-555,897,997,-1400,0
2026-06-01,11,18904,A,22712,17480,1115,6417,87,23301,0,12,2073,1509,992,-1062,0,0,-794,945,997,-1440,38
2026-06-01,12,19089,A,22907,17618,1180,6417,440,23301,0,12,2251,1509,992,-1061,0,0,-801,922,998,-1441,-3
2026-06-01,13,20200,A,23511,18631,1201,6417,946,23301,0,12,2402,1509,991,-1058,0,0,-376,557,996,-1348,-17
2026-06-01,14,21326,A,24609,19717,1298,6417,1473,23301,0,12,2552,1509,991,-917,-25,0,-351,529,997,-1331,-147
2026-06-01,15,23086,A,24869,21250,1323,6417,2130,23301,0,10,2463,1508,991,235,0,0,219,751,997,-981,-292
2026-06-01,16,23227,A,25019,21254,1401,6417,2990,23301,0,9,2192,1507,991,262,0,0,254,808,997,-885,-398
2026-06-01,17,24039,A,25130,21857,1428,6417,3859,23301,0,9,1262,1506,991,703,-78,0,861,1178,997,360,-504
2026-06-01,18,24339,A,25537,22137,1576,6417,4178,23301,0,7,1125,1506,991,724,-230,0,891,1235,996,506,-461
2026-06-01,19,24820,A,26209,22536,1586,6417,4916,23301,0,7,724,1506,991,1019,-368,0,995,1379,997,1282,-514
2026-06-01,20,24638,A,25964,22359,1708,6417,5254,23301,0,7,643,1506,991,1031,-305,0,999,1397,997,1337,-514
2026-06-01,21,24271,A,25586,21920,1740,6417,5760,23301,0,7,454,1506,991,1039,-294,0,1016,1397,997,1418,-514
2026-06-01,22,24287,A,25671,21860,1908,6417,6203,23301,0,28,536,1505,991,1039,-342,0,1016,1397,997,1423,-514
2026-06-01,23,24726,A,26216,22337,1843,6417,6364,23301,0,65,1151,1505,991,1027,-411,0,1016,1397,998,1423,-514
2026-06-01,24,24911,A,26441,22475,1906,6417,6188,23301,0,65,905,1505,991,1028,-451,0,1016,1397,997,1423,-514
2026-06-01,25,24953,A,26484,22559,1809,6417,6257,23301,0,65,798,1506,991,963,-452,0,966,1397,998,1423,-514
2026-06-01,26,24973,A,26504,22593,1767,6417,6752,23301,0,66,630,1506,991,961,-451,0,964,1397,998,1423,-514
2026-06-01,27,25009,A,26541,22618,1699,6417,6657,23301,0,66,255,1506,991,1044,-452,0,1014,1397,998,1423,-514
2026-06-01,28,24871,A,26401,22529,1762,6417,6157,23301,0,65,212,1506,991,1045,-451,0,1015,1397,998,1423,-514
2026-06-01,29,24925,A,26454,22575,1674,6417,5454,23301,0,63,209,1507,991,1045,-452,0,740,1397,997,1423,-514
2026-06-01,30,25557,A,27062,23130,1813,6417,4934,23301,0,66,76,1504,991,1045,-430,0,729,1375,997,1420,-509
2026-06-01,31,25249,A,26523,22999,1798,6417,4314,23301,0,64,82,1502,991,760,-296,0,731,1107,996,1273,-414
2026-06-01,32,25876,A,26982,23601,1921,6417,3862,23301,0,65,328,1502,991,746,-146,0,731,1054,996,1261,-395
2026-06-01,33,27263,A,28331,24952,1859,6417,3277,23301,0,64,895,1502,991,328,-45,0,494,823,996,1228,-459
2026-06-01,34,28242,A,29490,25805,1931,6417,2700,23301,0,65,667,1502,991,302,-170,0,481,813,996,1178,-513
2026-06-01,35,28883,A,30211,26401,1858,6417,2214,23301,0,8,759,1503,991,3,-306,0,21,1048,996,142,-514
2026-06-01,36,29216,A,30675,26647,1857,6417,1900,23301,0,10,437,1503,991,0,-407,0,0,1048,996,-28,-514
2026-06-01,37,28901,A,32527,26470,1727,6417,1581,23301,0,9,1467,1502,991,-685,-362,0,-235,676,996,-1321,-514
2026-06-01,38,28695,A,32700,26383,1788,6417,1270,23301,0,7,1278,1502,992,-831,-445,0,-257,600,995,-1451,-514
2026-06-01,39,28202,A,33153,26003,1757,6417,752,23301,0,6,1379,1502,992,-1037,-452,-23,-970,226,995,-1449,-514
2026-06-01,40,27981,A,33107,25852,1767,6417,348,23301,0,6,1428,1502,992,-1045,-445,-158,-1009,188,995,-1449,-514
2026-06-01,41,27749,A,32612,25587,1629,6417,159,23301,0,8,1181,1502,992,-910,-451,-310,-721,286,995,-1449,-514
2026-06-01,42,27339,A,32276,25180,1588,6417,23,23301,0,9,1106,1502,992,-896,-452,-407,-710,324,996,-1449,-514
2026-06-01,43,27352,A,31860,25117,1473,6417,0,23301,0,2,1124,1502,992,-630,-451,-471,-492,648,996,-1448,-514
2026-06-01,44,26669,A,31230,24444,1546,6417,0,23301,0,7,754,1502,992,-630,-451,-531,-483,682,996,-1445,-514
2026-06-01,45,25852,A,30518,23711,1412,6417,0,23301,0,8,859,1502,992,-710,-452,-531,-619,604,995,-1332,-514
2026-06-01,46,24813,A,29478,22650,1400,6417,0,23301,0,7,698,1502,992,-714,-451,-531,-623,598,995,-1325,-514
2026-06-01,47,23588,A,28228,21606,1357,6417,0,23301,0,8,636,1501,992,-974,-451,-531,-270,648,994,-1392,-514
2026-06-01,48,22466,A,27097,20594,1353,6417,0,23301,0,13,582,1499,992,-977,-452,-531,-255,631,994,-1389,-514
2026-06-02,1,22355,A,25749,20536,1206,6417,0,23301,0,12,758,1321,992,-357,-451,-531,126,332,986,-1029,-514
2026-06-02,2,21506,A,24929,19644,1187,6417,0,23301,0,104,420,1301,992,-323,-451,-531,141,284,985,-1000,-514
2026-06-02,3,21555,A,24676,19716,1124,6417,0,23301,0,40,126,1479,992,-233,-452,-531,186,152,995,-851,-514
2026-06-02,4,21645,A,24727,19760,1128,6417,0,23301,0,16,-239,1501,992,-230,-452,-531,187,130,995,-839,-514
2026-06-02,5,21356,A,24651,19453,1006,6417,0,23301,0,16,-218,1501,992,-330,-451,-531,-170,70,996,-783,-514
2026-06-02,6,20675,A,23981,18884,987,6417,0,23301,0,16,-226,1501,992,-334,-452,-531,-183,59,995,-776,-514
2026-06-02,7,20596,A,23452,18845,885,6417,0,23301,0,17,-125,1501,992,-184,-451,-531,114,2,995,-659,-514
2026-06-02,8,20420,A,23274,18654,863,6417,0,23301,0,16,-212,1501,992,-178,-452,-531,125,-4,996,-659,-514
2026-06-02,9,19976,A,23376,18315,823,6417,0,23301,0,16,-13,1500,992,-435,-451,-531,158,14,996,-953,-514
2026-06-02,10,19677,A,23112,18026,849,6417,0,23301,0,17,65,1500,992,-445,-452,-531,158,18,996,-976,-514
2026-06-02,11,19779,A,23472,18206,796,6417,23,23301,0,14,148,1501,992,-360,-452,-531,-214,52,996,-1108,-514
2026-06-02,12,20070,A,23726,18457,776,6417,215,23301,0,12,325,1501,992,-356,-452,-531,-227,86,996,-1064,-514
2026-06-02,13,21514,A,23663,19646,719,6417,659,23301,0,15,99,1501,991,-138,-451,-531,113,458,996,76,-514
2026-06-02,14,22634,A,24772,20726,730,6417,910,23301,0,12,118,1502,992,-129,-452,-531,126,534,996,229,-514
2026-06-02,15,24723,A,26784,22530,670,6417,1327,23301,0,15,-260,1502,991,700,-451,-531,-50,907,996,1330,-514
2026-06-02,16,26086,A,28146,23773,692,6417,1861,23301,0,8,-102,1502,992,858,-452,-531,-55,983,996,1428,-514
2026-06-02,17,26520,A,28504,24068,686,6417,2718,23301,0,6,-420,1501,991,1049,-451,-513,283,1351,996,1427,-514
2026-06-02,18,25374,A,27234,22886,742,6417,3630,23301,0,11,-479,1501,992,1057,-452,-383,296,1397,996,1428,-514
2026-06-02,19,25625,A,27334,23114,745,6417,4436,23301,0,11,-295,1501,991,1052,-451,-233,153,1397,996,1427,-514
2026-06-02,20,25034,A,26587,22516,782,6417,4815,23301,0,7,-636,1501,991,1051,-452,-80,148,1397,995,1428,-514
2026-06-02,21,24224,A,25790,21770,798,6417,6074,23301,0,7,-640,1500,991,1051,-451,0,-94,1397,996,1428,-514
2026-06-02,22,24011,A,25537,21603,866,6417,6402,23301,0,6,-446,1500,991,1051,-433,0,-73,1397,995,1428,-514
2026-06-02,23,23895,A,25151,21514,865,6417,7556,23301,0,10,-241,1500,991,1049,-303,0,873,1397,995,1428,-443
2026-06-02,24,23105,A,24066,20790,935,6417,8678,23301,0,11,168,1501,13,1049,-154,0,938,1397,996,1428,-296
2026-06-02,25,22987,A,23898,20551,948,6417,10157,23301,0,10,123,1501,-4,1052,-81,0,1014,1397,996,1428,-316
2026-06-02,26,21903,A,22674,19367,1041,6417,10544,23301,0,8,-331,1501,-4,1051,-2,0,1016,1397,996,1428,-257
2026-06-02,27,21593,A,22234,19078,1101,6417,10036,23301,0,8,-353,1501,-4,1052,0,0,1016,1397,996,1428,-129
2026-06-02,28,21931,A,22584,19416,1182,6417,10428,23301,0,9,4,1501,-4,1051,0,0,1016,1374,996,1428,-140
2026-06-02,29,21978,A,22572,19584,1213,6417,10207,23301,0,9,269,1501,-4,1050,0,0,927,1088,997,1428,-81
2026-06-02,30,21561,A,22095,19165,1326,6417,9101,23301,0,9,299,1502,-5,1048,0,0,924,1023,997,1419,-20
2026-06-02,31,20774,A,21288,18726,1407,6417,8341,23301,0,9,483,1501,-5,688,0,0,710,649,996,1112,55
2026-06-02,32,22330,A,22844,20312,1568,6417,8349,23301,0,10,617,1501,-4,673,24,0,702,577,996,1089,80
2026-06-02,33,22803,A,23314,20723,1543,6417,7782,23301,0,6,741,1500,-5,680,99,0,784,246,995,1023,52
2026-06-02,34,23487,A,23998,21340,1732,6417,6882,23301,0,6,1127,1501,-5,681,100,0,787,235,996,901,80
2026-06-02,35,24665,A,25793,22438,1763,6417,5857,23301,0,6,1394,1501,-4,917,100,0,989,608,996,-618,21
2026-06-02,36,25544,A,26943,23260,1852,6417,5124,23301,0,6,1421,1501,-4,820,30,0,997,684,996,-821,-68
2026-06-02,37,26080,A,28126,23892,1832,6417,3992,23301,0,6,1854,1501,-4,3,-26,0,997,1057,996,-1290,-220
2026-06-02,38,26356,A,28665,24316,1824,6417,3053,23301,0,6,2044,1501,-4,0,-123,0,997,1095,995,-1318,-358
2026-06-02,39,26921,A,29049,24937,1712,6417,1967,23301,0,6,2197,1502,-4,299,-93,0,795,989,996,-1163,-362
2026-06-02,40,26908,A,29277,25022,1670,6417,1413,23301,0,6,2147,1502,-4,329,-224,0,788,1004,997,-1146,-489
2026-06-02,41,26912,A,29130,24874,1530,6417,755,23301,0,6,1569,1502,-5,502,-264,-24,596,1353,996,-905,-514
2026-06-02,42,26581,A,29005,24558,1506,6417,181,23301,0,6,1499,1502,-4,509,-369,-161,589,1397,996,-870,-514
2026-06-02,43,26781,A,28715,24734,1463,6417,5,23301,0,6,1226,1502,-4,531,-451,-312,634,1397,996,-157,-504
2026-06-02,44,26675,A,28720,24645,1493,6417,0,23301,0,6,1171,1502,-4,531,-452,-462,636,1382,997,-108,-513
2026-06-02,45,25895,A,28051,23880,1464,6417,0,23301,0,6,918,1502,-4,290,-452,-531,527,1187,996,-149,-514
2026-06-02,46,25011,A,27132,23009,1436,6417,0,23301,0,6,685,1502,-4,285,-452,-531,523,1179,997,-114,-514
2026-06-02,47,23147,A,25157,21278,1370,6417,0,23301,0,10,393,1502,-4,799,-451,-531,741,1372,996,938,-514
2026-06-02,48,21947,A,23962,20280,1410,6417,0,23301,0,14,508,1502,-4,826,-452,-531,749,1397,997,1023,-514
2026-06-03,1,21447,A,23383,19872,1447,6417,0,23301,0,46,558,1502,-4,827,-385,-487,749,1397,996,1153,-514
2026-06-03,2,21321,A,23050,19793,1456,6417,0,23301,0,39,315,1502,-4,826,-332,-340,749,1397,996,1152,-514
2026-06-03,3,20981,A,22705,19428,1417,6417,0,23301,0,75,213,1502,-4,824,-332,-299,749,1397,997,778,-514
2026-06-03,4,21299,A,22879,19764,1422,6417,0,23301,0,20,346,1502,-4,824,-332,-210,749,1397,997,745,-514
2026-06-03,5,20769,A,22423,19235,1337,6417,0,23301,0,14,268,1502,-4,823,-332,-290,751,1397,997,572,-514
2026-06-03,6,19651,A,21307,18122,1349,6417,0,23301,0,118,-124,1502,-4,823,-332,-188,751,1375,997,554,-514
2026-06-03,7,19889,A,21264,18292,1280,6417,0,23301,0,14,-246,1502,-4,806,-327,-41,653,1095,997,339,-489
2026-06-03,8,19519,A,20637,17924,1214,6417,0,23301,0,13,-380,1502,-4,806,-249,0,649,1030,997,321,-352
2026-06-03,9,19108,A,19952,17535,1073,6417,0,23301,0,13,-201,1502,-4,630,-127,0,568,664,997,201,-200
2026-06-03,10,18972,A,19556,17410,1030,6417,0,23301,0,13,-157,1502,-4,621,-9,0,566,648,997,181,-58
2026-06-03,11,19267,A,20027,17766,953,6417,89,23301,0,12,156,1502,-4,219,56,0,559,1022,997,-244,63
2026-06-03,12,18848,A,19625,17294,1015,6417,452,23301,0,15,40,1502,-4,202,11,0,559,1090,997,-258,100
2026-06-03,13,20518,A,21124,18747,1118,6417,1047,23301,0,102,236,1502,-4,536,72,0,539,1363,996,277,100
2026-06-03,14,21734,A,22350,19999,1310,6417,1627,23301,0,111,648,1502,-5,554,83,0,538,1397,997,329,72
2026-06-03,15,23656,A,24254,21703,1406,6417,2146,23301,0,77,451,1503,-5,1027,1,0,858,1397,997,864,-16
2026-06-03,16,24516,A,25413,22458,1651,6417,2547,23301,0,191,720,1503,-5,1050,-56,0,870,1397,997,911,-145
2026-06-03,17,25152,A,25921,23097,1750,6417,2946,23301,0,16,1181,1503,-5,888,-11,0,672,1397,997,1176,-237
2026-06-03,18,25533,A,26265,23374,1950,6417,3101,23301,0,15,1566,1503,-5,882,-42,0,665,1397,998,1197,-170
2026-06-03,19,26316,A,26866,24092,2144,6417,3201,23301,0,15,1834,1502,-5,1043,-1,0,906,1397,998,1259,-29
2026-06-03,20,26283,A,26803,24138,2450,6417,3372,23301,0,15,1960,1503,-5,1049,0,0,915,1397,998,1267,40
2026-06-03,21,26245,A,26763,24049,2698,6417,3466,23301,0,13,1785,1502,-5,1048,0,0,1013,1397,998,1267,50
2026-06-03,22,26181,A,26697,23969,2923,6417,3564,23301,0,11,2203,1502,-5,1047,54,0,1016,1397,998,1271,50
2026-06-03,23,26102,A,26709,23799,3082,6417,4229,23301,0,103,2421,1502,-4,773,100,54,828,1397,997,1414,50
2026-06-03,24,25721,A,26549,23404,3222,6417,4448,23301,0,324,2794,1502,-4,762,100,10,821,1397,997,1425,50
2026-06-03,25,24932,A,25921,22752,3387,6417,4484,23301,0,485,3189,1502,-4,761,100,0,820,1397,997,1424,50
2026-06-03,26,24195,A,25484,22082,3604,6417,5407,23301,0,784,3045,1502,-5,760,100,0,820,1397,997,1417,50
2026-06-03,27,23340,A,24747,21303,3688,6417,6363,23301,0,902,2700,1502,-5,747,49,0,796,1397,998,1131,50
2026-06-03,28,22465,A,23876,20477,3866,6417,6978,23301,0,906,2070,1501,-5,742,35,0,791,1367,996,1042,50
2026-06-03,29,21388,A,22938,19547,3818,6417,6905,23301,0,891,2052,1501,-5,253,0,0,329,993,997,-154,50
2026-06-03,30,20902,A,22598,19102,3879,6417,7928,23301,0,900,2172,1501,-5,229,0,0,308,918,997,-291,50
2026-06-03,31,20428,A,22729,18650,3752,6417,7831,23301,0,894,2389,1501,-5,185,0,0,162,545,997,-902,50
2026-06-03,32,21058,A,23325,19346,3754,6417,7183,23301,0,827,2766,1502,-5,182,0,0,157,469,996,-935,50
2026-06-03,33,21951,A,23747,20217,3772,6417,6672,23301,0,578,3392,1501,-5,-97,0,0,397,96,997,-616,50
2026-06-03,34,22427,A,23820,20623,3847,6417,5858,23301,0,189,3182,1501,-5,-104,4,0,406,61,997,-595,50
2026-06-03,35,23246,A,24561,21200,3967,6417,5131,23301,0,172,2618,1501,-4,173,87,0,539,207,996,-639,50
2026-06-03,36,24563,A,25879,22494,3977,6417,4070,23301,0,164,2617,1502,-4,187,100,0,545,255,997,-648,50
2026-06-03,37,24798,A,26339,22764,3938,6417,3248,23301,0,162,2623,1501,-4,335,86,0,883,629,997,-875,50
2026-06-03,38,25400,A,26966,23414,3828,6417,2699,23301,0,161,2453,1502,-4,332,100,0,896,704,997,-901,50
2026-06-03,39,26071,A,27982,24174,3684,6417,1793,23301,0,158,2818,1500,-4,2,38,0,993,1076,997,-1249,50
2026-06-03,40,26695,A,28618,24460,3643,6417,1134,23301,0,157,2694,1501,-4,0,0,0,997,1141,997,-1262,50
2026-06-03,41,26194,A,27734,24133,3478,6417,468,23301,0,157,2553,1502,-4,638,13,0,827,1368,997,-879,50
2026-06-03,42,25819,A,27258,23806,3446,6417,118,23301,0,157,2547,1502,-4,765,53,0,821,1397,998,-778,50
2026-06-03,43,25680,A,26345,23755,3383,6417,3,23301,0,161,2360,1502,-4,971,29,0,752,1397,998,516,41
2026-06-03,44,25083,A,25825,23332,3332,6417,0,23301,0,169,2252,1502,-4,978,23,0,748,1397,997,641,-69
2026-06-03,45,24128,A,25077,22507,3352,6417,0,23301,0,169,2184,1503,-4,844,-56,0,384,1397,997,498,-220
2026-06-03,46,22949,A,23872,21399,3342,6417,0,23301,0,168,2136,1503,-4,834,-11,0,369,1368,989,482,-240
2026-06-03,47,21576,A,22674,19961,3234,6417,0,23301,0,167,2056,1236,-4,547,-69,-51,602,994,722,248,-307
2026-06-03,48,20956,A,22448,19461,3240,6417,0,23301,0,300,1907,1205,-4,535,-221,-9,611,918,705,248,-458
2026-06-04,1,20649,A,22507,19160,3118,6417,0,23301,0,568,1781,1205,-4,635,-272,0,471,545,705,844,-514
2026-06-04,2,20170,A,22496,18557,3141,6417,0,23301,0,1015,1575,1204,-4,639,-293,0,466,475,704,891,-514
2026-06-04,3,19748,A,21985,18313,3009,6417,0,23301,0,888,1276,1183,-4,634,-331,0,488,187,703,1097,-514
2026-06-04,4,19950,A,22186,18678,3123,6417,0,23301,0,895,1150,1180,-4,633,-323,0,489,159,703,1111,-514
2026-06-04,5,19446,A,21707,18278,3034,6417,0,23301,0,905,1117,1202,-4,390,-321,-17,391,256,705,1093,-514
2026-06-04,6,19115,A,21347,18002,3127,6417,0,23301,0,893,1085,1205,-4,380,-321,0,381,257,705,1087,-514
2026-06-04,7,18371,A,20672,17237,3036,6417,0,23301,0,762,1077,1206,-4,151,-321,0,-185,125,703,993,-529
2026-06-04,8,18201,A,20642,17083,3053,6417,0,23301,0,889,1020,1205,-4,142,-321,0,-213,108,703,984,-514
2026-06-04,9,17863,A,20484,16797,2992,6417,0,23301,0,824,954,1113,-4,-97,-270,0,-412,108,704,925,-514
2026-06-04,10,17640,A,20252,16615,2992,6417,0,23301,0,888,898,1103,-4,-104,-183,0,-420,134,713,886,-513
2026-06-04,11,17303,A,20100,16219,2834,6417,43,23301,0,896,963,1380,-4,-264,-40,0,-520,457,980,-70,-503
2026-06-04,12,17595,A,20440,16497,2885,6417,307,23301,0,850,859,1412,-4,-271,-89,0,-506,527,993,-112,-513
2026-06-04,13,19829,A,21739,18658,2709,6417,727,23301,0,868,759,1226,-4,325,-89,0,287,901,853,835,-449
2026-06-04,14,21035,A,23168,19693,2783,6417,1332,23301,0,894,816,1205,-4,363,-226,0,336,976,840,916,-509
2026-06-04,15,22680,A,24928,21071,2779,6417,1917,23301,0,883,895,1202,-4,737,-347,0,690,1350,711,1124,-514
2026-06-04,16,23519,A,25717,21749,2816,6417,2872,23301,0,775,1084,1202,-4,753,-405,0,704,1397,703,1138,-514
2026-06-04,17,23820,A,25455,21714,2825,6417,3476,23301,0,167,1368,1203,-4,758,-450,0,705,1397,705,1138,-514
2026-06-04,18,23867,A,25385,21802,2958,6417,3691,23301,0,60,1558,1203,-4,754,-440,0,705,1397,705,1138,-514
2026-06-04,19,24026,A,25386,22158,2997,6417,4912,23301,0,13,1544,1204,-4,756,-330,0,723,1397,705,1138,-513
2026-06-04,20,23633,A,25127,21749,3079,6417,5304,23301,0,323,1735,1204,-4,757,-194,0,724,1397,705,1138,-473
2026-06-04,21,23033,A,24840,21238,3099,6417,6323,23301,0,577,1534,1203,-4,758,-218,0,722,1397,704,1138,-508
2026-06-04,22,22611,A,24261,20821,3147,6417,6838,23301,0,578,1978,1203,-4,767,-102,0,722,1397,704,1138,-466
2026-06-04,23,22058,A,23741,20431,3161,6417,7460,23301,0,575,1974,1203,-4,1023,-94,0,723,1397,703,1138,-510
2026-06-04,24,21744,A,23403,20184,3275,6417,9200,23301,0,573,2201,1203,-4,1024,-68,0,723,1397,703,1138,-514
2026-06-04,25,21419,A,23060,20045,3349,6417,9235,23301,0,571,2320,1202,-4,1024,-76,0,723,1397,703,1138,-490
2026-06-04,26,20993,A,22523,19658,3568,6417,9818,23301,0,570,2176,1202,-4,1024,-6,0,723,1397,702,1138,-450
2026-06-04,27,20078,A,21713,18831,3633,6417,9920,23301,0,679,2160,1202,-4,1023,0,0,721,1397,703,1138,-452
2026-06-04,28,19168,A,20739,18111,3816,6417,10524,23301,0,725,1869,1203,-4,1024,0,0,721,1397,703,1138,-342
2026-06-04,29,18775,A,20249,17788,3807,6417,11014,23301,0,719,1693,1202,-4,1023,-2,0,705,1397,703,1138,-249
2026-06-04,30,18635,A,20276,17760,3981,6417,11046,23301,0,821,1395,1203,-4,1023,-86,0,702,1386,703,1145,-230
2026-06-04,31,19257,A,20893,18389,3948,6417,9290,23301,0,969,1353,1473,-4,1024,-82,0,322,1252,703,1403,-81
2026-06-04,32,19949,A,21431,19025,4070,6417,8814,23301,0,978,1546,1505,-4,1004,21,0,307,1210,702,1418,26
2026-06-04,33,20303,A,21704,19117,4123,6417,8216,23301,0,897,2028,1504,-4,181,137,29,222,889,702,1279,50
2026-06-04,34,21432,A,22804,19911,4154,6417,7284,23301,0,868,2584,1505,-4,130,77,0,233,855,710,1221,50
2026-06-04,35,22595,A,23910,21033,4020,6417,5661,23301,0,811,3115,1503,-4,764,80,0,955,929,980,190,50
2026-06-04,36,23428,A,24547,21932,3989,6417,4762,23301,0,615,3344,1503,-4,817,29,0,996,944,997,109,50
2026-06-04,37,24747,A,25476,23185,3803,6417,3652,23301,0,225,3671,1503,-4,1039,31,0,996,1016,997,590,45
2026-06-04,38,25105,A,25744,23616,3765,6417,2954,23301,0,83,3720,1503,-4,1048,-10,0,997,1050,998,630,-42
2026-06-04,39,25902,A,26483,24514,3598,6417,1978,23301,0,7,3619,1504,-4,950,28,0,879,1358,998,879,-70
2026-06-04,40,26028,A,26755,24685,3475,6417,1227,23301,0,3,3575,1503,-4,947,46,0,875,1379,997,895,-220
2026-06-04,41,26280,A,27224,25138,3422,6417,585,23301,0,0,3432,1503,-4,778,-68,0,993,1149,997,819,-372
2026-06-04,42,25672,A,26897,24587,3442,6417,162,23301,0,2,3499,1504,-4,767,-220,0,997,1139,998,806,-499
2026-06-04,43,24987,A,26400,23995,3370,6417,6,23301,0,0,3454,1503,-4,300,-351,-64,986,1368,997,549,-494
2026-06-04,44,24740,A,26297,23765,3382,6417,0,23301,0,0,3384,1503,-4,283,-322,-217,984,1387,998,529,-514
2026-06-04,45,24125,A,26102,23210,3358,6417,0,23301,0,160,3168,1503,-4,834,-433,-367,608,1255,997,525,-513
2026-06-04,46,22830,A,24973,22032,3305,6417,0,23301,0,168,3268,1503,-4,858,-452,-505,594,1210,998,507,-514
2026-06-04,47,21514,A,23714,20631,3206,6417,0,23301,0,164,3625,1502,-4,407,-417,-463,817,836,997,-138,-514
2026-06-04,48,20925,A,23385,20083,3214,6417,0,23301,0,441,3978,1503,-4,386,-395,-412,825,819,997,-195,-513
2026-06-05,1,20911,A,23451,20128,3155,6417,0,23301,0,102,3729,1502,-4,410,-361,-435,809,1192,996,-624,-514
2026-06-05,2,20672,A,23330,19873,3140,6417,0,23301,0,162,3650,1502,-4,411,-361,-466,805,1227,996,-651,-514
2026-06-05,3,19934,A,22902,19262,3007,6417,0,23301,0,494,3577,1503,-4,215,-361,-531,354,1064,996,-564,-514
2026-06-05,4,19777,A,22729,19164,2999,6417,0,23301,0,495,3510,1503,-4,207,-361,-525,336,1014,997,-553,-514
2026-06-05,5,19565,A,21893,18943,2930,6417,0,23301,0,31,3383,1502,-4,198,-361,-531,728,641,996,-387,-514
2026-06-05,6,18636,A,21681,17947,2951,6417,0,23301,0,773,3450,1502,-4,196,-361,-531,744,565,997,-362,-514
2026-06-05,7,18494,A,21485,17806,2830,6417,0,23301,0,809,3979,1502,-4,-248,-361,-531,707,193,996,-24,-514
2026-06-05,8,18226,A,21219,17527,2789,6417,0,23301,0,804,4089,1503,-4,-278,-361,-531,693,137,997,-2,-513
2026-06-05,9,17816,A,21131,17115,2774,6417,0,23301,0,460,4102,1503,-4,-821,-361,-531,-9,11,997,-115,-514
2026-06-05,10,17575,A,21177,16844,2767,6417,0,23301,0,668,4174,1503,-4,-849,-361,-530,-49,18,997,-127,-514
2026-06-05,11,17678,A,20986,17041,2539,6417,68,23301,0,287,4053,1503,-4,-832,-361,-464,-52,292,997,-294,-514
2026-06-05,12,17946,A,21024,17248,2478,6417,429,23301,0,10,3939,1503,-4,-825,-361,-513,-52,356,997,-299,-514
2026-06-05,13,19542,A,21695,18728,2254,6417,1058,23301,0,17,3843,1503,-4,-253,-421,-423,130,729,996,-21,-514
2026-06-05,14,20669,A,22879,19794,2258,6417,1913,23301,0,11,3768,1503,-4,-219,-452,-510,138,805,997,52,-514
2026-06-05,15,22622,A,24630,21617,2099,6417,2972,23301,0,7,3481,1503,-4,658,-452,-531,489,1178,997,1209,-514
2026-06-05,16,22827,A,24839,21668,2141,6417,4026,23301,0,11,3475,1503,-4,796,-452,-531,503,1235,997,1315,-514
2026-06-05,17,22993,A,25003,21808,2011,6417,4858,23301,0,9,3115,1503,-4,992,-452,-531,446,1379,997,1419,-514
2026-06-05,18,22193,A,24187,21024,1984,6417,6426,23301,0,7,2958,1503,-4,999,-452,-517,450,1397,998,1426,-514
2026-06-05,19,22095,A,23962,20947,1877,6417,7495,23301,0,7,3092,1503,-4,1047,-452,-390,991,1397,998,1427,-514
2026-06-05,20,21464,A,23216,20356,1865,6417,8071,23301,0,9,3118,1503,-4,1048,-452,-273,1017,1397,998,1426,-514
2026-06-05,21,21255,A,22819,20148,1773,6417,7964,23301,0,9,3133,1503,-4,1043,-415,-122,1016,1397,998,1426,-514
2026-06-05,22,21122,A,22581,19986,1738,6417,8703,23301,0,9,2925,1503,-4,1044,-426,-7,1017,1397,998,1427,-513
2026-06-05,23,20942,A,22367,19865,1634,6417,9163,23301,0,9,3008,1503,-4,1042,-398,0,1016,1397,997,1426,-514
2026-06-05,24,20383,A,21691,19495,1622,6417,9205,23301,0,9,2866,1503,-4,1042,-281,0,1017,1397,998,1427,-514
2026-06-05,25,20672,A,22020,19487,1510,6417,9729,23301,0,9,3011,1503,-4,1048,-321,0,1017,1397,998,1427,-514
2026-06-05,26,20539,A,21728,19323,1544,6417,10138,23301,0,9,3290,1502,-4,1048,-205,0,1016,1397,997,1426,-471
2026-06-05,27,20042,A,21226,18898,1525,6417,10112,23301,0,8,3362,1502,-4,1048,-159,0,1016,1397,997,1426,-513
2026-06-05,28,19728,A,20841,18601,1615,6417,9817,23301,0,7,3237,1502,-4,1048,-88,0,1016,1397,997,1426,-514
2026-06-05,29,19424,A,20614,18333,1597,6417,9365,23301,0,8,2704,1502,-4,1050,-195,0,997,1397,997,1427,-483
2026-06-05,30,19580,A,20787,18445,1594,6417,8853,23301,0,10,2696,1502,-4,1049,-214,0,996,1397,997,1426,-479
2026-06-05,31,19859,A,20933,18599,1466,6417,7798,23301,0,10,2884,1502,-4,865,-65,0,902,1397,997,1427,-495
2026-06-05,32,20715,A,21816,19367,1427,6417,7606,23301,0,10,2881,1502,-4,857,-73,0,897,1397,996,1422,-514
2026-06-05,33,21426,A,22690,19967,1294,6417,7329,23301,0,10,2938,1502,-4,652,-226,-10,619,1397,996,1241,-514
2026-06-05,34,23005,A,24355,21393,1245,6417,5627,23301,0,10,2701,1502,-4,613,-322,0,608,1397,996,1157,-514
2026-06-05,35,24109,A,25690,22423,1164,6417,4494,23301,0,10,2614,1502,-4,105,-425,0,717,1397,996,-128,-514
2026-06-05,36,25090,A,26848,23322,1159,6417,3920,23301,0,15,2584,1502,-4,103,-450,0,714,1397,996,-275,-514
2026-06-05,37,25430,A,28405,23592,1119,6417,3320,23301,0,3,3016,1502,-3,-697,-430,-16,124,1397,996,-832,-494
2026-06-05,38,26078,A,29094,24156,1034,6417,2412,23301,0,0,3191,1502,-1,-859,-297,-112,76,1397,996,-885,-362
2026-06-05,39,26560,A,30648,24661,1018,6417,1639,23301,0,0,3491,1502,-1,-1050,-148,-21,-735,1397,996,-1415,-218
2026-06-05,40,26862,A,30870,24968,1022,6417,993,23301,0,0,3532,1503,-1,-1057,-17,0,-785,1397,993,-1452,-196
2026-06-05,41,26180,A,30268,24392,1037,6417,429,23301,0,0,3262,1503,-1,-1057,0,0,-1013,1397,904,-1452,-65
2026-06-05,42,25651,A,29697,23965,1122,6417,106,23301,0,0,3119,1504,-1,-1058,56,0,-1012,1397,901,-1452,-23
2026-06-05,43,26119,A,29544,24463,1202,6417,4,23301,0,0,3355,1452,-1,-1057,11,0,-370,1397,991,-1452,-45
2026-06-05,44,25402,A,28753,23820,1280,6417,0,23301,0,0,3232,1446,-1,-1057,0,0,-340,1397,997,-1449,-4
2026-06-05,45,24552,A,28256,22982,1342,6417,0,23301,0,0,3144,1497,-1,-1005,15,0,-754,1397,996,-1444,73
2026-06-05,46,23486,A,27205,21965,1381,6417,0,23301,0,0,3128,1503,-1,-1004,143,0,-770,1397,997,-1444,150
2026-06-05,47,21877,A,25311,20376,1406,6417,0,23301,0,6,3260,1502,-2,-1034,157,-53,-395,1397,997,-1444,150
2026-06-05,48,21036,A,24415,19653,1467,6417,0,23301,0,6,2995,1501,-4,-1034,23,-10,-380,1397,997,-1445,93
2026-06-06,1,20692,A,23674,19314,1444,6417,0,23301,0,6,2822,1502,-4,-800,0,0,-228,1397,997,-1444,49
2026-06-06,2,20136,A,23108,18814,1538,6417,0,23301,0,10,2803,1502,-4,-790,0,0,-223,1393,996,-1445,49
2026-06-06,3,19733,A,22705,18428,1546,6417,0,23301,0,10,2805,1502,-4,-817,0,0,-188,1350,996,-1453,44
2026-06-06,4,19218,A,22186,17982,1657,6417,0,23301,0,7,2725,1502,-4,-818,0,0,-181,1328,996,-1442,-16
2026-06-06,5,19194,A,21766,17988,1655,6417,0,23301,0,4,2396,1501,-4,-787,-68,0,380,1111,996,-1062,-147
2026-06-06,6,18481,A,21171,17252,1740,6417,0,23301,0,5,2528,1502,-4,-786,-60,0,408,1096,996,-1039,-296
2026-06-06,7,18163,A,20936,16938,1781,6417,0,23301,0,6,2612,1501,-4,-652,0,0,744,1250,996,-1173,-438
2026-06-06,8,17839,A,20680,16672,1862,6417,0,23301,0,7,2651,1501,-4,-647,0,0,758,1254,996,-1185,-498
2026-06-06,9,17659,A,20845,16319,1934,6417,0,23301,0,10,2835,1501,-4,-861,-12,0,535,1071,996,-1285,-514
2026-06-06,10,17261,A,20479,15978,2097,6417,0,23301,0,10,2633,1502,-4,-869,-31,0,527,1019,997,-1290,-514
2026-06-06,11,17015,A,20243,15652,2144,6417,16,23301,0,10,2811,1501,-4,-863,-107,0,423,645,996,-1216,-528
2026-06-06,12,16877,A,20142,15604,2266,6417,128,23301,0,10,2856,1501,-4,-862,-203,0,419,590,996,-1192,-494
2026-06-06,13,17458,A,20043,16154,2277,6417,330,23301,0,10,2833,1502,-4,-699,-336,0,384,483,996,-523,-513
2026-06-06,14,17805,A,20271,16410,2311,6417,572,23301,0,24,2892,1501,-4,-640,-297,-86,382,494,996,-401,-514
2026-06-06,15,18990,A,21014,17564,2246,6417,1035,23301,0,359,2455,1502,-4,616,-410,-237,547,803,996,905,-514
2026-06-06,16,19521,A,21578,17998,2308,6417,1760,23301,0,200,2653,1502,-4,738,-450,-389,553,871,996,1037,-514
2026-06-06,17,20306,A,22333,18828,2272,6417,2124,23301,0,42,2486,1502,-4,755,-451,-516,695,1243,997,1131,-514
2026-06-06,18,20746,A,22942,19352,2421,6417,2756,23301,0,198,2211,1502,-4,754,-450,-531,700,1296,997,1136,-513
2026-06-06,19,20990,A,23482,19570,2555,6417,3204,23301,0,493,2330,1503,-4,752,-451,-531,720,1386,997,1139,-513
2026-06-06,20,21140,A,23837,19655,2700,6417,3568,23301,0,697,2288,1503,-4,752,-451,-531,721,1397,997,1140,-514
2026-06-06,21,21198,A,23812,19727,2744,6417,4034,23301,0,615,2322,1503,-4,744,-451,-531,723,1397,998,1140,-513
2026-06-06,22,21195,A,23770,19627,2792,6417,4919,23301,0,576,2406,1503,-4,751,-451,-531,724,1397,998,1140,-513
2026-06-06,23,21133,A,23728,19532,2644,6417,4992,23301,0,595,2374,1503,-4,757,-451,-531,1006,1397,998,1140,-514
2026-06-06,24,21020,A,23598,19471,2586,6417,5448,23301,0,579,2331,1503,-4,758,-451,-531,1017,1397,998,1140,-513
2026-06-06,25,20618,A,23203,19130,2452,6417,6320,23301,0,585,1851,1503,-4,1037,-451,-531,1017,1397,998,1137,-514
2026-06-06,26,20697,A,23335,19216,2408,6417,6613,23301,0,638,1852,1503,-4,1049,-451,-531,1017,1397,998,1136,-514
2026-06-06,27,20240,A,22851,18659,2288,6417,6791,23301,0,611,1731,1504,-4,924,-451,-531,938,1397,998,1136,-514
2026-06-06,28,20362,A,22906,18796,2290,6417,6632,23301,0,557,1724,1501,-4,916,-451,-518,935,1397,998,1136,-514
2026-06-06,29,20312,A,22731,18761,2250,6417,5513,23301,0,557,1819,1360,-4,779,-451,-394,836,1397,998,1136,-513
2026-06-06,30,20666,A,22909,18904,2252,6417,4658,23301,0,554,2202,1354,-4,770,-429,-243,833,1397,998,1136,-513
2026-06-06,31,20749,A,22641,19078,2154,6417,4609,23301,0,553,1953,1495,-4,758,-302,-91,708,1397,997,1136,-442
2026-06-06,32,21230,A,22417,19540,2096,6417,4043,23301,0,85,1619,1503,-4,759,-273,-1,703,1395,997,1144,-324
2026-06-06,33,21866,A,22894,20107,1987,6417,3677,23301,0,13,1783,1503,-4,899,-133,0,889,1380,997,1408,-378
2026-06-06,34,22825,A,23882,20991,1921,6417,2903,23301,0,13,1600,1503,-4,901,-145,0,896,1380,997,1424,-395
2026-06-06,35,23917,A,25154,21901,1814,6417,2752,23301,0,5,1551,1502,-4,934,-225,0,993,1395,997,1341,-503
2026-06-06,36,24611,A,26062,22583,1752,6417,2354,23301,0,0,1441,1503,-4,934,-372,-61,997,1397,998,1325,-514
2026-06-06,37,25051,A,26502,22944,1721,6417,1895,23301,0,0,1663,1503,-4,816,-429,-4,940,1397,998,980,-514
2026-06-06,38,25552,A,26996,23454,1699,6417,1513,23301,0,0,1685,1503,-4,810,-426,0,938,1397,997,907,-514
2026-06-06,39,25632,A,27343,23656,1672,6417,1259,23301,0,0,1685,1502,-4,623,-451,-65,956,1397,997,-177,-514
2026-06-06,40,25454,A,27348,23536,1689,6417,706,23301,0,0,1622,1501,-4,616,-451,-156,957,1397,997,-269,-514
2026-06-06,41,25175,A,27056,23267,1674,6417,317,23301,0,0,1339,1502,-4,911,-452,-176,995,1397,997,-235,-514
2026-06-06,42,24601,A,26489,22653,1716,6417,94,23301,0,2,1329,1502,-4,923,-452,-222,997,1397,997,-194,-514
2026-06-06,43,24640,A,26370,22690,1706,6417,3,23301,0,2,1296,1502,-4,972,-452,-258,997,1397,997,856,-514
2026-06-06,44,24023,A,25725,22037,1760,6417,0,23301,0,1,1283,1502,-4,975,-452,-231,997,1387,997,945,-514
2026-06-06,45,23650,A,25230,21590,1815,6417,0,23301,0,0,1494,1502,-4,1018,-436,-126,997,1264,997,1204,-514
2026-06-06,46,22327,A,23664,20335,1928,6417,0,23301,0,4,1546,1502,-4,1019,-307,-8,994,1240,997,1213,-514
2026-06-06,47,20967,A,22201,19039,1895,6417,0,23301,0,8,1882,1502,-4,1005,-208,0,574,1128,997,909,-514
2026-06-06,48,20423,A,21770,18614,1969,6417,0,23301,0,6,1770,1502,-4,1004,-323,0,557,1085,997,880,-514
2026-06-07,1,19755,A,21056,17963,2007,6417,0,23301,0,8,1854,1501,-4,1027,-275,0,871,712,997,593,-514
2026-06-07,2,19438,A,20526,17679,2064,6417,0,23301,0,11,1958,1497,-4,1025,-124,0,883,636,990,554,-449
2026-06-07,3,18642,A,19759,16963,2092,6417,0,23301,0,48,2191,1220,-4,638,-14,0,578,262,722,-156,-395
2026-06-07,4,18252,A,19836,16711,2171,6417,0,23301,0,589,2354,1204,-4,621,0,0,566,186,705,-208,-283
2026-06-07,5,17894,A,19952,16453,2209,6417,0,23301,0,595,1995,1203,-4,749,-57,0,694,-192,705,-328,-382
2026-06-07,6,17396,A,19515,15973,2232,6417,0,23301,0,595,1909,1203,-4,754,-5,0,698,-268,705,-339,-408
2026-06-07,7,16833,A,19307,15512,2212,6417,0,23301,0,591,1890,1204,-4,522,0,0,386,-649,704,-395,-335
2026-06-07,8,16702,A,19244,15329,2323,6417,0,23301,0,590,1789,1204,-4,513,-15,0,373,-728,703,-410,-295
2026-06-07,9,16503,A,19880,15144,2300,6417,0,23301,0,584,1758,1201,-4,405,-144,0,459,-1116,703,-833,-196
2026-06-07,10,16195,A,19676,14843,2344,6417,0,23301,0,586,1719,1198,-4,395,-279,-19,462,-1184,704,-849,-60
2026-06-07,11,15849,A,19185,14483,2235,6417,97,23301,0,580,1564,1108,-4,105,-300,-144,253,-1422,706,-386,55
2026-06-07,12,15598,A,18899,14177,2256,6417,413,23301,0,583,1684,1099,-4,102,-247,-163,245,-1453,701,-351,11
2026-06-07,13,15735,A,19097,14460,2220,6417,925,23301,0,585,1661,963,-4,433,-269,-298,447,-1453,497,-253,0
2026-06-07,14,15713,A,19126,14417,2366,6417,1671,23301,0,583,1705,955,-4,470,-218,-364,455,-1451,485,-241,-52
2026-06-07,15,15976,A,19318,14686,2415,6417,2426,23301,0,576,1746,902,-4,572,-317,-245,475,-1433,518,-68,-199
2026-06-07,16,16199,A,19403,14937,2594,6417,3264,23301,0,571,1823,895,-4,575,-246,-120,476,-1401,523,-46,-316
2026-06-07,17,17051,A,19857,15712,2631,6417,3928,23301,0,568,2011,637,-4,288,-298,-222,487,-1007,657,335,-207
2026-06-07,18,17163,A,20063,15734,2867,6417,4222,23301,0,707,2464,619,-4,277,-325,-372,488,-927,664,354,-65
2026-06-07,19,17124,A,19839,15657,2818,6417,5067,23301,0,723,2717,348,-4,216,-439,-508,594,-541,609,26,56
2026-06-07,20,17607,A,20190,16076,2978,6417,5904,23301,0,717,2976,342,-4,215,-368,-531,598,-463,608,8,11
2026-06-07,21,18096,A,20282,16602,3105,6417,6617,23301,0,721,2645,693,-4,472,-345,-531,585,-85,697,247,0
2026-06-07,22,17772,A,20150,16262,3315,6417,7456,23301,0,866,2685,716,-4,482,-349,-531,584,-60,699,265,-68
2026-06-07,23,17690,A,20595,16143,3313,6417,7890,23301,0,867,2793,819,-4,621,-447,-531,699,-338,567,390,-218
2026-06-07,24,17654,A,20730,16115,3520,6417,8327,23301,0,865,2732,833,-4,626,-451,-531,703,-357,563,407,-368
2026-06-07,25,17904,A,20912,16341,3562,6417,8494,23301,0,875,2597,1179,-4,648,-451,-531,661,-150,695,688,-497
2026-06-07,26,17691,A,20718,16131,3768,6417,9495,23301,0,872,2571,1196,-4,649,-452,-531,659,-154,704,702,-514
2026-06-07,27,17611,A,21002,16227,3794,6417,9412,23301,0,859,2833,889,-4,587,-451,-531,709,-533,704,471,-513
2026-06-07,28,17383,A,20856,15916,3940,6417,8934,23301,0,869,2750,870,-4,585,-452,-531,711,-603,704,457,-514
2026-06-07,29,17177,A,20929,15814,3833,6417,8718,23301,0,855,2714,791,-4,597,-451,-531,656,-897,703,557,-514
2026-06-07,30,17316,A,20936,15955,3886,6417,7600,23301,0,711,2639,795,-4,598,-452,-531,654,-908,703,553,-514
2026-06-07,31,17590,A,21020,16186,3696,6417,7191,23301,0,842,2575,1131,-4,498,-452,-531,691,-587,704,102,-514
2026-06-07,32,18304,A,21840,16867,3599,6417,6575,23301,0,1020,2680,1159,-4,499,-451,-531,693,-516,712,125,-514
2026-06-07,33,19855,A,23065,18448,3339,6417,5588,23301,0,1073,2204,1483,-4,999,-451,-531,985,-137,980,1296,-514
2026-06-07,34,21419,A,24307,19879,3273,6417,4578,23301,0,826,2499,1504,-4,1022,-452,-531,996,-61,998,1400,-514
2026-06-07,35,22842,A,25443,21401,3260,6417,3635,23301,0,602,2101,1503,-4,1047,-451,-531,996,314,997,1399,-513
2026-06-07,36,23758,A,25768,22280,3272,6417,2919,23301,0,23,1965,1504,-4,1048,-452,-518,995,390,998,1390,-513
2026-06-07,37,24604,A,26502,23119,3173,6417,2076,23301,0,7,2061,1504,-4,928,-452,-421,606,762,997,1042,-514
2026-06-07,38,24765,A,26755,23300,3122,6417,1388,23301,0,12,1762,1503,-4,918,-451,-509,590,827,998,994,-514
2026-06-07,39,25449,A,27394,24001,2914,6417,913,23301,0,4,2092,1503,-4,376,-451,-473,401,1068,997,117,-513
2026-06-07,40,24811,A,26813,23477,2868,6417,522,23301,0,5,1668,1503,-4,339,-452,-527,394,1118,997,56,-514
2026-06-07,41,24877,A,26981,23507,2724,6417,217,23301,0,6,1723,1504,-4,-97,-452,-531,299,1366,997,86,-514
2026-06-07,42,24523,A,26634,23173,2767,6417,37,23301,0,6,1492,1502,-4,-104,-452,-531,295,1397,994,88,-514
2026-06-07,43,23948,A,26070,22575,2722,6417,1,23301,0,9,1359,1402,-4,-113,-451,-531,225,1397,910,45,-514
2026-06-07,44,23515,A,25643,22211,2677,6417,0,23301,0,13,1311,1398,-4,-114,-452,-531,222,1397,907,38,-514
2026-06-07,45,22527,A,24968,21283,2617,6417,0,23301,0,11,1280,1473,-4,-430,-451,-531,82,1397,991,0,-514
2026-06-07,46,21664,A,24166,20432,2567,6417,0,23301,0,9,1380,1478,-4,-443,-452,-531,77,1382,997,-49,-514
2026-06-07,47,20829,A,24282,19718,2390,6417,0,23301,0,6,1755,1502,-4,-436,-406,-463,166,1198,997,-1125,-513
2026-06-07,48,19665,A,23048,18698,2466,6417,0,23301,0,6,1546,1502,-4,-435,-351,-353,170,1179,997,-1220,-514
2026-06-08,1,19453,A,22606,18495,2539,6417,0,23301,0,8,1282,1502,-4,-183,-351,-350,309,1228,997,-1243,-514
2026-06-08,2,18666,A,21677,17669,2607,6417,0,23301,0,11,1115,1502,-4,-173,-351,-213,314,1244,997,-1245,-514
2026-06-08,3,18607,A,21650,17555,2334,6417,0,23301,0,10,1304,1502,-4,-258,-351,-185,350,1380,997,-1221,-514
2026-06-08,4,18900,A,21942,17797,2224,6417,0,23301,0,8,1333,1503,-4,-257,-351,-188,351,1389,998,-1220,-514
2026-06-08,5,18592,A,21617,17441,2092,6417,0,23301,0,7,1340,1503,-4,95,-351,-314,349,1288,997,-1335,-514
2026-06-08,6,17949,A,20893,16824,2166,6417,0,23301,0,7,1418,1503,-4,102,-351,-230,349,1280,998,-1338,-514
2026-06-08,7,17640,A,20531,16496,2044,6417,0,23301,0,7,1499,1504,-4,-149,-351,-221,281,1336,997,-1145,-514
2026-06-08,8,17512,A,20387,16363,2057,6417,0,23301,0,3,1633,1503,-4,-162,-352,-204,278,1346,997,-1136,-514
2026-06-08,9,17363,A,20883,16217,1957,6417,0,23301,0,6,1792,1503,-4,-581,-351,-210,115,1391,997,-1333,-535
2026-06-08,10,17538,A,20955,16341,1882,6417,0,23301,0,7,1838,1503,-4,-601,-351,-108,109,1367,997,-1332,-514
2026-06-08,11,17906,A,20625,16617,1660,6417,4,23301,0,12,1961,1504,-4,-508,-350,-4,-65,994,997,-762,-514
2026-06-08,12,18335,A,21075,16986,1611,6417,91,23301,0,13,1879,1503,-4,-503,-351,-80,-71,977,997,-704,-514
2026-06-08,13,20476,A,22285,18962,1434,6417,259,23301,0,11,1813,1503,-4,-139,-381,-217,255,1350,998,-43,-514
2026-06-08,14,22047,A,24014,20451,1386,6417,566,23301,0,12,1710,1503,-4,-123,-451,-363,268,1397,997,54,-514
2026-06-08,15,24737,A,26717,22949,1265,6417,1099,23301,0,7,1670,1504,-4,660,-452,-503,491,1397,998,1158,-514
2026-06-08,16,25992,A,28003,24074,1317,6417,1610,23301,0,11,1859,1505,-4,800,-451,-531,499,1397,998,1259,-514
2026-06-08,17,27036,A,28980,25146,1264,6417,1971,23301,0,7,1900,1505,-2,1027,-452,-469,642,1397,999,1415,-514
2026-06-08,18,26830,A,28607,24993,1250,6417,2546,23301,0,9,1820,1504,-1,1037,-434,-319,648,1397,999,1427,-514
2026-06-08,19,27307,A,28780,25488,1225,6417,3176,23301,0,6,1975,1503,-1,1051,-304,-167,921,1397,998,1427,-495
2026-06-08,20,27138,A,28390,25355,1295,6417,4173,23301,0,6,1983,1504,-1,1052,-210,-27,931,1397,998,1427,-508
2026-06-08,21,26355,A,27401,24629,1243,6417,4600,23301,0,5,1914,1504,-1,1051,-140,0,928,1397,998,1427,-400
2026-06-08,22,25632,A,26420,23942,1272,6417,5472,23301,0,8,1956,1504,-1,1051,-16,0,928,1397,998,1427,-263
2026-06-08,23,25194,A,26044,23564,1215,6417,6427,23301,0,9,1860,1504,-1,1052,0,0,1008,1397,998,1427,-340
2026-06-08,24,24652,A,25537,23122,1265,6417,7448,23301,0,6,1801,1504,-1,1052,0,0,1005,1397,998,1427,-378
2026-06-08,25,24061,A,24862,22568,1176,6417,8622,23301,0,10,1762,1504,-1,1051,-32,0,437,1397,998,1426,-258
2026-06-08,26,23032,A,23680,21539,1259,6417,9186,23301,0,11,1802,1505,-1,1051,0,0,408,1397,998,1427,-136
2026-06-08,27,22275,A,23010,20715,1260,6417,9715,23301,0,10,1722,1504,-1,785,0,0,118,1397,997,1427,-224
2026-06-08,28,21856,A,22602,20369,1289,6417,9586,23301,0,9,1767,1505,-1,774,0,0,107,1397,997,1425,-236
2026-06-08,29,20953,A,21638,19427,1274,6417,9776,23301,0,8,1838,1503,-1,749,0,0,338,1397,997,1339,-176
2026-06-08,30,20593,A,21305,19083,1403,6417,9668,23301,0,127,1661,1503,-1,748,0,0,346,1367,997,1309,-84
2026-06-08,31,19814,A,20482,18378,1432,6417,10132,23301,0,167,1472,1503,-1,807,0,0,33,994,997,466,10
2026-06-08,32,20188,A,20858,18583,1514,6417,10081,23301,0,169,1884,1503,-1,731,0,0,19,926,997,390,42
2026-06-08,33,20000,A,21570,18168,1561,6417,9393,23301,0,169,2291,1503,-1,-248,56,54,-390,661,996,-262,50
2026-06-08,34,21288,A,22979,19370,1637,6417,8094,23301,0,164,2291,1503,-1,-290,21,10,-395,657,996,-341,50
2026-06-08,35,22424,A,25378,20402,1565,6417,6898,23301,0,167,2437,1501,-1,-1020,65,0,294,1029,996,-1266,36
2026-06-08,36,23493,A,26633,21350,1659,6417,5916,23301,0,164,2525,1501,-1,-1059,-20,0,330,1074,995,-1341,-55
2026-06-08,37,24277,A,27484,22221,1715,6417,4915,23301,0,165,2184,1501,-1,-1060,0,0,-21,1051,995,-1441,-19
2026-06-08,38,24836,A,28147,22829,1755,6417,3646,23301,0,166,2010,1501,-1,-1061,0,0,-35,1045,996,-1442,-106
2026-06-08,39,26063,A,29043,24122,1581,6417,2594,23301,0,163,1831,1502,-1,-859,-2,0,-223,1008,996,-1172,-60
2026-06-08,40,26290,A,29466,24277,1580,6417,1603,23301,0,165,1933,1502,-1,-850,-89,0,-228,1015,996,-1158,-185
2026-06-08,41,26459,A,29936,24477,1539,6417,807,23301,0,164,1909,1502,-1,-1061,-84,0,67,1158,996,-1335,-332
2026-06-08,42,25892,A,29380,24004,1565,6417,221,23301,0,166,1754,1502,-1,-915,-221,0,82,1167,996,-1324,-361
2026-06-08,43,26540,A,28493,24702,1460,6417,11,23301,0,165,1746,1502,-1,94,-372,0,516,1049,996,-428,-487
2026-06-08,44,25899,A,27843,24096,1495,6417,0,23301,0,74,1757,1502,-1,103,-451,-51,535,1005,997,-353,-514
2026-06-08,45,25199,A,26830,23373,1516,6417,0,23301,0,9,1702,1502,-1,370,-451,-156,593,632,997,164,-514
2026-06-08,46,23680,A,25200,21961,1512,6417,0,23301,0,9,1559,1502,-1,401,-451,-45,590,614,997,207,-514
2026-06-08,47,22067,A,23465,20486,1458,6417,0,23301,0,9,1803,1503,-1,928,-383,0,98,988,997,497,-505
2026-06-08,48,21307,A,22493,19822,1502,6417,0,23301,0,9,2140,1503,-1,955,-234,0,84,1058,997,521,-442
2026-06-09,1,21295,A,22304,19864,1461,6417,0,23301,0,7,2174,1503,-1,1040,-118,0,693,1359,998,678,-383
2026-06-09,2,20961,A,21713,19616,1486,6417,0,23301,0,12,1872,1503,-1,1044,-7,0,724,1397,997,698,-232
2026-06-09,3,20698,A,21286,19447,1359,6417,0,23301,0,8,1576,1503,-1,1038,0,0,738,1397,997,1038,-79
2026-06-09,4,20536,A,21045,19335,1347,6417,0,23301,0,8,1506,1500,-1,1038,0,0,738,1397,997,1061,3
2026-06-09,5,20051,A,20615,18915,1278,6417,0,23301,0,8,1366,1408,-1,758,0,0,456,1395,997,1018,-55
2026-06-09,6,19460,A,19975,18390,1282,6417,0,23301,0,14,1233,1401,-1,740,0,0,445,1374,998,1010,40
2026-06-09,7,19174,A,19689,18111,1217,6417,0,23301,0,14,1191,1402,-1,649,0,0,446,1110,997,867,50
2026-06-09,8,18947,A,19461,17786,1214,6417,0,23301,0,13,972,1403,-1,652,40,0,446,1048,997,857,50
2026-06-09,9,18685,A,19199,17542,1270,6417,0,23301,0,13,1155,1403,-1,383,60,0,447,674,996,871,50
2026-06-09,10,18440,A,19146,17370,1335,6417,1,23301,0,205,1067,1405,-1,367,92,0,447,642,996,859,50
2026-06-09,11,18549,A,19340,17443,1317,6417,130,23301,0,290,1139,1496,-1,105,6,0,493,821,997,359,50
2026-06-09,12,19112,A,19787,17927,1354,6417,498,23301,0,174,1225,1503,-1,102,17,0,495,873,997,341,50
2026-06-09,13,20746,A,21261,19416,1253,6417,1058,23301,0,14,1075,1503,-1,638,58,0,661,1245,997,953,50
2026-06-09,14,21627,A,22197,20177,1261,6417,1888,23301,0,69,1148,1503,-1,729,0,0,667,1298,997,1007,19
2026-06-09,15,23117,A,23699,21544,1293,6417,2872,23301,0,6,1054,1503,-1,999,-7,0,839,1386,997,1400,-68
2026-06-09,16,23317,A,24045,21648,1419,6417,3689,23301,0,7,1194,1502,-1,1011,0,0,844,1397,997,1428,-220
2026-06-09,17,22813,A,23600,21060,1492,6417,5187,23301,0,9,971,1503,-1,1053,0,0,743,1397,997,1428,-277
2026-06-09,18,22679,A,23454,20897,1579,6417,6130,23301,0,66,1113,1502,-1,1054,-47,0,739,1397,997,1428,-161
2026-06-09,19,22419,A,23097,20733,1641,6417,6767,23301,0,149,913,1502,-1,1049,-3,0,1006,1397,997,1428,-25
2026-06-09,20,21804,A,22619,20138,1766,6417,8164,23301,0,314,737,1502,-1,1049,55,0,1016,1397,997,1428,39
2026-06-09,21,20812,A,21888,19173,1870,6417,9097,23301,0,575,643,1502,-1,1047,9,0,749,1397,997,1428,50
2026-06-09,22,20165,A,21282,18543,2040,6417,10777,23301,0,616,779,1502,-1,1047,0,0,739,1397,998,1428,52
2026-06-09,23,19468,A,20827,17895,2110,6417,11422,23301,0,858,421,1501,-1,1050,0,0,739,1397,997,1428,53
2026-06-09,24,19206,A,20278,17720,2155,6417,11861,23301,0,571,347,1501,-1,1050,0,0,739,1396,996,1423,53
2026-06-09,25,18873,A,19925,17397,2187,6417,12499,23301,0,551,384,1501,-1,1035,0,0,739,1397,996,1264,35
2026-06-09,26,18772,A,19991,17325,2284,6417,12681,23301,0,713,426,1501,-1,1034,0,0,739,1397,997,1250,-5
2026-06-09,27,18444,A,19677,16982,2294,6417,13249,23301,0,714,339,1502,-1,893,0,0,683,1397,996,1170,-18
2026-06-09,28,18279,A,19409,16817,2296,6417,12674,23301,0,567,416,1501,-1,888,0,0,681,1397,996,1166,-62
2026-06-09,29,17921,A,19284,16409,2276,6417,11959,23301,0,694,294,1501,-1,833,0,0,895,1397,996,1246,-168
2026-06-09,30,17876,A,19245,16316,2263,6417,12458,23301,0,661,378,1501,-1,831,0,0,903,1397,996,1250,-207
2026-06-09,31,17968,A,19375,16383,2288,6417,11277,23301,0,711,470,1502,-1,941,-16,0,898,1397,996,1150,-179
2026-06-09,32,18423,A,19797,16528,2354,6417,9424,23301,0,567,458,1501,-1,942,-118,0,898,1397,996,1149,-188
2026-06-09,33,19796,A,20653,17931,2586,6417,8586,23301,0,277,932,1502,-1,1043,-22,0,993,1397,997,1407,-57
2026-06-09,34,20743,A,21720,18832,2559,6417,7351,23301,0,337,1208,1502,-1,1044,0,0,996,1397,997,1427,-139
2026-06-09,35,22432,A,23115,20500,2462,6417,6509,23301,0,18,1161,1502,-1,1028,-15,32,949,1397,997,1384,-149
2026-06-09,36,23935,A,24883,22032,2377,6417,5482,23301,0,13,1206,1502,-1,1022,-144,-2,947,1397,997,1342,-288
2026-06-09,37,25184,A,26498,23202,2239,6417,4509,23301,0,11,1882,1502,-1,496,-295,-61,713,1397,996,305,-446
2026-06-09,38,25994,A,27550,23929,2098,6417,3385,23301,0,12,2266,1503,-1,468,-429,-100,705,1385,997,209,-514
2026-06-09,39,26510,A,28418,24491,1940,6417,2374,23301,0,7,2227,1502,-1,140,-389,-249,876,1228,996,-255,-507
2026-06-09,40,26415,A,28565,24512,1954,6417,1617,23301,0,11,1968,1502,-1,126,-447,-400,879,1221,996,-278,-513
2026-06-09,41,25970,A,28256,24187,1938,6417,854,23301,0,9,1821,1502,-1,-289,-452,-521,453,1377,997,59,-514
2026-06-09,42,25915,A,28237,24237,1870,6417,228,23301,0,11,1884,1502,-1,-313,-452,-531,434,1397,996,89,-514
2026-06-09,43,25964,A,27973,24309,1837,6417,13,23301,0,11,1549,1503,-1,386,-452,-531,476,1397,997,412,-514
2026-06-09,44,25593,A,27601,23879,1791,6417,0,23301,0,10,1476,1502,-1,436,-452,-531,477,1397,997,435,-514
2026-06-09,45,24943,A,26948,23318,1812,6417,0,23301,0,8,1216,1502,-1,686,-451,-531,690,1397,997,438,-514
2026-06-09,46,23759,A,25766,22197,1681,6417,0,23301,0,10,975,1502,-1,696,-451,-531,698,1393,997,430,-514
2026-06-09,47,22863,A,24868,21365,1515,6417,0,23301,0,8,1028,1503,-1,664,-451,-531,700,1352,998,97,-514
2026-06-09,48,22313,A,24299,20962,1521,6417,0,23301,0,10,859,1503,-1,663,-430,-531,700,1330,998,81,-514
2026-06-10,1,21917,A,23810,20547,1405,6417,0,23301,0,10,741,1503,-1,801,-337,-531,699,1107,998,403,-514
2026-06-10,2,21568,A,23454,20217,1427,6417,0,23301,0,10,718,1503,-1,803,-331,-531,700,1089,998,420,-513
2026-06-10,3,21272,A,23143,20006,1320,6417,0,23301,0,8,643,1503,-1,359,-331,-517,986,1201,998,169,-514
2026-06-10,4,21227,A,23001,20001,1343,6417,0,23301,0,8,752,1503,-1,338,-332,-419,997,1217,998,151,-514
2026-06-10,5,21053,A,22916,19840,1278,6417,0,23301,0,8,701,1503,-1,435,-332,-508,883,1241,998,168,-514
2026-06-10,6,20595,A,22413,19417,1253,6417,0,23301,0,8,690,1503,-1,438,-332,-463,879,1215,998,168,-514
2026-06-10,7,20063,A,21857,18898,1135,6417,0,23301,0,8,717,1504,-1,453,-331,-440,659,855,998,77,-514
2026-06-10,8,19774,A,21514,18603,1118,6417,0,23301,0,8,774,1504,-1,454,-332,-385,649,811,998,72,-514
2026-06-10,9,19798,A,21431,18563,1138,6417,0,23301,0,6,1010,1503,-1,275,-332,-280,247,817,998,175,-514
2026-06-10,10,19321,A,20908,18047,1068,6417,1,23301,0,21,998,1503,-1,264,-331,-220,223,817,997,178,-514
2026-06-10,11,19095,A,21003,17892,970,6417,115,23301,0,33,1094,1503,-1,2,-331,-173,-356,817,998,8,-514
2026-06-10,12,19484,A,21450,18239,880,6417,520,23301,0,11,1143,1503,-1,0,-332,-227,-381,847,997,18,-514
2026-06-10,13,21285,A,23102,19896,754,6417,1119,23301,0,10,1233,1503,-1,351,-414,-378,88,1222,997,739,-514
2026-06-10,14,22476,A,24465,20945,712,6417,1756,23301,0,11,1258,1503,-1,391,-452,-511,108,1277,997,806,-514
2026-06-10,15,23751,A,25764,22111,655,6417,2696,23301,0,15,1033,1503,-1,577,-452,-531,262,1383,997,1385,-514
2026-06-10,16,24018,A,26031,22309,686,6417,3600,23301,0,15,1007,1503,-1,587,-452,-531,277,1397,998,1425,-514
2026-06-10,17,24698,A,26710,22919,684,6417,4595,23301,0,15,891,1503,-1,1030,-451,-531,908,1397,998,1425,-514
2026-06-10,18,24452,A,26465,22657,713,6417,5593,23301,0,15,920,1503,-1,1051,-452,-531,941,1397,998,1425,-514
2026-06-10,19,24001,A,25943,22225,719,6417,6337,23301,0,15,771,1503,-1,1052,-452,-460,950,1397,998,1425,-514
2026-06-10,20,23963,A,25716,22181,790,6417,7103,23301,0,15,838,1503,-1,1051,-414,-309,950,1397,998,1425,-514
2026-06-10,21,23833,A,25378,22032,876,6417,8113,23301,0,15,1107,1503,-1,1051,-358,-157,1014,1397,997,1425,-514
2026-06-10,22,23106,A,24543,21336,988,6417,8475,23301,0,51,1137,1503,-1,1051,-350,-21,1016,1397,997,1425,-514
2026-06-10,23,22489,A,23982,20735,1025,6417,9440,23301,0,14,1167,1503,-1,1052,-399,-65,921,1397,997,1425,-514
2026-06-10,24,21788,A,23344,20091,1057,6417,9457,23301,0,14,1254,1503,-1,1051,-452,-75,918,1397,997,1425,-514
2026-06-10,25,21795,A,23281,20214,1080,6417,9720,23301,0,12,1245,1503,-1,783,-451,-8,723,1397,998,1425,-514
2026-06-10,26,21502,A,22902,19859,1130,6417,10257,23301,0,12,1438,1503,-1,772,-373,0,716,1397,998,1425,-514
2026-06-10,27,21096,A,22587,19481,1151,6417,10357,23301,0,99,1341,1502,-1,1031,-377,0,1005,1397,997,1425,-514
2026-06-10,28,20802,A,22348,19167,1217,6417,11177,23301,0,241,1660,1502,-1,1042,-290,0,1016,1397,997,1425,-514
2026-06-10,29,20709,A,22128,19104,1277,6417,10603,23301,0,45,1579,1502,-1,835,-359,0,736,1397,997,1425,-514
2026-06-10,30,20757,A,22263,19083,1343,6417,9760,23301,0,105,2049,1503,-1,827,-386,0,704,1386,997,1405,-514
2026-06-10,31,20582,A,22051,18961,1330,6417,9708,23301,0,12,2387,1503,-1,524,-294,0,-148,1244,997,737,-514
2026-06-10,32,21358,A,22899,19780,1436,6417,8705,23301,0,12,2387,1503,-1,511,-329,0,-185,1224,997,619,-514
2026-06-10,33,22035,A,23975,20344,1456,6417,8225,23301,0,68,2630,1502,-1,567,-215,0,593,1196,997,-669,-487
2026-06-10,34,23333,A,25554,21596,1510,6417,7067,23301,0,88,2564,1501,-1,570,-299,-5,638,1206,996,-815,-513
2026-06-10,35,24605,A,27700,22913,1424,6417,5853,23301,0,170,2403,1502,-1,664,-384,-116,472,1376,996,-1410,-514
2026-06-10,36,25657,A,29000,23858,1431,6417,5128,23301,0,169,2471,1501,-1,616,-451,-257,467,1381,996,-1451,-514
2026-06-10,37,25867,A,29715,24067,1398,6417,4311,23301,0,111,2607,1501,-1,-564,-451,-256,710,1183,995,-1451,-514
2026-06-10,38,26547,A,30511,24675,1389,6417,3430,23301,0,6,2757,1501,-1,-667,-451,-382,692,1138,995,-1443,-514
2026-06-10,39,27078,A,31065,25185,1350,6417,2544,23301,0,0,2927,1502,-1,-759,-452,-379,-227,880,995,-1155,-514
2026-06-10,40,26905,A,31058,25055,1249,6417,1571,23301,0,3,2811,1502,-1,-760,-452,-499,-289,855,996,-1135,-514
2026-06-10,41,27097,A,31630,25214,1275,6417,812,23301,0,0,2774,1502,-1,-754,-451,-531,-647,937,996,-1135,-514
2026-06-10,42,26843,A,31366,24957,1226,6417,252,23301,0,0,2527,1502,-1,-755,-451,-531,-655,976,996,-1116,-514
2026-06-10,43,27123,A,30312,25289,1082,6417,22,23301,0,3,2343,1502,-1,-641,-452,-531,-118,1350,996,-429,-514
2026-06-10,44,26703,A,29822,24918,1119,6417,0,23301,0,3,2436,1503,-1,-636,-452,-531,-92,1397,996,-390,-514
2026-06-10,45,25820,A,28852,24103,1163,6417,0,23301,0,7,2423,1502,-1,-310,-451,-531,208,1397,997,-718,-514
2026-06-10,46,24609,A,27656,22993,1165,6417,0,23301,0,7,2346,1503,-1,-303,-452,-531,220,1397,996,-739,-514
2026-06-10,47,23292,A,26876,21852,1020,6417,0,23301,0,6,2368,1502,-1,-890,-445,-510,95,1396,997,-706,-526
2026-06-10,48,22651,A,26021,21214,1015,6417,0,23301,0,7,2381,1503,-1,-910,-367,-377,90,1395,996,-694,-514
2026-06-11,1,22374,A,24648,20898,1012,6417,0,23301,0,7,1947,1503,-1,-236,-422,-225,227,1397,997,-369,-514
2026-06-11,2,21982,A,23928,20556,1042,6417,0,23301,0,7,2004,1503,-1,-196,-314,-74,233,1366,997,-346,-508
2026-06-11,3,21943,A,23622,20530,1071,6417,0,23301,0,7,1851,1503,-1,-2,-344,0,522,993,997,-313,-512
2026-06-11,4,21291,A,22762,19897,1073,6417,0,23301,0,7,1864,1503,-1,0,-228,0,534,921,997,-313,-422
2026-06-11,5,20961,A,22583,19570,1034,6417,0,23301,0,7,1952,1503,-1,-99,-231,0,435,598,997,-434,-350
2026-06-11,6,20615,A,21972,19291,1038,6417,0,23301,0,5,1939,1503,-1,-104,-95,0,431,561,997,-449,-203
2026-06-11,7,20358,A,21867,19035,965,6417,0,23301,0,4,1855,1503,-1,-238,-1,0,347,604,997,-704,-61
2026-06-11,8,20127,A,21615,18731,1021,6417,0,23301,0,4,2002,1503,-1,-248,13,0,343,613,997,-735,40
2026-06-11,9,20211,A,22443,18869,1005,6417,0,23301,0,7,2240,1503,-1,-484,3,0,13,648,997,-1240,50
2026-06-11,10,19951,A,22240,18563,1027,6417,2,23301,0,9,2452,1503,-1,-498,83,0,-6,680,997,-1275,50
2026-06-11,11,19650,A,23038,18333,988,6417,140,23301,0,9,2523,1503,-1,-989,100,0,-570,1030,996,-1319,50
2026-06-11,12,19649,A,22942,18278,1021,6417,476,23301,0,9,2445,1503,-1,-887,100,0,-584,1045,997,-1312,50
2026-06-11,13,21298,A,22675,19802,1062,6417,908,23301,0,9,2270,1503,-1,135,100,0,121,692,997,-867,26
2026-06-11,14,22030,A,23274,20400,1128,6417,1348,23301,0,7,2353,1503,-1,153,100,34,163,678,997,-736,50
2026-06-11,15,24891,A,25402,22999,1140,6417,1851,23301,0,10,2597,1503,-1,704,71,0,587,1049,997,720,41
2026-06-11,16,25927,A,26540,23864,1288,6417,2013,23301,0,16,2804,1503,-1,733,-28,0,606,1115,997,896,-68
2026-06-11,17,27175,A,28012,25101,1345,6417,2328,23301,0,19,2585,1503,-1,1009,-97,0,863,1364,997,1392,-220
2026-06-11,18,27468,A,28485,25441,1479,6417,2491,23301,0,17,2644,1503,-1,1020,-127,0,873,1395,998,1427,-372
2026-06-11,19,28271,A,29247,26241,1510,6417,2566,23301,0,11,2656,1503,-1,1040,-11,0,1012,1395,998,1426,-453
2026-06-11,20,28522,A,29430,26417,1707,6417,2697,23301,0,7,2454,1503,-1,1041,0,0,1017,1395,998,1426,-400
2026-06-11,21,28680,A,29527,26546,1866,6417,2670,23301,0,8,2402,1503,-1,1050,0,0,1015,1394,998,1426,-338
2026-06-11,22,28788,A,29575,26620,2004,6417,2800,23301,0,11,2419,1503,-1,1052,-28,0,1015,1395,998,1427,-247
2026-06-11,23,28882,A,29617,26744,2127,6417,2872,23301,0,13,2608,1502,-1,1051,0,0,1016,1395,997,1426,-221
2026-06-11,24,29632,A,30344,27528,2303,6417,2931,23301,0,7,2775,1503,-1,1052,0,0,1016,1395,998,1427,-204
2026-06-11,25,29116,A,29986,27123,2460,6417,3242,23301,0,15,2411,1503,-1,1051,-26,0,1017,1395,998,1426,-328
2026-06-11,26,28521,A,29322,26603,2542,6417,3448,23301,0,11,2520,1503,-1,1051,0,0,1017,1395,997,1426,-289
2026-06-11,27,27701,A,28419,25836,2587,6417,3389,23301,0,11,2523,1502,-1,1051,0,0,969,1394,998,1426,-206
2026-06-11,28,27605,A,28214,25814,2635,6417,3430,23301,0,12,2459,1502,-1,1052,0,0,968,1394,997,1426,-96
2026-06-11,29,27412,A,28113,25640,2541,6417,3095,23301,0,14,2376,1503,-1,1052,-43,0,995,1395,998,1426,-143
2026-06-11,30,27419,A,28240,25600,2571,6417,3150,23301,0,14,2201,1503,-1,1051,-12,0,996,1395,998,1426,-294
2026-06-11,31,27208,A,28157,25322,2493,6417,3025,23301,0,168,2074,1502,-1,1048,0,0,972,1395,998,1426,-280
2026-06-11,32,27684,A,28584,25811,2534,6417,2650,23301,0,166,2097,1502,-1,1042,0,0,970,1368,997,1424,-233
2026-06-11,33,28288,A,29008,26316,2573,6417,2470,23301,0,7,2401,1503,-1,1048,0,0,699,1028,997,1358,-212
2026-06-11,34,28812,A,29563,26721,2610,6417,2213,23301,0,7,2811,1503,-1,1045,0,0,688,981,997,1304,-243
2026-06-11,35,28910,A,29644,26694,2627,6417,2035,23301,0,10,3350,1502,-1,608,-10,0,835,919,997,237,-213
2026-06-11,36,29320,A,30243,27093,2702,6417,1681,23301,0,10,3548,1502,-1,587,-92,0,840,899,997,121,-320
2026-06-11,37,29184,A,30761,27057,2621,6417,1443,23301,0,145,3719,1502,-1,501,-9,0,853,744,997,-533,-389
2026-06-11,38,29037,A,30781,26932,2720,6417,998,23301,0,164,3780,1502,-1,474,0,0,854,695,997,-587,-492
2026-06-11,39,28652,A,31167,26552,2683,6417,678,23301,0,161,3821,1501,-1,-515,0,0,886,323,997,-935,-403
2026-06-11,40,28494,A,31210,26401,2733,6417,439,23301,0,162,3482,1501,-1,-597,-6,0,887,267,996,-958,-492
2026-06-11,41,27976,A,30396,25880,2553,6417,202,23301,0,162,3301,1501,-1,-186,-119,0,991,150,996,-938,-514
2026-06-11,42,27269,A,29712,25263,2539,6417,50,23301,0,157,3082,1501,-1,-167,-235,0,993,146,997,-937,-446
2026-06-11,43,26857,A,29431,24960,2521,6417,3,23301,0,162,3152,1501,-1,-269,-250,0,598,286,996,-1076,-316
2026-06-11,44,25995,A,28570,24181,2594,6417,0,23301,0,165,3232,1502,-1,-272,-250,-6,581,284,997,-1081,-300
2026-06-11,45,25134,A,27333,23287,2733,6417,0,23301,0,174,3506,1501,-1,-106,-250,0,824,28,996,-868,-300
2026-06-11,46,24033,A,26220,22252,2860,6417,0,23301,0,175,3767,1501,-1,-104,-250,0,833,5,996,-856,-301
2026-06-11,47,22718,A,25414,21105,2902,6417,0,23301,0,582,3742,1502,-1,102,-322,-65,590,114,997,-987,-239
2026-06-11,48,21777,A,24484,20332,2938,6417,0,23301,0,504,3626,1502,-1,110,-371,-132,581,119,996,-999,-200
2026-06-12,1,20955,A,23763,19559,2860,6417,0,23301,0,459,3715,1502,-1,-97,-371,-91,473,9,996,-1089,-200
2026-06-12,2,20005,A,22725,18693,3025,6417,0,23301,0,460,3483,1502,-1,-104,-347,-2,469,-5,996,-1101,-200
2026-06-12,3,19656,A,22550,18300,3004,6417,0,23301,0,225,3493,1502,-1,-362,-310,0,307,-5,997,-1291,-200
2026-06-12,4,19555,A,22482,18270,3079,6417,0,23301,0,172,3545,1502,-1,-386,-356,0,301,-5,996,-1307,-200
2026-06-12,5,19134,A,22145,17829,2916,6417,0,23301,0,172,3633,1468,-1,-321,-361,-11,103,-5,997,-1440,-200
2026-06-12,6,18741,A,21739,17435,2948,6417,0,23301,0,173,3640,1467,-1,-319,-326,0,96,-30,996,-1449,-200
2026-06-12,7,18524,A,21888,17165,2908,6417,0,23301,0,23,3874,1500,-1,-648,-187,0,351,-355,996,-1449,-201
2026-06-12,8,18551,A,21902,17135,2943,6417,0,23301,0,15,3879,1502,-1,-662,-142,0,360,-384,996,-1447,-200
2026-06-12,9,18134,A,21011,16741,2874,6417,0,23301,0,16,3854,1502,-1,-598,-19,0,148,-251,996,-1366,-126
2026-06-12,10,18082,A,20780,16788,2792,6417,1,23301,0,17,3787,1502,-1,-595,0,0,137,-213,996,-1363,-9
2026-06-12,11,17993,A,20958,16806,2582,6417,93,23301,0,150,3716,1503,-1,-545,0,0,-328,53,997,-1441,39
2026-06-12,12,18253,A,21199,17110,2498,6417,301,23301,0,162,3531,1503,-1,-512,56,0,-347,115,996,-1424,45
2026-06-12,13,19936,A,21523,18639,2507,6417,696,23301,0,404,3170,1503,-1,455,11,0,-53,489,997,-562,-67
2026-06-12,14,21184,A,22480,19830,2502,6417,1177,23301,0,100,2987,1503,-1,526,0,0,-40,565,996,-489,-166
2026-06-12,15,23094,A,23989,21434,2466,6417,1648,23301,0,16,3046,1503,-1,932,-63,0,311,936,997,13,-315
2026-06-12,16,24000,A,25025,22233,2601,6417,2206,23301,0,13,3118,1503,-1,950,-46,0,330,1010,996,68,-465
2026-06-12,17,24442,A,25556,22770,2610,6417,2707,23301,0,13,2820,1503,-1,930,-120,0,833,1351,997,825,-480
2026-06-12,18,24216,A,25220,22680,2716,6417,3402,23301,0,8,2897,1502,-1,928,-158,0,856,1394,997,891,-337
2026-06-12,19,24685,A,25398,23077,2949,6417,4111,23301,0,3,2828,1502,-1,1049,-24,0,1011,1394,997,1390,-185
2026-06-12,20,24173,A,24761,22584,3203,6417,4683,23301,0,7,2739,1502,-1,1053,0,0,1017,1375,997,1423,-80
2026-06-12,21,23884,A,24392,22246,3155,6417,5395,23301,0,7,2922,1501,-1,957,0,0,1016,1133,997,1386,25
2026-06-12,22,23312,A,23826,21798,3320,6417,5818,23301,0,13,3053,1502,-1,954,64,0,1015,1073,997,1362,50
2026-06-12,23,22513,A,23028,20951,3369,6417,7271,23301,0,14,3125,1060,-1,1049,99,36,686,701,997,561,50
2026-06-12,24,21957,A,22475,20290,3654,6417,7990,23301,0,17,3405,1402,-1,1052,100,42,673,625,997,481,50
2026-06-12,25,21218,A,22551,19611,3722,6417,8870,23301,0,421,3657,1504,-1,1052,100,0,825,252,997,-411,50
2026-06-12,26,20479,A,22045,18936,3821,6417,9972,23301,0,603,3697,1505,-1,1052,100,0,794,176,997,-462,50
2026-06-12,27,19680,A,21425,18138,3898,6417,10358,23301,0,616,3580,1506,-1,1052,43,0,-237,-200,997,-191,50
2026-06-12,28,19073,A,21107,17592,4110,6417,10965,23301,0,759,3399,1503,-1,1030,70,0,-315,-277,997,-182,50
2026-06-12,29,17771,A,20961,16383,4214,6417,11447,23301,0,869,3357,1352,-1,163,100,0,-605,-658,997,-557,30
2026-06-12,30,17187,A,20531,15919,4384,6417,11099,23301,0,906,3286,1338,-1,102,68,0,-618,-737,996,-582,0
2026-06-12,31,16483,A,21196,15249,4332,6417,10559,23301,0,802,3501,1168,-1,-758,92,0,-1005,-1125,951,-522,0
2026-06-12,32,16457,A,21485,15148,4479,6417,10493,23301,0,885,3511,1164,-1,-946,100,7,-1020,-1158,950,-518,0
2026-06-12,33,17122,A,21476,15748,4656,6417,9422,23301,0,891,3450,1484,-1,-808,100,48,-710,-949,993,-495,0
2026-06-12,34,18128,A,22386,16688,4712,6417,8161,23301,0,877,3354,1501,-1,-804,100,8,-699,-893,997,-484,0
2026-06-12,35,19593,A,23285,18131,4591,6417,7377,23301,0,680,3823,1319,-1,-849,100,0,-1009,-507,997,-146,0
2026-06-12,36,20784,A,24282,19215,4558,6417,6055,23301,0,569,3886,1306,-1,-852,80,0,-1021,-429,997,-126,0
2026-06-12,37,21413,A,24886,19979,4260,6417,4783,23301,0,567,3832,1306,-1,-1049,23,0,-1020,-52,996,-284,0
2026-06-12,38,22336,A,25447,20904,4139,6417,3547,23301,0,313,3726,1307,-1,-993,0,0,-1010,24,997,-294,0
2026-06-12,39,24250,A,26111,22869,3916,6417,2407,23301,0,318,3438,1424,-1,-415,-13,0,-340,399,998,-274,0
2026-06-12,40,24728,A,26534,23592,3701,6417,1513,23301,0,311,2544,1428,-3,-417,0,0,-306,459,996,-269,0
2026-06-12,41,24525,A,27016,23449,3501,6417,734,23301,0,305,2622,1179,-4,-845,-60,0,-621,636,974,-156,0
2026-06-12,42,24002,A,26601,22896,3408,6417,219,23301,0,314,2894,1162,-4,-864,-138,0,-631,635,963,-148,0
2026-06-12,43,24015,A,26015,22939,3268,6417,18,23301,0,309,3178,991,-4,-554,-279,0,-182,351,659,-172,0
2026-06-12,44,23794,A,25911,22737,3347,6417,0,23301,0,309,3014,983,-4,-540,-421,0,-162,294,638,-181,0
2026-06-12,45,23740,A,25678,22721,3314,6417,0,23301,0,312,2924,1223,-4,-218,-395,-54,-6,29,573,-449,0
2026-06-12,46,22750,A,24952,21797,3380,6417,0,23301,0,314,2589,1238,-4,-207,-447,-202,-12,-34,571,-482,0
2026-06-12,47,21056,A,25432,20008,3295,6417,0,23301,0,312,3449,1440,-4,-657,-423,-354,-717,-411,615,-998,0
2026-06-12,48,20381,A,24937,19355,3344,6417,0,23301,0,253,3507,1446,-4,-678,-352,-497,-756,-489,613,-1027,0
2026-06-13,1,20015,A,24543,19042,3283,6417,0,23301,0,170,2907,1276,-4,-617,-326,-501,-728,-874,434,-808,0
2026-06-13,2,19668,A,24221,18503,3365,6417,0,23301,0,170,2799,1265,-4,-615,-304,-482,-728,-953,433,-797,0
2026-06-13,3,18910,A,24624,17743,3356,6417,0,23301,0,169,3023,1381,-4,-946,-284,-523,-988,-1347,786,-953,0
2026-06-13,4,18422,A,24207,17370,3377,6417,0,23301,0,165,3085,1388,-4,-959,-282,-501,-998,-1400,803,-976,0
2026-06-13,5,17941,A,24331,16953,3351,6417,0,23301,0,162,3104,1407,-4,-1045,-282,-531,-1021,-1447,639,-1398,0
2026-06-13,6,17965,A,24405,17213,3380,6417,0,23301,0,171,3091,1400,-4,-1050,-282,-531,-1022,-1453,626,-1427,0
2026-06-13,7,17218,A,24046,16306,3257,6417,0,23301,0,579,4117,941,-4,-1057,-256,-531,-1021,-1453,536,-1427,0
2026-06-13,8,16819,A,23789,15903,3267,6417,0,23301,0,747,4328,904,-4,-1057,-252,-531,-1022,-1439,522,-1418,0
2026-06-13,9,16568,A,22831,15643,3274,6417,0,23301,0,680,4541,557,-4,-927,-252,-531,-1022,-1262,255,-1085,0
2026-06-13,10,16430,A,22529,15622,3306,6417,1,23301,0,580,4499,524,-4,-922,-252,-531,-1022,-1240,235,-1048,0
2026-06-13,11,15939,A,21394,15187,3312,6417,97,23301,0,532,4205,66,-4,-845,-252,-531,-1022,-1240,158,-529,0
2026-06-13,12,15983,A,21410,15221,3308,6417,497,23301,0,582,4191,43,-4,-808,-252,-531,-1020,-1240,158,-485,-5
2026-06-13,13,16626,A,20887,15725,3255,6417,1074,23301,0,588,4052,-94,-4,-271,-252,-531,-623,-1240,319,-158,0
2026-06-13,14,16583,A,20857,15511,3340,6417,1844,23301,0,593,4304,-98,-4,-269,-275,-531,-607,-1254,327,-143,0
2026-06-13,15,16954,A,21630,15736,3382,6417,2737,23301,0,413,4265,166,-4,-372,-318,-531,-650,-1431,273,-457,0
2026-06-13,16,16939,A,21874,15659,3510,6417,3606,23301,0,581,4460,200,-4,-376,-368,-531,-644,-1453,267,-478,0
2026-06-13,17,17290,A,21313,15994,3504,6417,4492,23301,0,195,4273,381,-4,-455,-416,-531,-50,-1453,171,-419,0
2026-06-13,18,16854,A,20975,15545,3567,6417,5720,23301,0,309,4421,402,-4,-439,-452,-531,-21,-1453,177,-412,0
2026-06-13,19,16795,A,20533,15461,3579,6417,6668,23301,0,466,4152,836,-4,95,-452,-531,202,-1453,582,-332,0
2026-06-13,20,16200,A,20094,14778,3679,6417,7726,23301,0,634,4458,864,-4,102,-451,-531,211,-1453,611,-321,0
2026-06-13,21,16052,A,19763,14638,3574,6417,9250,23301,0,643,4035,978,-4,540,-452,-531,510,-1453,698,-128,0
2026-06-13,22,15709,A,19412,14172,3586,6417,10122,23301,0,642,4321,982,-4,602,-452,-531,522,-1453,702,-121,0
2026-06-13,23,15149,A,19097,13762,3456,6417,10794,23301,0,639,4151,825,-4,616,-451,-531,716,-1453,640,-370,0
2026-06-13,24,14747,A,18692,13393,3592,6417,11765,23301,0,640,4283,817,-4,617,-451,-531,723,-1447,643,-372,0
2026-06-13,25,14658,A,18096,13386,3480,6417,12384,23301,0,580,3741,1041,-4,634,-451,-531,845,-1372,884,162,0
2026-06-13,26,14536,A,17966,13254,3645,6417,12562,23301,0,583,3820,1054,-1,634,-447,-531,849,-1368,899,185,0
2026-06-13,27,14003,A,17792,12752,3584,6417,12524,23301,0,575,3865,1160,-3,342,-411,-531,673,-1443,899,-326,0
2026-06-13,28,13688,A,17515,12504,3638,6417,12127,23301,0,573,3817,1160,18,330,-411,-531,660,-1449,899,-363,0
2026-06-13,29,13167,A,16997,11994,3598,6417,12240,23301,0,572,3686,768,767,250,-411,-531,84,-1403,897,-413,0
2026-06-13,30,13042,A,16834,11892,3680,6417,11452,23301,0,573,3573,738,820,241,-411,-531,58,-1365,899,-412,0
2026-06-13,31,13239,A,16441,12194,3621,6417,10766,23301,0,572,3362,301,885,355,-411,-531,477,-973,991,-215,0
2026-06-13,32,13776,A,16882,12790,3685,6417,9983,23301,0,568,3283,283,883,359,-415,-531,495,-893,988,-199,0
2026-06-13,33,14730,A,17401,13733,3614,6417,8930,23301,0,570,3513,743,657,289,-451,-531,523,-507,719,-112,0
2026-06-13,34,15767,A,18288,14773,3633,6417,8166,23301,0,556,3766,778,637,285,-451,-531,523,-429,703,-54,0
2026-06-13,35,17628,A,19719,16561,3517,6417,7380,23301,0,556,3441,1076,503,154,-452,-531,262,-52,745,1049,0
2026-06-13,36,19023,A,21010,17971,3553,6417,6087,23301,0,504,3679,1104,503,149,-452,-531,252,25,754,1153,0
2026-06-13,37,20658,A,22667,19546,3369,6417,4841,23301,0,527,3886,1142,870,2,-451,-531,375,399,983,1375,0
2026-06-13,38,21989,A,23599,20788,3270,6417,3541,23301,0,127,4311,1149,895,0,-452,-531,379,475,997,1396,0
2026-06-13,39,22524,A,24022,21302,3002,6417,2389,23301,0,16,3708,1319,896,105,-451,-531,187,847,996,1423,0
2026-06-13,40,23598,A,25084,22356,2859,6417,1317,23301,0,4,3756,1332,898,113,-451,-531,177,922,994,1426,0
2026-06-13,41,23537,A,25311,22341,2592,6417,669,23301,0,2,3263,1453,977,749,-452,-531,-289,1296,922,1426,0
2026-06-13,42,23639,A,25432,22532,2481,6417,238,23301,0,0,3415,1454,977,820,-452,-531,-310,1346,918,1426,0
2026-06-13,43,23379,A,25193,22287,2285,6417,17,23301,0,8,3124,1170,749,512,-451,-531,-324,1389,979,1426,0
2026-06-13,44,23486,A,25297,22279,2234,6417,0,23301,0,8,2906,1150,731,499,-452,-531,-320,1395,974,1426,0
2026-06-13,45,23716,A,25206,22347,2121,6417,0,23301,0,8,3075,1157,638,685,-451,-531,164,1395,659,1426,0
2026-06-13,46,22725,A,24216,21307,2115,6417,0,23301,0,8,3098,1156,633,693,-452,-531,187,1395,642,1425,0
2026-06-13,47,22004,A,23498,20605,2059,6417,0,23301,0,11,2992,1009,695,726,-452,-463,600,1395,698,1377,-68
2026-06-13,48,21630,A,23398,20139,2037,6417,0,23301,0,288,3021,1001,699,727,-450,-312,617,1394,703,1370,-218
2026-06-14,1,21598,A,23559,20142,1987,6417,0,23301,0,563,2679,1197,699,738,-369,-160,699,1395,755,1360,-369
2026-06-14,2,20943,A,23175,19502,1950,6417,0,23301,0,746,2651,1207,700,738,-331,-159,701,1395,758,1358,-496
2026-06-14,3,20191,A,22635,18989,1771,6417,0,23301,0,835,2160,1199,742,739,-331,-241,707,1395,728,1313,-537
2026-06-14,4,20106,A,22331,18911,1717,6417,0,23301,0,492,2016,1199,746,739,-332,-387,707,1395,725,1310,-514
2026-06-14,5,19718,A,22006,18556,1615,6417,0,23301,0,565,2128,1189,791,742,-332,-377,588,1395,705,1323,-514
2026-06-14,6,19578,A,21951,18402,1558,6417,0,23301,0,715,2130,1186,794,742,-332,-312,584,1395,703,1324,-514
2026-06-14,7,18908,A,21532,17780,1479,6417,0,23301,0,826,2079,1099,780,624,-331,-453,517,1395,704,1291,-514
2026-06-14,8,18670,A,21269,17386,1458,6417,0,23301,0,826,1744,1091,778,619,-331,-428,514,1395,704,1290,-514
2026-06-14,9,18291,A,20822,16825,1485,6417,0,23301,0,825,1514,973,701,652,-331,-361,603,1395,738,1377,-514
2026-06-14,10,18177,A,20656,16793,1438,6417,1,23301,0,817,1533,965,699,654,-332,-316,606,1395,739,1380,-514
2026-06-14,11,17421,A,19899,16112,1322,6417,164,23301,0,823,1520,895,805,633,-332,-309,514,1395,705,1253,-514
2026-06-14,12,16932,A,19346,15632,1256,6417,663,23301,0,828,1473,894,811,632,-331,-241,511,1395,703,1230,-514
2026-06-14,13,17114,A,19476,15824,1153,6417,1467,23301,0,812,1522,986,776,716,-331,-205,604,1395,707,989,-514
2026-06-14,14,16594,A,18991,15304,1050,6417,2446,23301,0,820,1441,993,773,719,-332,-231,607,1395,708,976,-514
2026-06-14,15,16483,A,18936,15104,939,6417,3415,23301,0,818,1412,988,750,693,-331,-290,690,1395,743,1122,-514
2026-06-14,16,16051,A,18483,14701,914,6417,4569,23301,0,815,1209,989,755,692,-332,-271,694,1395,745,1133,-514
2026-06-14,17,16154,A,18579,14744,876,6417,5766,23301,0,810,1098,1194,977,757,-399,-202,704,1395,706,1133,-514
2026-06-14,18,16216,A,18603,14799,853,6417,6760,23301,0,749,1117,1200,992,759,-452,-172,704,1395,703,1134,-514
2026-06-14,19,16542,A,18278,15033,806,6417,7644,23301,0,95,1287,1024,992,709,-452,-175,725,1395,703,1137,-514
2026-06-14,20,16540,A,18226,14954,781,6417,8166,23301,0,19,1457,1014,984,708,-452,-201,726,1395,703,1138,-514
2026-06-14,21,16682,A,18270,15037,765,6417,9061,23301,0,18,1387,1146,718,898,-452,-104,866,1395,703,1138,-514
2026-06-14,22,16729,A,18250,14949,751,6417,9762,23301,0,17,1310,1154,703,905,-451,-39,871,1395,703,1138,-514
2026-06-14,23,16751,A,18279,14872,740,6417,10636,23301,0,12,1158,1155,838,906,-451,-51,729,1395,702,1138,-514
2026-06-14,24,16724,A,18206,14827,731,6417,11257,23301,0,10,1166,1155,844,907,-450,-9,724,1395,708,1138,-513
2026-06-14,25,16590,A,17973,14700,603,6417,11312,23301,0,10,1240,1153,712,803,-359,0,727,1395,942,1138,-514
2026-06-14,26,16739,A,18054,14850,637,6417,11073,23301,0,7,1306,1153,703,796,-294,0,727,1395,954,1138,-514
2026-06-14,27,16735,A,17933,14912,626,6417,10934,23301,0,5,1180,1177,701,820,-213,0,761,1395,863,1138,-480
2026-06-14,28,16726,A,17933,14861,627,6417,10860,23301,0,5,1292,1178,701,821,-209,0,762,1395,859,1138,-493
2026-06-14,29,16687,A,17844,14832,644,6417,10474,23301,0,5,1241,1202,702,766,-217,0,742,1395,951,1138,-435
2026-06-14,30,16805,A,17837,14931,675,6417,10395,23301,0,5,1238,1207,709,771,-82,0,741,1395,957,1145,-445
2026-06-14,31,17151,A,17945,15271,666,6417,9983,23301,0,7,1105,1486,974,1050,0,0,986,1395,992,1403,-287
2026-06-14,32,17719,A,18418,15882,721,6417,9237,23301,0,8,1201,1503,992,1052,-56,0,996,1395,994,1421,-135
2026-06-14,33,18687,A,19231,16778,664,6417,8407,23301,0,8,1315,1503,992,1052,-11,0,993,1395,994,1421,-25
2026-06-14,34,20243,A,20841,18241,686,6417,7593,23301,0,8,1274,1505,992,1051,37,0,993,1395,995,1421,-90
2026-06-14,35,21322,A,22136,19152,663,6417,6493,23301,0,8,1393,1505,992,1051,-64,0,996,1394,997,1421,-242
2026-06-14,36,22846,A,23749,20657,689,6417,5330,23301,0,8,1456,1506,992,1051,-47,0,996,1395,996,1425,-348
2026-06-14,37,23645,A,24520,21420,690,6417,4302,23301,0,8,1549,1506,992,1051,0,0,996,1395,996,1428,-367
2026-06-14,38,24577,A,25591,22340,737,6417,3166,23301,0,8,1543,1506,992,1051,-11,0,997,1395,997,1428,-495
2026-06-14,39,25737,A,26777,23621,727,6417,2222,23301,0,7,1421,1506,992,1051,-105,0,983,1395,997,1428,-428
2026-06-14,40,25406,A,26486,23234,800,6417,1363,23301,0,7,1280,1506,992,1052,-177,0,982,1395,997,1428,-396
2026-06-14,41,26056,A,27100,23781,777,6417,738,23301,0,7,1438,1506,992,1050,-141,0,901,1395,997,1428,-396
2026-06-14,42,25764,A,26722,23565,838,6417,216,23301,0,5,1350,1506,992,1050,-74,0,898,1395,997,1428,-379
2026-06-14,43,25720,A,26598,23660,865,6417,20,23301,0,2,1465,1507,992,1051,-61,0,830,1395,998,1428,-315
2026-06-14,44,24646,A,25589,22660,945,6417,0,23301,0,6,1315,1506,992,1051,-25,0,828,1395,997,1428,-412
2026-06-14,45,24278,A,25204,22314,937,6417,0,23301,0,7,1494,1459,992,1050,-19,0,779,1395,997,1428,-400
2026-06-14,46,23283,A,24303,21376,972,6417,0,23301,0,7,1416,1456,992,1050,-103,0,777,1395,997,1428,-410
2026-06-14,47,22501,A,23574,20727,965,6417,0,23301,0,5,1556,1504,992,935,-103,0,701,1395,997,1428,-465
2026-06-14,48,21533,A,22484,19828,973,6417,0,23301,0,6,1358,1506,992,931,-32,0,698,1395,997,1428,-413
2026-06-15,1,21236,A,22427,19663,949,6417,0,23301,0,5,1240,1506,992,1047,-161,0,730,1395,997,1428,-525
2026-06-15,2,20941,A,22104,19344,930,6417,0,23301,0,7,1078,1506,992,1049,-142,0,731,1395,996,1428,-514
2026-06-15,3,20596,A,21992,19120,910,6417,0,23301,0,146,726,1506,992,1050,-236,0,707,1395,996,1428,-514
2026-06-15,4,20305,A,21698,18827,871,6417,0,23301,0,165,563,1506,992,1050,-214,0,706,1395,996,1428,-514
2026-06-15,5,19920,A,21439,18454,860,6417,0,23301,0,164,632,1507,992,1050,-341,0,612,1395,997,1428,-514
2026-06-15,6,19485,A,20944,18008,841,6417,0,23301,0,164,678,1503,992,1050,-281,0,608,1395,997,1428,-514
2026-06-15,7,19324,A,20861,17777,852,6417,0,23301,0,272,832,1223,992,1050,-251,0,491,1395,998,1426,-514
2026-06-15,8,18974,A,20766,17397,835,6417,0,23301,0,526,824,1206,988,1051,-252,0,487,1395,995,1425,-514
2026-06-15,9,18756,A,20413,17165,829,6417,0,23301,0,542,907,1207,865,1049,-103,0,356,1395,882,1426,-512
2026-06-15,10,18481,A,20036,16846,795,6417,2,23301,0,541,1091,1209,856,1050,-9,0,351,1395,876,1426,-505
2026-06-15,11,18675,A,19746,17032,749,6417,176,23301,0,148,1131,1467,831,796,0,0,63,1395,907,1426,-423
2026-06-15,12,18868,A,19962,17214,721,6417,554,23301,0,3,1041,1481,833,786,-86,0,53,1395,911,1423,-505
2026-06-15,13,20356,A,21568,18610,719,6417,1161,23301,0,4,821,1505,981,1039,-194,0,371,1395,992,1425,-514
2026-06-15,14,21741,A,23086,19939,706,6417,1878,23301,0,7,627,1507,992,1050,-324,0,383,1395,997,1426,-514
2026-06-15,15,23565,A,24825,21647,711,6417,2540,23301,0,8,594,1503,991,999,-281,0,595,1395,997,1426,-471
2026-06-15,16,24617,A,25992,22548,696,6417,3247,23301,0,7,787,1503,991,997,-350,-5,604,1395,997,1426,-513
2026-06-15,17,24895,A,26264,22674,668,6417,4063,23301,0,7,937,1502,992,866,-232,-116,901,1395,997,1426,-514
2026-06-15,18,24593,A,25949,22319,666,6417,4825,23301,0,7,786,1502,991,862,-83,-252,913,1395,997,1426,-514
2026-06-15,19,24294,A,25655,21942,690,6417,5965,23301,0,7,959,1502,991,985,0,-340,1013,1395,997,1426,-514
2026-06-15,20,23645,A,24959,21269,666,6417,6836,23301,0,7,828,1502,992,866,0,-281,1017,1395,997,1426,-526
2026-06-15,21,22440,A,23730,20079,674,6417,8077,23301,0,7,872,1501,991,3,0,-269,1017,1395,997,1426,-514
2026-06-15,22,22301,A,23493,19892,667,6417,9186,23301,0,7,777,1501,991,0,0,-171,1017,1395,996,1426,-514
2026-06-15,23,22114,A,23240,19785,640,6417,9786,23301,0,11,339,1501,991,825,0,-125,1012,1395,997,1426,-490
2026-06-15,24,21945,A,23090,19670,643,6417,10250,23301,0,10,340,1501,991,1051,0,-134,1012,1395,997,1426,-501
2026-06-15,25,21634,A,22794,19364,604,6417,10457,23301,0,7,313,1500,991,925,0,-154,939,1394,996,1425,-513
2026-06-15,26,21123,A,22377,18911,612,6417,10900,23301,0,3,332,1500,991,920,0,-244,936,1394,996,1425,-513
2026-06-15,27,20604,A,21895,18522,608,6417,11473,23301,0,22,21,1500,991,1037,0,-300,1013,1394,996,1425,-513
2026-06-15,28,20191,A,21449,18137,666,6417,11078,23301,0,63,-191,1500,991,1042,0,-314,1016,1394,997,1425,-507
2026-06-15,29,20671,A,21986,18674,677,6417,10617,23301,0,33,69,1500,991,1037,0,-341,997,1394,997,1425,-507
2026-06-15,30,20645,A,21940,18595,728,6417,10891,23301,0,3,125,1501,991,1038,0,-285,996,1394,996,1425,-513
2026-06-15,31,20760,A,22158,18694,736,6417,10126,23301,0,3,283,1501,991,1045,0,-388,819,1394,996,1425,-513
2026-06-15,32,21273,A,22608,19215,807,6417,9691,23301,0,145,417,1500,991,1044,0,-468,813,1394,996,1425,-512
2026-06-15,33,22488,A,23666,20347,861,6417,8243,23301,0,164,509,1500,991,1044,0,-378,864,1395,995,1425,-464
2026-06-15,34,23969,A,25196,21709,940,6417,6916,23301,0,164,436,1501,991,1044,0,-408,864,1394,997,1425,-483
2026-06-15,35,25078,A,26473,22685,911,6417,5326,23301,0,11,692,1502,991,1039,0,-453,537,1395,996,1425,-453
2026-06-15,36,25956,A,27439,23502,955,6417,3970,23301,0,8,825,1502,990,1038,0,-528,524,1394,996,1425,-463
2026-06-15,37,27399,A,28789,24844,945,6417,3038,23301,0,5,1186,1473,964,1049,0,-437,480,1394,972,1406,-458
2026-06-15,38,27259,A,28624,24798,991,6417,2114,23301,0,6,1097,1471,962,1049,0,-419,478,1394,970,1389,-452
2026-06-15,39,27770,A,28945,25300,995,6417,1404,23301,0,5,1298,1407,962,830,0,-282,333,1394,971,845,-398
2026-06-15,40,28362,A,29586,25855,1009,6417,802,23301,0,6,1590,1398,962,819,0,-271,327,1394,971,800,-459
2026-06-15,41,27740,A,29021,25371,978,6417,366,23301,0,5,1987,1111,947,403,0,-273,69,1395,982,541,-513
2026-06-15,42,27158,A,28411,24851,1011,6417,102,23301,0,5,1835,1044,944,383,0,-245,59,1394,979,527,-513
2026-06-15,43,27038,A,28392,24773,964,6417,5,23301,0,6,2038,497,893,314,0,-347,244,1394,882,694,-513
2026-06-15,44,26533,A,27804,24326,930,6417,0,23301,0,7,1877,497,888,311,0,-298,251,1394,872,719,-480
2026-06-15,45,25531,A,26949,23426,875,6417,0,23301,0,13,1692,498,829,430,0,-418,275,1394,772,1108,-513
2026-06-15,46,24596,A,26054,22505,878,6417,0,23301,0,15,1764,493,818,417,0,-460,276,1394,762,1116,-513
2026-06-15,47,23264,A,24728,21294,810,6417,0,23301,0,17,1872,496,563,2,0,-468,63,1394,645,415,-513
2026-06-15,48,22918,A,24348,20953,816,6417,0,23301,0,17,1938,498,545,0,0,-434,56,1394,640,369,-513
2026-06-16,1,22602,A,24030,20669,772,6417,0,23301,0,13,1780,498,520,97,0,-428,121,1395,700,482,-513
2026-06-16,2,22040,A,23565,20184,730,6417,0,23301,0,12,1618,498,524,102,0,-524,124,1394,710,494,-513
2026-06-16,3,22106,A,23733,20276,721,6417,0,23301,0,12,1598,498,731,-96,0,-530,236,1394,933,654,-513
2026-06-16,4,21501,A,23136,19730,693,6417,0,23301,0,12,1550,498,751,-103,0,-531,240,1395,948,657,-513
2026-06-16,5,21502,A,23031,19692,651,6417,0,23301,0,14,1682,498,976,242,0,-530,318,1394,995,340,-513
2026-06-16,6,21338,A,22867,19569,603,6417,0,23301,0,13,1605,498,992,261,0,-529,321,1395,999,314,-513
2026-06-16,7,21318,A,22855,19512,590,6417,0,23301,0,12,1759,498,991,-96,0,-440,126,1394,998,177,-513
2026-06-16,8,20731,A,22234,18970,604,6417,0,23301,0,13,1600,498,989,-103,0,-400,115,1382,996,159,-513
2026-06-16,9,19576,A,22049,17802,586,6417,0,23301,0,15,1798,498,901,-504,0,-414,-413,1231,890,-144,-513
2026-06-16,10,19482,A,21962,17678,596,6417,0,23301,0,27,1958,498,889,-547,0,-342,-439,1224,879,-166,-513
2026-06-16,11,19396,A,22418,17550,585,6417,34,23301,0,37,2028,498,660,-956,0,-190,-722,1375,760,-196,-495
2026-06-16,12,20472,A,23480,18564,569,6417,214,23301,0,6,2140,498,644,-964,0,-121,-727,1394,750,-189,-513
2026-06-16,13,21521,A,23179,19454,493,6417,527,23301,0,11,1914,498,599,-287,0,-200,-190,1394,666,138,-492
2026-06-16,14,22351,A,24112,20133,486,6417,1004,23301,0,11,2020,498,605,-244,0,-351,-164,1394,670,198,-513
2026-06-16,15,25055,A,26577,22683,467,6417,1424,23301,0,8,1760,498,956,660,0,-495,109,1394,976,1187,-535
2026-06-16,16,25426,A,26959,22868,473,6417,2020,23301,0,9,1732,497,981,799,0,-529,120,1394,995,1267,-513
2026-06-16,17,25888,A,27332,23223,452,6417,2917,23301,0,8,1694,497,991,980,0,-439,278,1394,998,1413,-513
2026-06-16,18,25434,A,26829,22751,462,6417,3915,23301,0,11,1474,497,991,988,0,-393,284,1394,999,1424,-513
2026-06-16,19,25349,A,26660,22641,474,6417,5011,23301,0,53,1343,497,991,1039,0,-351,562,1394,999,1424,-513
2026-06-16,20,24692,A,26011,22023,516,6417,6295,23301,0,71,1240,497,991,1042,0,-377,573,1394,998,1424,-513
2026-06-16,21,24125,A,25484,21496,524,6417,7855,23301,0,69,1360,497,991,1036,0,-415,431,1394,998,1424,-513
2026-06-16,22,23736,A,25045,21094,535,6417,8852,23301,0,70,1249,497,991,1035,0,-366,432,1394,999,1424,-513
2026-06-16,23,23158,A,24147,20540,574,6417,8975,23301,0,452,1234,497,991,1047,0,-496,984,1394,999,1424,-445
2026-06-16,24,22969,A,23681,20386,617,6417,9001,23301,0,607,1206,497,991,1047,0,-459,1010,1394,999,1424,-360
2026-06-16,25,22301,A,22723,19671,614,6417,9829,23301,0,817,1382,497,991,1051,0,-446,1015,1394,998,1424,-293
2026-06-16,26,21772,A,22097,19200,646,6417,10076,23301,0,832,1320,497,991,1052,0,-328,1016,1394,998,1424,-329
2026-06-16,27,21824,A,22312,19241,648,6417,10482,23301,0,750,1523,497,991,1051,0,-344,1016,1394,999,1424,-394
2026-06-16,28,21443,A,21823,18899,704,6417,10494,23301,0,885,1499,497,991,1052,0,-258,1016,1394,999,1424,-507
2026-06-16,29,22016,A,22605,19512,805,6417,9271,23301,0,733,1758,497,991,1052,0,-309,996,1394,998,1424,-513
2026-06-16,30,22146,A,22646,19658,892,6417,8509,23301,0,810,1691,518,991,1051,0,-297,996,1394,999,1423,-513
2026-06-16,31,23147,A,23410,20682,878,6417,7483,23301,0,976,1713,1433,991,1050,0,-226,948,1394,996,1422,-513
2026-06-16,32,24498,A,25020,22063,981,6417,6757,23301,0,710,1730,1501,991,1040,0,-240,941,1394,996,1387,-492
2026-06-16,33,25017,A,26016,22533,1066,6417,5974,23301,0,205,1895,1502,991,360,0,-342,424,1395,996,411,-362
2026-06-16,34,26099,A,27212,23472,1136,6417,4712,23301,0,169,1995,1502,991,316,0,-472,400,1394,996,308,-310
2026-06-16,35,27201,A,29056,24525,1164,6417,3996,23301,0,161,2083,1501,991,202,0,-490,251,1394,996,-600,-426
2026-06-16,36,28239,A,30180,25463,1264,6417,3045,23301,0,165,2084,1501,990,196,0,-530,235,1380,996,-664,-412
2026-06-16,37,28205,A,30937,25462,1172,6417,2657,23301,0,159,2166,1501,954,-268,0,-531,-422,1193,995,-747,-423
2026-06-16,38,28151,A,30939,25510,1219,6417,1942,23301,0,158,2363,1501,952,-298,0,-531,-457,1141,995,-755,-405
2026-06-16,39,27904,A,31089,25254,1189,6417,1296,23301,0,268,2530,1500,970,-735,0,-519,-406,768,995,-822,-471
2026-06-16,40,27773,A,30890,25127,1242,6417,797,23301,0,309,2623,1500,971,-755,0,-472,-411,740,995,-827,-461
2026-06-16,41,27771,A,31438,25165,1290,6417,364,23301,0,308,2658,1502,972,-753,0,-449,-993,970,995,-827,-453
2026-06-16,42,27506,A,31195,24972,1315,6417,96,23301,0,309,2536,1499,962,-753,0,-440,-1017,1024,987,-829,-459
2026-06-16,43,27348,A,30465,24878,1315,6417,7,23301,0,311,2441,1256,608,-623,0,-445,-529,1353,700,-933,-398
2026-06-16,44,27291,A,30314,24864,1408,6417,0,23301,0,311,2314,1232,576,-618,0,-446,-507,1385,680,-932,-331
2026-06-16,45,26080,A,29200,23874,1444,6417,0,23301,0,315,2243,636,282,-729,0,-522,-655,1262,581,-609,-420
2026-06-16,46,24801,A,27847,22642,1476,6417,0,23301,0,318,2228,599,264,-735,0,-413,-660,1217,573,-589,-467
2026-06-16,47,23526,A,26915,21469,1506,6417,0,23301,0,316,2407,850,378,-992,0,-275,-811,845,493,-702,-425
2026-06-16,48,22747,A,26032,20689,1527,6417,0,23301,0,315,2572,864,387,-1003,0,-176,-816,808,491,-719,-386
2026-06-17,1,22054,A,25796,20070,1471,6417,0,23301,0,317,2490,656,444,-1050,0,-290,-685,935,603,-1031,-503
2026-06-17,2,21742,A,25452,19835,1548,6417,0,23301,0,311,2164,659,454,-1053,0,-219,-681,928,614,-1055,-513
2026-06-17,3,21452,A,25017,19560,1482,6417,0,23301,0,315,1900,1342,649,-1005,0,-171,-546,629,734,-1145,-513
2026-06-17,4,20692,A,24241,18833,1536,6417,0,23301,0,221,2005,1392,669,-1002,0,-61,-541,573,746,-1153,-513
2026-06-17,5,20456,A,24306,18627,1482,6417,0,23301,0,41,2014,1473,902,-1057,0,-128,-461,345,903,-1232,-513
2026-06-17,6,19905,A,23689,18091,1468,6417,0,23301,0,12,1933,1478,917,-1059,0,-25,-459,313,911,-1240,-513
2026-06-17,7,19752,A,23816,17869,1400,6417,0,23301,0,11,1987,1464,854,-1059,0,0,-671,267,846,-1332,-513
2026-06-17,8,19704,A,23713,17851,1457,6417,0,23301,0,11,1915,1462,843,-1059,0,0,-679,261,843,-1340,-442
2026-06-17,9,19597,A,23779,17759,1456,6417,0,23301,0,5,1730,1438,621,-1060,0,0,-930,261,881,-1386,-311
2026-06-17,10,19480,A,23656,17615,1516,6417,0,23301,0,8,1803,1433,598,-1057,0,0,-940,247,865,-1390,-297
2026-06-17,11,19242,A,23348,17324,1455,6417,8,23301,0,12,1845,1083,323,-1059,0,0,-1018,71,243,-1390,-151
2026-06-17,12,19715,A,23802,17736,1484,6417,101,23301,0,11,1863,1055,311,-1059,0,0,-1021,78,215,-1379,-139
2026-06-17,13,21614,A,25260,19541,1427,6417,331,23301,0,12,1844,1324,554,-1041,0,-38,-824,450,614,-964,-291
2026-06-17,14,22856,A,26548,20617,1460,6417,570,23301,0,8,2118,1342,581,-904,0,-184,-813,526,648,-879,-420
2026-06-17,15,25739,A,27388,23415,1404,6417,971,23301,0,9,1960,1416,943,-2,0,-335,-309,899,926,311,-512
2026-06-17,16,26167,A,27808,23770,1492,6417,1640,23301,0,10,1927,1422,968,0,0,-352,-286,975,946,450,-513
2026-06-17,17,27220,A,28726,24850,1456,6417,2198,23301,0,8,1612,1498,990,496,0,-331,-170,1347,994,1358,-513
2026-06-17,18,26729,A,28083,24381,1508,6417,3156,23301,0,7,1600,1504,991,575,0,-192,-159,1394,998,1430,-510
2026-06-17,19,26381,A,27488,24073,1616,6417,4265,23301,0,9,1617,1503,991,1002,0,-104,417,1394,998,1430,-512
2026-06-17,20,25477,A,26395,23189,1773,6417,5333,23301,0,9,1803,1503,991,1023,0,-12,451,1394,997,1430,-415
2026-06-17,21,25141,A,25895,22847,1925,6417,5649,23301,0,9,1851,1502,991,1048,0,0,991,1394,997,1430,-263
2026-06-17,22,24669,A,25281,22401,2026,6417,6750,23301,0,31,1905,1502,991,1049,0,0,1016,1395,997,1430,-143
2026-06-17,23,24284,A,24957,22013,1966,6417,7622,23301,0,75,2022,1501,991,1030,0,0,1016,1394,997,1430,-248
2026-06-17,24,23801,A,23998,21519,2024,6417,8262,23301,0,536,2135,1501,991,1030,0,0,1016,1394,997,1430,-233
2026-06-17,25,23798,A,23956,21515,1953,6417,7737,23301,0,629,2315,1501,991,1027,0,0,1016,1394,997,1430,-287
2026-06-17,26,23558,A,23484,21255,1993,6417,8330,23301,0,822,2288,1502,991,1028,0,0,1016,1394,997,1430,-248
2026-06-17,27,23355,A,23385,21155,1903,6417,8059,23301,0,839,2452,1501,991,1046,0,0,1015,1394,997,1430,-369
2026-06-17,28,23257,A,23232,21045,1941,6417,8118,23301,0,885,2484,1502,991,1046,0,0,1015,1394,997,1430,-360
2026-06-17,29,23224,A,23298,21093,1953,6417,8190,23301,0,890,2520,1502,991,1037,0,-13,996,1394,997,1430,-451
2026-06-17,30,23263,A,23459,21145,2029,6417,7545,23301,0,801,2445,1502,991,1037,0,-110,995,1375,997,1430,-387
2026-06-17,31,23383,A,23681,21265,1963,6417,6827,23301,0,457,2375,1502,991,1050,0,-20,985,1134,996,1430,-235
2026-06-17,32,24233,A,24524,22047,2024,6417,6551,23301,0,296,2625,1502,991,1050,0,0,983,1075,996,1395,-87
2026-06-17,33,24067,A,24503,21839,1929,6417,5693,23301,0,66,2768,1502,991,688,0,29,577,702,996,459,-2
2026-06-17,34,25457,A,25951,23143,1899,6417,5258,23301,0,6,2911,1501,992,671,0,9,556,647,996,347,50
2026-06-17,35,26152,A,27323,23813,1873,6417,4640,23301,0,9,2774,1501,992,543,0,45,57,544,995,-680,44
2026-06-17,36,27084,A,28399,24747,1896,6417,3452,23301,0,9,2583,1498,985,537,0,8,34,521,988,-766,-58
2026-06-17,37,26984,A,28514,24611,1745,6417,2666,23301,0,9,2811,1351,745,262,0,0,53,387,741,-946,-93
2026-06-17,38,27155,A,28836,24810,1648,6417,2189,23301,0,9,2536,1343,735,246,0,0,53,396,733,-960,-230
2026-06-17,39,27649,A,30123,25317,1460,6417,1695,23301,0,5,2403,1492,975,-504,0,-13,-267,721,980,-1007,-188
2026-06-17,40,27774,A,30468,25412,1338,6417,1164,23301,0,1,2494,1501,990,-584,0,-112,-279,745,992,-1006,-214
2026-06-17,41,27410,A,29831,25078,1240,6417,664,23301,0,2,2373,1501,942,-541,0,-22,-312,528,903,-880,-168
2026-06-17,42,27239,A,29804,24957,1237,6417,198,23301,0,0,2366,1497,934,-513,0,-77,-309,517,894,-858,-308
2026-06-17,43,26850,A,28345,24586,1184,6417,18,23301,0,3,2168,1325,778,-2,0,-139,192,722,759,-400,-457
2026-06-17,44,26280,A,27926,24075,1270,6417,0,23301,0,5,2308,1313,764,0,0,-283,215,776,749,-355,-513
2026-06-17,45,26076,A,27512,23786,1238,6417,0,23301,0,9,2287,1182,642,0,0,-432,196,1150,696,132,-513
2026-06-17,46,24987,A,26392,22784,1271,6417,0,23301,0,13,2061,1178,636,0,0,-405,186,1167,693,131,-513
2026-06-17,47,24111,A,27349,21962,1253,6417,0,23301,0,6,2149,1349,699,-579,0,-419,-467,795,675,-766,-513
2026-06-17,48,23346,A,26728,21226,1230,6417,0,23301,0,10,2322,1361,698,-682,0,-359,-501,728,669,-837,-513
2026-06-18,1,22741,A,25987,20700,1172,6417,0,23301,0,10,2106,1242,503,-510,0,-337,-572,473,517,-824,-513
2026-06-18,2,22330,A,25413,20388,1205,6417,0,23301,0,13,1971,1238,491,-503,0,-187,-574,423,511,-819,-513
2026-06-18,3,22594,A,25000,20616,1165,6417,0,23301,0,14,1964,1378,521,-348,0,-84,-316,172,610,-659,-513
2026-06-18,4,22190,A,24582,20212,1157,6417,0,23301,0,15,2009,1387,533,-342,0,-96,-306,140,622,-650,-513
2026-06-18,5,21928,A,24539,19955,1121,6417,0,23301,0,49,2064,1496,898,-285,0,-230,-335,124,786,-773,-537
2026-06-18,6,21144,A,23422,19218,1142,6417,0,23301,0,295,2126,1501,924,-283,0,-150,-336,113,802,-791,-513
2026-06-18,7,20559,A,23824,18573,1149,6417,0,23301,0,40,2344,1501,987,-535,0,-93,-544,10,979,-1120,-513
2026-06-18,8,19988,A,23298,18138,1164,6417,0,23301,0,16,2117,1499,991,-546,0,-54,-552,-4,984,-1143,-527
2026-06-18,9,19498,A,23259,17750,1137,6417,0,23301,0,12,1924,1414,969,-805,0,0,-859,-4,744,-1140,-465
2026-06-18,10,19048,A,22677,17312,1124,6417,1,23301,0,15,1804,1407,962,-816,0,0,-871,-1,728,-1140,-316
2026-06-18,11,19126,A,22932,17313,1028,6417,128,23301,0,17,2132,1336,751,-1005,0,0,-875,43,686,-1279,-164
2026-06-18,12,19487,A,23115,17663,951,6417,482,23301,0,75,2250,1334,740,-1018,0,0,-875,78,688,-1275,-35
2026-06-18,13,20625,A,22964,18750,851,6417,836,23301,0,210,1890,1491,855,-647,0,35,-629,450,854,-773,27
2026-06-18,14,21748,A,24072,19657,809,6417,1405,23301,0,77,2055,1502,867,-590,0,9,-582,526,868,-661,-68
2026-06-18,15,24365,A,25071,22102,768,6417,2020,23301,0,78,1615,1501,983,555,0,-65,449,899,988,674,-219
2026-06-18,16,25033,A,26048,22743,800,6417,2698,23301,0,71,1800,1501,991,655,0,-215,526,975,996,823,-371
2026-06-18,17,25816,A,27140,23470,872,6417,3173,23301,0,42,2130,1501,991,1030,0,-367,868,1347,997,1387,-499
2026-06-18,18,25875,A,27287,23558,1012,6417,3662,23301,0,11,2503,1501,991,1047,0,-410,881,1394,997,1426,-513
2026-06-18,19,26044,A,27530,23687,1082,6417,4510,23301,0,9,2736,1501,991,1053,0,-481,964,1394,997,1426,-514
2026-06-18,20,25252,A,26722,23016,1216,6417,5577,23301,0,10,2553,1501,991,1052,0,-467,966,1394,997,1426,-513
2026-06-18,21,24548,A,26081,22425,1317,6417,6224,23301,0,10,2772,1501,991,1045,0,-530,1014,1393,997,1426,-513
2026-06-18,22,23299,A,24832,21220,1525,6417,7011,23301,0,10,2881,1501,991,1045,0,-530,1016,1394,997,1426,-513
2026-06-18,23,22654,A,24101,20542,1632,6417,8055,23301,0,9,2989,1501,991,1050,0,-474,1016,1394,996,1426,-482
2026-06-18,24,22184,A,23560,20078,1755,6417,9504,23301,0,77,3122,1500,991,1052,0,-471,1016,1395,996,1426,-482
2026-06-18,25,21902,A,22767,19784,1875,6417,9923,23301,0,628,3191,1500,991,1051,0,-530,1015,1394,996,1426,-463
2026-06-18,26,21680,A,22149,19592,2038,6417,10312,23301,0,1004,2989,1500,991,1051,0,-530,1015,1395,996,1426,-443
2026-06-18,27,21896,A,22348,19791,1968,6417,10034,23301,0,1051,3173,1501,991,1051,0,-490,1015,1396,996,1426,-513
2026-06-18,28,22264,A,22647,20176,2107,6417,9310,23301,0,1144,3099,1501,991,1051,0,-530,1015,1393,996,1426,-497
2026-06-18,29,22685,A,23249,20555,2048,6417,8552,23301,0,980,2764,1501,991,1050,0,-531,996,1350,995,1426,-513
2026-06-18,30,23141,A,23521,20864,2125,6417,8290,23301,0,1141,2887,1501,991,1050,0,-531,995,1315,995,1426,-490
2026-06-18,31,23497,A,23746,21181,1901,6417,7586,23301,0,1155,3214,1501,991,1027,0,-530,995,941,996,1426,-374
2026-06-18,32,24063,A,24352,21686,1904,6417,7002,23301,0,1147,3317,1501,991,1022,0,-530,995,865,996,1406,-406
2026-06-18,33,23748,A,24741,21415,1890,6417,6472,23301,0,393,3192,512,991,484,0,-469,714,492,997,667,-417
2026-06-18,34,24753,A,25943,22369,1902,6417,6453,23301,0,318,2739,527,989,437,0,-500,672,416,996,580,-508
2026-06-18,35,25179,A,27200,22655,1770,6417,5298,23301,0,184,2965,1451,926,-200,0,-382,-307,43,954,-399,-417
2026-06-18,36,26050,A,28316,23564,1751,6417,4708,23301,0,82,2726,1502,924,-223,0,-399,-377,-4,952,-495,-350
2026-06-18,37,26493,A,29987,24028,1603,6417,4211,23301,0,151,2601,1501,987,-760,0,-271,-702,-4,993,-1180,-228
2026-06-18,38,26787,A,30428,24338,1566,6417,3319,23301,0,13,2582,1501,991,-736,0,-207,-716,-15,995,-1226,-254
2026-06-18,39,27592,A,30431,25206,1471,6417,2455,23301,0,7,2493,1501,991,-107,0,-61,-713,-155,995,-1146,-164
2026-06-18,40,27694,A,30519,25353,1440,6417,1559,23301,0,6,2542,1501,992,-104,0,0,-713,-162,996,-1140,-212
2026-06-18,41,28517,A,31115,26158,1311,6417,728,23301,0,6,2819,1501,991,-2,0,-65,-712,-22,995,-1140,-163
2026-06-18,42,28035,A,30626,25716,1379,6417,208,23301,0,6,2660,1501,992,0,0,-101,-712,-4,992,-1140,-140
2026-06-18,43,27817,A,30488,25473,1355,6417,14,23301,0,6,2763,1502,992,0,0,-225,-713,-4,884,-1140,-95
2026-06-18,44,26581,A,29252,24356,1453,6417,0,23301,0,8,2581,1497,992,0,0,-182,-712,24,880,-1148,-137
2026-06-18,45,26022,A,29925,23927,1500,6417,0,23301,0,3,2764,1111,988,-830,0,-273,-793,382,989,-1430,-80
2026-06-18,46,25267,A,29344,23214,1535,6417,0,23301,0,8,2954,1096,979,-1055,0,-176,-796,435,991,-1450,-108
2026-06-18,47,23697,A,27926,21722,1579,6417,0,23301,0,14,3148,1448,684,-1072,0,-42,-1013,532,805,-1450,-166
2026-06-18,48,23185,A,27324,21200,1677,6417,0,23301,0,16,3660,1473,665,-1073,0,0,-1021,549,795,-1450,-111
2026-06-19,1,22967,A,27167,21151,1660,6417,0,23301,0,49,3550,1420,707,-1069,0,0,-1021,622,866,-1450,-209
2026-06-19,2,22345,A,26439,20690,1765,6417,0,23301,0,140,3554,1418,717,-1069,0,0,-1022,627,873,-1449,-194
2026-06-19,3,21854,A,25911,20312,1785,6417,0,23301,0,173,3435,1496,974,-1054,0,0,-973,573,989,-1423,-280
2026-06-19,4,21432,A,25444,19897,1923,6417,0,23301,0,174,3678,1501,992,-1054,0,0,-971,554,996,-1420,-241
2026-06-19,5,20560,A,24315,19075,1970,6417,0,23301,0,376,3800,1501,992,-1056,0,0,-822,397,996,-1420,-333
2026-06-19,6,20302,A,24134,18932,2108,6417,0,23301,0,325,3795,1501,992,-1056,0,0,-817,357,996,-1420,-364
2026-06-19,7,19703,A,23554,18418,2082,6417,0,23301,0,321,3723,1501,992,-1056,0,0,-883,97,995,-1441,-292
2026-06-19,8,19016,A,22838,17808,2160,6417,0,23301,0,383,3727,1501,991,-1056,0,0,-885,37,995,-1447,-317
2026-06-19,9,18631,A,22804,17441,2230,6417,0,23301,0,380,3842,1501,991,-1038,0,0,-1017,-314,995,-1448,-236
2026-06-19,10,18442,A,22711,17300,2360,6417,0,23301,0,378,4023,1501,991,-1036,0,0,-1022,-350,995,-1448,-291
2026-06-19,11,18413,A,22619,17371,2343,6417,84,23301,0,401,3912,1500,991,-1058,0,-4,-1021,-247,994,-1448,-329
2026-06-19,12,18476,A,22807,17474,2461,6417,429,23301,0,445,3888,1498,979,-1055,0,-109,-1021,-204,988,-1436,-451
2026-06-19,13,19766,A,22975,18670,2381,6417,1004,23301,0,516,3839,1352,537,-603,0,-260,-997,171,751,-976,-389
2026-06-19,14,20589,A,24077,19437,2459,6417,1825,23301,0,383,3972,1344,519,-582,0,-411,-981,247,741,-909,-488
2026-06-19,15,22436,A,24216,21203,2391,6417,2773,23301,0,324,3768,1491,958,-358,0,-524,-209,621,900,42,-513
2026-06-19,16,22593,A,24321,21356,2484,6417,4043,23301,0,320,3920,1501,988,-340,0,-531,-164,697,912,167,-513
2026-06-19,17,22830,A,24295,21812,2412,6417,5258,23301,0,322,3808,1501,991,95,0,-530,-232,1069,990,1230,-525
2026-06-19,18,21871,A,23325,20818,2520,6417,6380,23301,0,321,3682,1502,991,124,0,-530,-231,1134,996,1327,-514
2026-06-19,19,21767,A,22397,20677,2417,6417,7610,23301,0,913,3403,1501,991,982,0,-530,233,1367,996,1419,-513
2026-06-19,20,21392,A,22021,20242,2456,6417,9042,23301,0,916,3382,1501,991,1041,0,-531,267,1396,996,1426,-514
2026-06-19,21,20916,A,21716,19689,2318,6417,10077,23301,0,744,2942,1501,991,1039,0,-531,976,1396,996,1426,-513
2026-06-19,22,20308,A,21061,18719,2351,6417,10815,23301,0,791,2625,1501,991,1038,0,-531,1016,1396,996,1426,-513
2026-06-19,23,20084,A,20620,18229,2275,6417,11655,23301,0,1007,2906,1500,991,1055,0,-530,1015,1396,996,1426,-513
2026-06-19,24,19752,A,20386,17830,2408,6417,12656,23301,0,910,2745,1500,991,1055,0,-531,1016,1396,996,1426,-513
2026-06-19,25,19932,A,20748,17900,2330,6417,12812,23301,0,727,2554,1500,991,1048,0,-530,1015,1396,996,1426,-513
2026-06-19,26,19492,A,20059,17421,2447,6417,13365,23301,0,976,2232,1500,988,1041,0,-530,1015,1396,996,1419,-513
2026-06-19,27,19523,A,20425,17486,2417,6417,12998,23301,0,642,1850,1500,900,1046,0,-531,1015,1396,995,1159,-513
2026-06-19,28,19525,A,20269,17503,2541,6417,12167,23301,0,799,2084,1500,894,1047,0,-530,1015,1396,994,1141,-513
2026-06-19,29,19566,A,20365,17580,2397,6417,11576,23301,0,745,2393,1500,898,1047,0,-531,854,1396,945,1141,-513
2026-06-19,30,19697,A,20682,17715,2471,6417,10709,23301,0,559,2347,1501,900,1046,0,-531,839,1396,943,1148,-513
2026-06-19,31,20367,A,21353,18457,2418,6417,9914,23301,0,558,2572,1501,985,1017,0,-531,198,1396,993,1407,-513
2026-06-19,32,21107,A,22133,19228,2410,6417,8947,23301,0,517,2440,1501,991,1011,0,-530,165,1388,995,1410,-513
2026-06-19,33,22339,A,23679,20484,2376,6417,7638,23301,0,204,2537,1500,991,524,0,-531,191,1289,995,853,-513
2026-06-19,34,23845,A,25112,21840,2379,6417,6592,23301,0,277,2600,1501,991,476,0,-531,167,1271,996,693,-513
2026-06-19,35,24281,A,28045,22163,2263,6417,5571,23301,0,118,2685,1502,991,-713,0,-530,-752,1199,995,-874,-513
2026-06-19,36,25377,A,29683,23253,2192,6417,4323,23301,0,6,2534,1502,991,-876,0,-531,-813,1203,995,-1079,-513
2026-06-19,37,26146,A,31178,24081,2094,6417,3280,23301,0,6,2577,1501,991,-1060,0,-529,-1013,1375,995,-1423,-513
2026-06-19,38,26601,A,31580,24619,2004,6417,2450,23301,0,9,2382,1502,991,-1067,0,-440,-1021,1396,995,-1447,-513
2026-06-19,39,27182,A,32023,25217,1770,6417,1730,23301,0,3,2301,1502,992,-1063,0,-298,-1022,1396,995,-1448,-513
2026-06-19,40,26968,A,31875,24995,1636,6417,1078,23301,0,3,2499,1501,991,-1063,0,-359,-1021,1396,995,-1447,-520
2026-06-19,41,26241,A,31242,24310,1465,6417,588,23301,0,5,2566,1417,990,-1062,-1,-461,-1022,1396,995,-1447,-513
2026-06-19,42,26281,A,31261,24319,1393,6417,180,23301,0,10,2448,1413,991,-1060,0,-481,-1022,1396,995,-1414,-513
2026-06-19,43,27350,A,31124,25295,1298,6417,18,23301,0,6,2220,1496,991,-728,-68,-519,-961,1396,995,-491,-513
2026-06-19,44,26528,A,30207,24530,1268,6417,0,23301,0,6,1966,1502,986,-712,-220,-400,-941,1396,994,-399,-513
2026-06-19,45,26268,A,28450,24306,1090,6417,0,23301,0,7,1498,1473,812,-319,-371,-338,-148,1396,956,287,-513
2026-06-19,46,25245,A,27360,23148,1099,6417,0,23301,0,6,1319,1472,805,-295,-451,-261,-101,1397,954,323,-513
2026-06-19,47,24724,A,26577,22698,1140,6417,0,23301,0,4,1451,1494,979,95,-451,-288,165,1396,985,-105,-513
2026-06-19,48,23488,A,25525,21548,1162,6417,0,23301,0,4,1272,1495,991,102,-451,-439,176,1374,988,-138,-513
2026-06-20,1,22895,A,25150,20972,1138,6417,0,23301,0,4,1289,1501,988,2,-451,-530,116,1096,987,-265,-513
2026-06-20,2,22334,A,24556,20496,1136,6417,0,23301,0,4,1364,1501,988,0,-451,-492,114,1056,987,-270,-513
2026-06-20,3,21935,A,24005,20181,1059,6417,0,23301,0,4,1196,1501,991,96,-451,-487,344,986,995,-123,-513
2026-06-20,4,21595,A,23504,19931,997,6417,0,23301,0,8,1117,1501,992,102,-451,-341,353,963,996,-112,-513
2026-06-20,5,21115,A,22947,19554,900,6417,0,23301,0,8,1089,1500,991,328,-389,-338,457,778,996,-99,-514
2026-06-20,6,20484,A,22269,18935,873,6417,0,23301,0,6,1287,1501,991,351,-351,-341,461,726,996,-85,-514
2026-06-20,7,20067,A,21678,18596,824,6417,0,23301,0,6,1173,1500,991,774,-351,-253,555,354,996,409,-513
2026-06-20,8,19705,A,21251,18144,801,6417,0,23301,0,6,1474,1500,991,791,-351,-188,549,315,996,426,-513
2026-06-20,9,19165,A,21002,17620,778,6417,0,23301,0,6,1702,1500,991,352,-351,-165,-82,404,996,-232,-513
2026-06-20,10,19011,A,20863,17476,798,6417,0,23301,0,6,1570,1501,991,323,-351,-116,-114,441,994,-264,-513
2026-06-20,11,18740,A,20802,17282,722,6417,60,23301,0,6,1518,1501,991,-346,-351,-125,-232,764,948,178,-514
2026-06-20,12,18675,A,20741,17168,711,6417,387,23301,0,9,1650,1501,991,-374,-351,-101,-236,833,946,231,-513
2026-06-20,13,19182,A,21149,17696,679,6417,886,23301,0,11,1629,1501,991,94,-351,-188,-426,1206,992,1073,-513
2026-06-20,14,19313,A,21293,17836,690,6417,1435,23301,0,10,1688,1501,991,106,-351,-194,-432,1261,996,1132,-513
2026-06-20,15,19947,A,21670,18400,651,6417,2084,23301,0,12,1723,1501,991,840,-351,-172,-199,1381,996,1211,-513
2026-06-20,16,20142,A,21769,18666,657,6417,3088,23301,0,11,1803,1502,990,917,-380,-84,-150,1396,996,1222,-524
2026-06-20,17,20871,A,22464,19482,631,6417,4068,23301,0,16,1550,1501,991,1053,-451,-145,916,1396,996,1410,-513
2026-06-20,18,20988,A,22457,19534,680,6417,4932,23301,0,15,1565,1501,990,1054,-441,-30,996,1396,996,1422,-513
2026-06-20,19,20834,A,22174,19348,673,6417,5586,23301,0,15,1827,1501,990,1036,-342,0,1015,1396,996,1422,-513
2026-06-20,20,20578,A,21850,19082,719,6417,6377,23301,0,15,1946,1501,991,1037,-273,0,1016,1396,996,1422,-514
2026-06-20,21,20350,A,21751,18873,752,6417,7723,23301,0,15,1914,1500,990,1046,-402,0,1016,1396,996,1422,-514
2026-06-20,22,20064,A,21358,18522,820,6417,8234,23301,0,69,2043,1501,990,1046,-349,0,1016,1396,997,1422,-514
2026-06-20,23,19613,A,20376,18156,808,6417,9254,23301,0,446,1901,1501,991,1052,-264,0,1016,1396,996,1422,-445
2026-06-20,24,19451,A,19585,18063,899,6417,9906,23301,0,986,1896,1501,991,1052,-326,0,1016,1396,996,1422,-294
2026-06-20,25,19279,A,19432,17844,846,6417,9920,23301,0,1054,1842,1501,991,1051,-423,0,1015,1396,996,1422,-284
2026-06-20,26,18911,A,19008,17457,900,6417,9856,23301,0,1124,1995,1501,991,1051,-421,0,1016,1396,997,1422,-300
2026-06-20,27,18872,A,19158,17446,862,6417,10019,23301,0,927,1972,1501,991,1027,-338,0,1016,1396,997,1422,-375
2026-06-20,28,18409,A,18673,17058,892,6417,10037,23301,0,1008,1882,1501,991,1025,-354,0,1015,1396,996,1422,-418
2026-06-20,29,18271,A,18375,16964,817,6417,9571,23301,0,1189,1961,1501,991,1026,-447,0,996,1396,996,1422,-346
2026-06-20,30,18314,A,18454,17014,872,6417,8332,23301,0,1160,2099,1500,991,1025,-451,0,995,1396,996,1422,-349
2026-06-20,31,18907,A,19568,17700,757,6417,7995,23301,0,622,2163,1501,991,1048,-396,0,996,1397,996,1422,-387
2026-06-20,32,19397,A,19984,18152,763,6417,7573,23301,0,642,2000,1500,991,1048,-389,0,995,1396,995,1422,-340
2026-06-20,33,20214,A,20582,18868,693,6417,7272,23301,0,644,2095,1500,991,1029,-251,0,995,1396,996,1422,-261
2026-06-20,34,21263,A,21899,19794,705,6417,6462,23301,0,483,1948,1500,991,1025,-224,0,992,1390,996,1402,-395
2026-06-20,35,22544,A,23604,20964,673,6417,5356,23301,0,335,1874,1500,991,597,-373,-15,522,1306,996,649,-507
2026-06-20,36,23734,A,25151,22035,701,6417,4477,23301,0,188,1782,1501,991,541,-451,-141,500,1302,996,519,-513
2026-06-20,37,23932,A,26452,22206,645,6417,3916,23301,0,164,1810,1500,991,-213,-403,-200,205,1386,995,-855,-513
2026-06-20,38,24624,A,27520,22855,616,6417,2942,23301,0,160,1598,1500,991,-266,-448,-334,174,1396,995,-995,-513
2026-06-20,39,24698,A,28812,22888,548,6417,2163,23301,0,159,1688,1501,991,-756,-451,-294,-655,1396,995,-1123,-494
2026-06-20,40,25160,A,29412,23418,530,6417,1337,23301,0,156,1541,1501,991,-757,-451,-349,-706,1396,995,-1132,-513
2026-06-20,41,25444,A,29576,23656,518,6417,703,23301,0,156,1530,1501,991,-757,-444,-232,-711,1396,995,-1131,-513
2026-06-20,42,25119,A,29316,23372,527,6417,268,23301,0,158,1491,1501,992,-757,-450,-292,-711,1396,995,-1132,-513
2026-06-20,43,24933,A,28861,23193,539,6417,44,23301,0,158,1426,1501,992,-575,-451,-414,-500,1396,995,-1132,-514
2026-06-20,44,25099,A,29034,23301,530,6417,0,23301,0,159,1550,1501,991,-567,-451,-459,-489,1396,995,-1114,-514
2026-06-20,45,25181,A,27719,23331,485,6417,0,23301,0,163,1251,1501,991,-247,-451,-530,-20,1396,995,-440,-513
2026-06-20,46,24658,A,27119,22938,487,6417,0,23301,0,160,1300,1501,991,-231,-451,-530,0,1396,995,-396,-513
2026-06-20,47,23519,A,25911,21889,448,6417,0,23301,0,90,1284,1501,991,-2,-451,-531,-11,1396,996,-473,-514
2026-06-20,48,22318,A,24792,20724,436,6417,0,23301,0,13,1341,1501,991,0,-451,-531,-12,1396,996,-479,-514
2026-06-21,1,22061,A,24616,20475,434,6417,0,23301,0,11,1416,1501,991,0,-451,-530,-45,1396,996,-526,-514
2026-06-21,2,21623,A,24176,20112,437,6417,0,23301,0,11,1344,1501,991,0,-451,-531,-46,1396,996,-522,-514
2026-06-21,3,21489,A,23907,19966,458,6417,0,23301,0,11,1461,1501,991,-162,-422,-531,-48,1396,996,-252,-514
2026-06-21,4,21186,A,23538,19708,460,6417,0,23301,0,9,1481,1501,992,-173,-351,-531,-48,1390,996,-244,-514
2026-06-21,5,20629,A,23488,19176,445,6417,0,23301,0,8,1451,1501,991,-275,-350,-530,-32,1310,996,-666,-514
2026-06-21,6,20109,A,22999,18697,434,6417,0,23301,0,8,1302,1501,991,-279,-351,-531,-31,1295,996,-692,-514
2026-06-21,7,19654,A,22464,18229,424,6417,0,23301,0,8,1503,1501,991,-279,-351,-530,-46,1237,997,-598,-514
2026-06-21,8,19221,A,21940,17761,435,6417,0,23301,0,11,1666,1501,991,-279,-351,-458,-46,1224,996,-582,-514
2026-06-21,9,18861,A,21490,17416,412,6417,0,23301,0,10,1656,1501,991,-408,-351,-478,-153,1153,996,-236,-513
2026-06-21,10,18500,A,21018,17095,413,6417,1,23301,0,10,1578,1501,991,-413,-350,-383,-158,1161,996,-210,-514
2026-06-21,11,18077,A,20753,16713,389,6417,122,23301,0,10,1620,1501,991,-446,-351,-335,-429,1370,996,-111,-514
2026-06-21,12,17739,A,20270,16435,375,6417,636,23301,0,10,1561,1501,991,-429,-350,-260,-440,1396,996,-49,-513
2026-06-21,13,17676,A,19998,16420,347,6417,1360,23301,0,12,1288,1502,991,-2,-351,-228,-739,1396,997,1112,-514
2026-06-21,14,17500,A,19745,16218,309,6417,2125,23301,0,11,1232,1502,991,0,-350,-147,-745,1396,997,1221,-514
2026-06-21,15,18021,A,19668,16699,279,6417,3157,23301,0,11,1166,1502,991,816,-366,-60,-219,1396,997,1411,-513
2026-06-21,16,17455,A,18995,16148,260,6417,4208,23301,0,74,869,1502,991,1035,-447,0,-154,1396,998,1424,-513
2026-06-21,17,18075,A,19455,16624,254,6417,5503,23301,0,76,797,1501,990,1056,-443,0,915,1396,996,1424,-513
2026-06-21,18,18019,A,19390,16539,264,6417,6659,23301,0,80,745,1501,991,1056,-438,0,996,1396,996,1424,-513
2026-06-21,19,17919,A,18934,16378,279,6417,7870,23301,0,332,827,1500,990,1052,-333,0,1008,1396,997,1423,-514
2026-06-21,20,17723,A,18641,16127,293,6417,8817,23301,0,356,806,1501,990,1051,-260,0,1008,1396,997,1423,-514
2026-06-21,21,17647,A,18206,16029,289,6417,10189,23301,0,624,916,1501,990,1050,-169,0,1008,1396,997,1423,-514
2026-06-21,22,17537,A,18180,15944,315,6417,10535,23301,0,641,871,1500,991,1050,-271,0,1008,1396,996,1423,-513
2026-06-21,23,17530,A,18022,15957,325,6417,10800,23301,0,643,853,1500,991,1051,-190,0,1008,1396,996,1423,-445
2026-06-21,24,17357,A,17831,15791,353,6417,11552,23301,0,640,849,1500,991,1052,-197,0,1008,1396,996,1423,-417
2026-06-21,25,17446,A,17859,15878,362,6417,11651,23301,0,637,921,1500,991,1052,-119,0,1008,1396,996,1423,-431
2026-06-21,26,17500,A,17814,15891,391,6417,11525,23301,0,667,1055,1500,991,1051,-55,0,1007,1396,996,1423,-426
2026-06-21,27,17545,A,17753,15947,405,6417,11551,23301,0,804,1202,1500,991,1051,-60,0,1007,1396,996,1423,-452
2026-06-21,28,17064,A,17159,15494,427,6417,11936,23301,0,897,1153,1500,991,1051,-31,0,1007,1396,996,1423,-461
2026-06-21,29,16920,A,17057,15399,454,6417,11602,23301,0,841,1171,1500,991,1051,0,0,996,1396,996,1423,-478
2026-06-21,30,16915,A,17021,15394,509,6417,11282,23301,0,884,1089,1500,991,1051,0,0,995,1396,996,1423,-490
2026-06-21,31,17360,A,17484,15969,544,6417,10745,23301,0,775,613,1500,991,1048,0,0,995,1396,996,1423,-399
2026-06-21,32,18109,A,18362,16709,566,6417,9497,23301,0,544,345,1500,991,1041,0,0,995,1397,996,1423,-297
2026-06-21,33,18863,A,19103,17439,572,6417,8931,23301,0,626,435,1500,991,1049,-15,0,995,1396,996,1423,-351
2026-06-21,34,20105,A,20329,18569,604,6417,8070,23301,0,794,342,1500,991,1046,-145,0,994,1396,996,1368,-373
2026-06-21,35,21251,A,22282,19472,603,6417,6923,23301,0,184,813,1500,991,676,-296,-8,638,1397,996,180,-411
2026-06-21,36,22831,A,24130,20963,644,6417,5656,23301,0,253,872,1500,991,660,-430,-126,622,1396,995,53,-496
2026-06-21,37,24048,A,26280,22068,725,6417,4467,23301,0,104,1166,1499,991,558,-451,-214,303,1396,995,-670,-501
2026-06-21,38,24497,A,26912,22465,756,6417,3374,23301,0,53,1227,1500,991,521,-451,-296,283,1396,995,-708,-513
2026-06-21,39,25706,A,28586,23546,740,6417,2341,23301,0,12,1643,1500,991,-553,-451,-326,-315,1397,991,-266,-481
2026-06-21,40,25779,A,28898,23673,779,6417,1667,23301,0,5,1648,1497,990,-649,-451,-420,-345,1396,991,-246,-513
2026-06-21,41,25795,A,29490,23656,801,6417,782,23301,0,5,1737,1345,972,-695,-451,-452,-469,1396,995,-620,-513
2026-06-21,42,25939,A,29676,23770,852,6417,222,23301,0,5,1783,1335,971,-696,-451,-473,-473,1396,995,-636,-513
2026-06-21,43,25656,A,28766,23566,841,6417,21,23301,0,4,1644,1335,971,-526,-451,-449,-379,1396,982,-296,-513
2026-06-21,44,25412,A,28516,23323,890,6417,0,23301,0,6,1582,1338,971,-524,-451,-478,-375,1396,981,-268,-514
2026-06-21,45,25599,A,28248,23560,839,6417,0,23301,0,5,1496,1490,971,-471,-451,-530,-87,1396,990,-101,-514
2026-06-21,46,24784,A,27419,22842,866,6417,0,23301,0,5,1343,1490,970,-469,-451,-530,-76,1385,991,-100,-514
2026-06-21,47,23521,A,26252,21713,875,6417,0,23301,0,5,1240,984,926,-256,-396,-461,-100,1243,979,-509,-514
2026-06-21,48,22738,A,25383,21031,850,6417,0,23301,0,8,1109,951,923,-248,-441,-311,-101,1196,977,-538,-514
2026-06-22,1,22381,A,25076,20684,825,6417,0,23301,0,6,1094,1210,922,-295,-410,-282,-130,822,949,-571,-513
2026-06-22,2,22443,A,25329,20745,784,6417,0,23301,0,5,1113,1228,924,-298,-451,-430,-131,771,948,-567,-514
2026-06-22,3,22052,A,25037,20386,821,6417,0,23301,0,5,1249,1313,987,-650,-391,-429,-189,717,993,-317,-514
2026-06-22,4,21745,A,24674,20094,810,6417,0,23301,0,5,1309,1321,992,-665,-352,-405,-192,681,997,-306,-514
2026-06-22,5,21357,A,24576,19697,838,6417,0,23301,0,5,1404,1443,991,-681,-352,-359,-261,307,996,-557,-514
2026-06-22,6,21110,A,24478,19417,841,6417,0,23301,0,5,1365,1451,991,-682,-352,-473,-263,243,996,-578,-525
2026-06-22,7,20533,A,24296,18811,873,6417,0,23301,0,5,1421,1465,992,-808,-352,-435,-436,22,996,-734,-503
2026-06-22,8,20182,A,23882,18535,848,6417,0,23301,0,5,1357,1466,992,-812,-352,-458,-443,-3,996,-755,-382
2026-06-22,9,20019,A,24343,18278,904,6417,0,23301,0,5,1595,1456,992,-909,-352,-530,-699,44,995,-1109,-230
2026-06-22,10,19541,A,23759,17909,886,6417,0,23301,0,5,1344,1455,982,-912,-352,-531,-708,79,981,-1142,-78
2026-06-22,11,19284,A,24056,17639,889,6417,81,23301,0,5,1690,1229,647,-1039,-352,-530,-931,452,487,-1425,0
2026-06-22,12,19557,A,24384,17869,865,6417,462,23301,0,5,1642,1211,625,-1044,-381,-531,-939,528,455,-1437,0
2026-06-22,13,20860,A,25315,19159,894,6417,1098,23301,0,6,1568,913,667,-976,-452,-531,-794,900,460,-1144,-64
2026-06-22,14,21818,A,26336,19984,826,6417,2014,23301,0,12,1694,901,677,-950,-453,-531,-779,976,469,-1102,-215
2026-06-22,15,23873,A,26300,21824,811,6417,2937,23301,0,14,1305,1383,917,-142,-453,-531,-134,1349,790,-314,-367
2026-06-22,16,24304,A,26656,22040,759,6417,3899,23301,0,14,1456,1420,934,-103,-452,-530,-100,1396,816,-184,-497
2026-06-22,17,24858,A,26543,22568,772,6417,5004,23301,0,266,1095,1496,987,673,-452,-530,150,1396,985,1146,-469
2026-06-22,18,24267,A,25786,21967,772,6417,6246,23301,0,286,936,1501,991,817,-453,-531,166,1396,996,1278,-321
2026-06-22,19,23695,A,24804,21370,783,6417,7655,23301,0,544,910,1500,991,1026,-453,-530,759,1396,996,1286,-170
2026-06-22,20,22941,A,23692,20650,819,6417,8974,23301,0,762,741,1500,991,1034,-453,-531,789,1396,996,1290,-29
2026-06-22,21,22096,A,22575,19843,893,6417,10385,23301,0,1005,610,1501,991,1050,-453,-531,662,1396,996,1416,0
2026-06-22,22,21576,A,22022,19356,919,6417,11473,23301,0,1038,340,1501,991,1050,-453,-531,657,1396,996,1423,0
2026-06-22,23,20905,A,21210,18700,912,6417,12514,23301,0,1177,143,1501,991,1048,-452,-530,508,1396,996,1370,0
2026-06-22,24,20585,A,20895,18302,947,6417,13348,23301,0,1172,328,1500,991,1048,-452,-530,503,1396,996,1367,0
2026-06-22,25,20582,A,20893,18289,937,6417,13921,23301,0,1171,258,1499,991,1048,-452,-530,699,1396,995,1420,0
2026-06-22,26,20565,A,20880,18323,983,6417,13873,23301,0,1169,180,1500,991,1049,-453,-531,706,1396,995,1424,0
2026-06-22,27,20491,A,20811,18251,955,6417,13583,23301,0,1162,126,1500,991,1048,-452,-530,538,1396,995,1424,0
2026-06-22,28,20474,A,20801,18306,915,6417,13504,23301,0,1155,122,1500,991,1047,-452,-530,532,1396,995,1424,0
2026-06-22,29,20738,A,21522,18567,908,6417,12629,23301,0,678,245,1477,981,1048,-431,-531,279,1396,995,1424,0
2026-06-22,30,21361,A,22410,19055,919,6417,11767,23301,0,381,565,1475,979,1047,-399,-531,270,1396,994,1404,0
2026-06-22,31,21685,A,22929,19398,903,6417,10880,23301,0,239,746,1350,914,919,-453,-530,67,1396,949,668,0
2026-06-22,32,23300,A,24761,21013,953,6417,9299,23301,0,22,758,1342,907,914,-453,-530,59,1367,942,611,0
2026-06-22,33,23680,A,25100,21337,949,6417,7983,23301,0,11,636,1013,845,472,-400,-531,220,994,774,387,0
2026-06-22,34,25323,A,26791,22927,1002,6417,6855,23301,0,11,588,1000,832,451,-449,-530,226,976,752,362,0
2026-06-22,35,27414,A,28860,24926,1038,6417,5296,23301,0,10,795,966,560,691,-425,-531,121,1350,382,23,0
2026-06-22,36,28625,A,30071,26117,1048,6417,4010,23301,0,13,886,967,544,644,-428,-507,100,1381,366,-24,0
2026-06-22,37,28532,A,31755,25976,1072,6417,2974,23301,0,4,1351,1001,623,-374,-361,-378,-693,1187,598,-921,0
2026-06-22,38,29204,A,32596,26613,1063,6417,2064,23301,0,0,1503,1001,634,-422,-380,-354,-742,1171,612,-994,0
2026-06-22,39,30228,A,34661,27629,1048,6417,1184,23301,0,0,1838,1375,855,-674,-446,-364,-1030,1275,577,-1419,0
2026-06-22,40,29545,A,34015,26956,1032,6417,739,23301,0,0,1821,1400,869,-684,-436,-360,-1041,1265,572,-1449,0
2026-06-22,41,28899,A,33158,26302,1002,6417,477,23301,0,0,1784,1125,822,-707,-427,-378,-798,974,501,-1449,0
2026-06-22,42,29175,A,33454,26688,1073,6417,194,23301,0,0,1744,1100,813,-707,-453,-384,-788,961,507,-1447,0
2026-06-22,43,28322,A,32688,25937,1141,6417,28,23301,0,8,1661,757,590,-643,-453,-512,-892,1264,881,-1374,0
2026-06-22,44,27761,A,32130,25432,1200,6417,0,23301,0,7,1581,726,572,-641,-453,-531,-896,1308,889,-1355,0
2026-06-22,45,27663,A,31246,25296,1151,6417,0,23301,0,12,1728,404,488,-629,-453,-531,-624,1387,373,-858,0
2026-06-22,46,26403,A,29894,24178,1087,6417,0,23301,0,95,1522,380,475,-652,-453,-530,-615,1396,338,-836,0
2026-06-22,47,24632,A,29304,22575,1026,6417,0,23301,0,170,1512,384,214,-1056,-453,-530,-1005,1396,249,-1298,0
2026-06-22,48,24398,A,29123,22382,987,6417,0,23301,0,169,1631,396,197,-1058,-453,-530,-1021,1367,245,-1332,0
2026-06-23,1,23942,A,28765,21939,956,6417,0,23301,0,168,1633,934,219,-1060,-453,-531,-1021,1003,284,-1426,0
2026-06-23,2,23552,A,28382,21607,894,6417,0,23301,0,169,1471,982,226,-1061,-453,-531,-1021,956,292,-1433,0
2026-06-23,3,23542,A,28365,21695,824,6417,0,23301,0,168,1146,1431,445,-1062,-453,-513,-1020,937,471,-1443,0
2026-06-23,4,23079,A,27829,21367,772,6417,0,23301,0,162,1059,1462,467,-1060,-453,-434,-1021,906,487,-1444,0
2026-06-23,5,22402,A,27386,20723,770,6417,0,23301,0,10,992,1464,708,-1057,-453,-519,-1021,533,666,-1444,0
2026-06-23,6,21524,A,26497,19889,725,6417,0,23301,0,8,980,1464,727,-1057,-453,-506,-1021,459,676,-1444,0
2026-06-23,7,21579,A,26575,19797,692,6417,0,23301,0,8,1428,1471,809,-1058,-453,-528,-1021,108,646,-1444,0
2026-06-23,8,21307,A,26216,19504,684,6417,0,23301,0,7,1481,1471,813,-1057,-453,-441,-1021,60,642,-1444,0
2026-06-23,9,21030,A,25956,19254,732,6417,0,23301,0,7,1431,1472,747,-1058,-453,-457,-1021,1,564,-1444,0
2026-06-23,10,20829,A,25691,19086,706,6417,0,23301,0,7,1438,1470,738,-1057,-453,-392,-1021,-2,550,-1444,0
2026-06-23,11,20908,A,25714,19158,733,6417,60,23301,0,7,1597,1208,553,-1056,-453,-334,-1021,44,226,-1449,0
2026-06-23,12,21042,A,25824,19256,733,6417,375,23301,0,8,1584,1195,543,-1056,-453,-313,-1021,79,215,-1447,0
2026-06-23,13,22424,A,27160,20621,695,6417,1011,23301,0,13,1297,1483,642,-1057,-453,-274,-1021,451,514,-1444,0
2026-06-23,14,23382,A,28263,21397,615,6417,1798,23301,0,13,1482,1502,649,-1057,-453,-419,-1022,527,546,-1443,0
2026-06-23,15,24734,A,29502,22553,558,6417,2851,23301,0,11,1666,1491,672,-965,-453,-485,-1021,900,968,-1355,0
2026-06-23,16,25236,A,29818,22972,532,6417,4026,23301,0,11,1525,1490,673,-960,-453,-530,-1021,976,993,-1129,0
2026-06-23,17,25885,A,28785,23679,494,6417,5022,23301,0,11,869,1501,655,-703,-453,-530,-725,1349,970,738,0
2026-06-23,18,25402,A,28205,23263,508,6417,6154,23301,0,10,698,1502,658,-630,-453,-531,-699,1396,965,1047,0
2026-06-23,19,25212,A,26679,23093,495,6417,7539,23301,0,10,544,1501,810,230,-453,-524,64,1396,830,1289,0
2026-06-23,20,24463,A,25824,22331,508,6417,9442,23301,0,15,592,1498,818,256,-453,-423,108,1396,819,1308,0
2026-06-23,21,23582,A,24252,21494,569,6417,10772,23301,0,715,782,1220,732,758,-452,-433,379,1396,713,1394,0
2026-06-23,22,22787,A,23069,20774,564,6417,11784,23301,0,1048,700,1201,727,783,-452,-378,390,1396,708,1401,0
2026-06-23,23,22283,A,22538,20267,610,6417,12663,23301,0,1193,1028,1099,725,1024,-452,-496,502,1396,752,1421,0
2026-06-23,24,22107,A,22402,20160,660,6417,13776,23301,0,1187,953,1094,732,1035,-452,-530,509,1396,758,1422,0
2026-06-23,25,21989,A,22270,20069,691,6417,14385,23301,0,1201,1028,1208,974,1043,-452,-530,929,1396,877,1422,0
2026-06-23,26,21552,A,21849,19746,767,6417,14749,23301,0,1186,873,1213,991,1044,-452,-531,946,1397,861,1422,0
2026-06-23,27,21220,A,21509,19439,785,6417,14811,23301,0,1172,1025,1060,991,1042,-431,-530,662,1396,51,1422,0
2026-06-23,28,21312,A,21573,19574,862,6417,14170,23301,0,1187,998,1045,990,1043,-417,-531,649,1396,0,1421,0
2026-06-23,29,21207,A,21594,19536,869,6417,13792,23301,0,1032,1216,621,973,1043,-389,-530,215,1396,0,1374,0
2026-06-23,30,21566,A,21833,19777,944,6417,12444,23301,0,1024,1688,592,967,1043,-261,-530,193,1388,0,1354,0
2026-06-23,31,21882,A,22525,20013,869,6417,11971,23301,0,864,1958,569,810,771,-215,-531,-261,1287,0,738,0
2026-06-23,32,23063,A,24098,21105,853,6417,11285,23301,0,481,2054,551,793,691,-230,-506,-280,1253,0,677,0
2026-06-23,33,24026,A,25678,22041,827,6417,9702,23301,0,181,1967,-302,544,-197,-306,-372,-156,980,0,42,0
2026-06-23,34,25140,A,26963,22996,862,6417,8678,23301,0,164,1968,-381,523,-214,-411,-306,-152,976,0,-23,0
2026-06-23,35,26425,A,29090,24185,849,6417,7432,23301,0,162,1964,-105,399,-448,-312,-160,-448,1349,0,-854,0
2026-06-23,36,27690,A,30339,25456,853,6417,5971,23301,0,160,1815,-103,389,-457,-349,-22,-460,1396,0,-918,0
2026-06-23,37,28470,A,32846,26165,758,6417,4683,23301,0,3,2166,-905,327,-824,-233,34,-730,1396,0,-1187,0
2026-06-23,38,29453,A,34059,27194,768,6417,3580,23301,0,0,2273,-973,315,-867,-279,-41,-741,1396,0,-1205,0
2026-06-23,39,29884,A,34797,27601,707,6417,2525,23301,0,1,2687,-1489,20,-756,-289,-2,-733,1396,0,-1145,0
2026-06-23,40,29914,A,34194,27684,747,6417,1675,23301,0,2,2581,-1521,10,-30,-266,-92,-733,1396,0,-1140,0
2026-06-23,41,30018,A,33465,27858,774,6417,900,23301,0,2,2130,-537,565,0,-409,-130,-735,1396,217,-1138,0
2026-06-23,42,29906,A,33260,27692,834,6417,322,23301,0,0,2093,-363,604,0,-451,-169,-735,1396,277,-1136,0
2026-06-23,43,30024,A,33012,27818,801,6417,31,23301,0,0,1701,59,656,0,-451,-212,-735,1396,318,-1090,0
2026-06-23,44,29639,A,33241,27409,815,6417,0,23301,0,0,1828,64,660,-653,-421,-201,-736,1397,322,-1091,0
2026-06-23,45,29285,A,33614,27122,778,6417,0,23301,0,0,1838,348,679,-860,-451,-249,-981,1396,391,-1288,0
2026-06-23,46,28383,A,32823,26253,789,6417,0,23301,0,0,1656,370,671,-864,-451,-329,-991,1377,389,-1305,0
2026-06-23,47,27524,A,32421,25393,722,6417,0,23301,0,1,1775,638,333,-1050,-451,-439,-1020,1136,203,-1438,0
2026-06-23,48,26527,A,31534,24541,690,6417,0,23301,0,1,1788,661,318,-1058,-451,-530,-1022,1095,194,-1447,0
2026-06-24,1,25933,A,30801,23958,640,6417,0,23301,0,10,1680,948,601,-1001,-451,-531,-948,951,282,-1447,0
2026-06-24,2,25447,A,30288,23490,655,6417,0,23301,0,10,1797,974,626,-999,-451,-509,-945,908,299,-1447,0
2026-06-24,3,25203,A,30138,23258,633,6417,0,23301,0,9,1774,1295,809,-1031,-451,-503,-1019,596,700,-1440,0
2026-06-24,4,24560,A,29468,22667,625,6417,0,23301,0,9,1792,1320,823,-1031,-451,-473,-1022,548,728,-1440,0
2026-06-24,5,24081,A,29048,22195,608,6417,0,23301,0,9,1702,1414,854,-1033,-451,-530,-1022,436,853,-1440,0
2026-06-24,6,23814,A,28783,21967,631,6417,0,23301,0,9,1751,1423,859,-1034,-451,-531,-1022,435,863,-1440,0
2026-06-24,7,23104,A,28071,21387,605,6417,0,23301,0,9,1593,1496,972,-1033,-451,-530,-1022,587,896,-1440,0
2026-06-24,8,22990,A,27961,21259,597,6417,0,23301,0,7,1756,1501,975,-1034,-451,-531,-1022,594,897,-1440,0
2026-06-24,9,22535,A,27536,20766,596,6417,0,23301,0,4,1755,1500,840,-1055,-451,-531,-1022,437,849,-1446,0
2026-06-24,10,22082,A,27085,20341,566,6417,0,23301,0,4,1798,1494,824,-1056,-451,-531,-1022,418,837,-1447,0
2026-06-24,11,21701,A,26705,19988,523,6417,97,23301,0,4,1876,1062,582,-1058,-451,-530,-1022,430,535,-1447,0
2026-06-24,12,22062,A,27050,20296,532,6417,525,23301,0,4,1766,1035,572,-1057,-451,-515,-1022,449,521,-1447,0
2026-06-24,13,23703,A,28586,21651,513,6417,1198,23301,0,4,1776,1248,810,-1056,-445,-417,-1022,667,680,-1447,0
2026-06-24,14,24851,A,29750,22648,452,6417,2078,23301,0,4,1944,1262,829,-1037,-451,-507,-1015,723,696,-1393,0
2026-06-24,15,26586,A,28937,24325,431,6417,3096,23301,0,9,1560,1405,953,-221,-451,-530,-423,1095,884,-235,0
2026-06-24,16,26830,A,28939,24560,432,6417,4284,23301,0,36,1282,1412,960,-166,-451,-531,-389,1159,891,-108,0
2026-06-24,17,26670,A,27531,24497,432,6417,5591,23301,0,620,887,1135,880,631,-451,-530,105,1370,736,774,0
2026-06-24,18,26003,A,26827,23933,419,6417,6989,23301,0,657,754,1115,872,757,-451,-530,126,1396,730,844,0
2026-06-24,19,25407,A,25965,23356,403,6417,8495,23301,0,924,686,861,791,792,-451,-531,326,1396,865,1198,0
2026-06-24,20,24622,A,25182,22688,387,6417,9890,23301,0,921,504,854,787,794,-451,-530,338,1396,877,1219,0
2026-06-24,21,24120,A,24684,22124,372,6417,11148,23301,0,918,828,1458,883,1013,-451,-531,809,1396,989,1118,0
2026-06-24,22,23524,A,24095,21548,358,6417,12226,23301,0,911,936,1501,891,1021,-451,-531,830,1396,997,1118,0
2026-06-24,23,23417,A,23993,21480,340,6417,13175,23301,0,905,921,1468,984,1023,-451,-530,602,1396,996,1405,0
2026-06-24,24,23043,A,23614,21115,365,6417,13893,23301,0,910,875,1465,989,1021,-451,-530,592,1396,996,1424,0
2026-06-24,25,22805,A,23385,20929,378,6417,14376,23301,0,902,796,1406,945,1021,-451,-531,241,1396,996,1357,0
2026-06-24,26,22978,A,23564,21121,417,6417,14665,23301,0,895,897,1398,938,1021,-451,-530,227,1396,993,1348,0
2026-06-24,27,22637,A,23219,20849,424,6417,14662,23301,0,900,942,1219,779,1043,-451,-531,64,1396,860,1202,0
2026-06-24,28,22363,A,22949,20656,511,6417,14438,23301,0,896,868,1205,764,1043,-451,-531,48,1396,851,1193,0
2026-06-24,29,22393,A,23606,20591,483,6417,14031,23301,0,886,1202,1105,606,1022,-451,-530,-618,1396,806,1267,0
2026-06-24,30,22606,A,23860,20829,528,6417,13410,23301,0,881,1045,1094,590,1006,-451,-530,-654,1396,796,1267,0
2026-06-24,31,22978,A,24061,21182,530,6417,12594,23301,0,880,1086,699,346,272,-451,-531,-481,1396,573,1039,0
2026-06-24,32,24047,A,25383,22175,600,6417,11516,23301,0,621,1247,679,337,225,-451,-531,-475,1396,557,991,0
2026-06-24,33,24788,A,26240,22680,569,6417,10355,23301,0,432,1650,992,609,-125,-451,-530,-258,1396,511,108,-20
2026-06-24,34,26219,A,27890,23935,595,6417,9036,23301,0,175,1687,1007,628,-135,-449,-512,-250,1396,518,39,0
2026-06-24,35,27319,A,28549,24873,584,6417,7580,23301,0,330,1883,532,647,349,-351,-380,-329,1396,846,118,0
2026-06-24,36,28531,A,29804,26077,636,6417,6182,23301,0,7,1658,500,650,389,-201,-246,-333,1396,853,105,0
2026-06-24,37,29479,A,31561,26898,668,6417,4829,23301,0,4,1798,592,699,240,-59,-208,-716,1396,392,-603,0
2026-06-24,38,30058,A,32097,27573,706,6417,3560,23301,0,5,1914,599,707,239,67,-148,-732,1396,378,-664,0
2026-06-24,39,30759,A,33204,28401,682,6417,2497,23301,0,8,1971,609,864,610,163,-115,-735,1396,883,-1103,0
2026-06-24,40,31087,A,33470,28639,736,6417,1621,23301,0,5,1933,610,878,656,165,-20,-735,1394,916,-1133,0
2026-06-24,41,31220,A,33583,28702,753,6417,849,23301,0,4,1936,796,975,655,165,0,-734,1366,993,-1133,0
2026-06-24,42,30638,A,32995,28170,793,6417,298,23301,0,8,1716,819,981,655,165,0,-734,1365,997,-1131,0
2026-06-24,43,31313,A,33661,28840,770,6417,31,23301,0,4,2024,1384,956,657,165,-60,-734,1393,996,-1058,0
2026-06-24,44,30642,A,33044,28221,765,6417,0,23301,0,2,1882,1402,955,657,158,-121,-734,1396,996,-1049,0
2026-06-24,45,29367,A,31657,26973,709,6417,0,23301,0,4,1923,1496,988,657,48,-148,-732,1396,996,-914,0
2026-06-24,46,29232,A,31568,26865,703,6417,0,23301,0,11,1884,1501,981,608,-67,-133,-733,1396,991,-914,0
2026-06-24,47,27158,A,31075,24872,700,6417,0,23301,0,13,1815,1269,659,-833,-219,-142,-1010,1396,838,-1226,0
2026-06-24,48,26454,A,30944,24273,703,6417,0,23301,0,10,1619,1256,641,-1064,-371,-293,-1021,1396,833,-1251,0
2026-06-25,1,26334,A,31117,24231,699,6417,0,23301,0,6,1541,1464,784,-1049,-451,-383,-1019,1396,986,-1387,0
2026-06-25,2,25558,A,30199,23539,684,6417,0,23301,0,14,1541,1474,797,-1048,-439,-253,-1018,1396,995,-1397,0
2026-06-25,3,25119,A,29513,23097,713,6417,0,23301,0,13,1384,1383,910,-1044,-439,-101,-923,1396,995,-1400,0
2026-06-25,4,25289,A,29492,23235,678,6417,0,23301,0,13,1429,1377,915,-1045,-350,-1,-919,1394,995,-1401,0
2026-06-25,5,24139,A,28518,22258,684,6417,0,23301,0,13,1045,1459,828,-1044,-436,-42,-969,1380,986,-1401,0
2026-06-25,6,24088,A,28422,22245,657,6417,0,23301,0,11,1070,1461,819,-1043,-430,-1,-971,1349,986,-1400,0
2026-06-25,7,23352,A,27616,21493,681,6417,0,23301,0,10,1123,1052,700,-1036,-380,0,-971,975,996,-1387,0
2026-06-25,8,23114,A,27240,21311,658,6417,0,23301,0,8,1155,1021,686,-1036,-241,0,-971,904,989,-1386,0
2026-06-25,9,22190,A,26410,20421,642,6417,0,23301,0,8,1079,744,482,-1035,-260,0,-1019,593,745,-1393,-21
2026-06-25,10,22326,A,26434,20579,645,6417,0,23301,0,6,1107,725,457,-1036,-161,0,-1021,546,713,-1396,0
2026-06-25,11,21808,A,25831,19896,651,6417,110,23301,0,17,1508,506,43,-1054,-23,0,-1021,430,145,-1442,0
2026-06-25,12,22051,A,26055,20119,656,6417,537,23301,0,18,1478,499,16,-1056,0,0,-1021,443,115,-1445,0
2026-06-25,13,23417,A,27399,21415,663,6417,1238,23301,0,18,1455,820,91,-1037,37,0,-1021,790,314,-1442,0
2026-06-25,14,24161,A,27942,22114,641,6417,2057,23301,0,17,1407,844,101,-898,-25,-16,-1015,860,330,-1344,0
2026-06-25,15,26005,A,27250,23970,656,6417,3104,23301,0,20,878,856,283,118,-164,-142,-459,1183,471,82,0
2026-06-25,16,26256,A,27654,24165,670,6417,4343,23301,0,21,658,857,295,128,-315,-177,-427,1232,478,254,0
2026-06-25,17,26205,A,27202,24092,689,6417,5727,23301,0,20,488,962,280,433,-425,-92,137,1342,426,747,0
2026-06-25,18,25513,A,26310,23405,742,6417,7139,23301,0,20,544,963,272,452,-310,-7,169,1359,436,797,0
2026-06-25,19,25067,A,25765,22980,793,6417,8642,23301,0,20,602,536,102,1010,-160,-58,685,1393,845,1385,0
2026-06-25,20,24195,A,24727,22088,895,6417,10114,23301,0,14,790,515,129,1039,-46,53,709,1396,871,1425,0
2026-06-25,21,23412,A,23600,21408,909,6417,11400,23301,0,461,553,969,861,1043,-149,10,739,1396,898,1425,0
2026-06-25,22,22784,A,22591,20824,1012,6417,12524,23301,0,840,635,997,898,1043,-147,0,740,1396,903,1425,0
2026-06-25,23,22213,A,22137,20276,1086,6417,13428,23301,0,859,616,816,987,1046,-219,-64,797,1396,991,1426,0
2026-06-25,24,21987,A,22038,20022,1178,6417,14154,23301,0,852,744,805,991,1046,-308,-95,800,1396,996,1426,0
2026-06-25,25,22100,A,22179,20226,1119,6417,14704,23301,0,856,981,979,994,1041,-315,-120,990,1394,999,1409,0
2026-06-25,26,21860,A,21957,20061,1180,6417,14901,23301,0,856,1069,990,994,1041,-344,-109,985,1394,999,1409,0
2026-06-25,27,21890,A,21975,20107,1223,6417,14907,23301,0,842,1096,990,994,1041,-290,-137,679,1394,999,1408,0
2026-06-25,28,21530,A,21662,19830,1328,6417,14713,23301,0,846,992,989,982,1041,-345,-133,649,1394,994,1408,0
2026-06-25,29,21540,A,21504,19825,1384,6417,14280,23301,0,848,1264,989,804,1038,-278,-34,193,1394,879,1408,0
2026-06-25,30,22370,A,22239,20563,1547,6417,13577,23301,0,908,1375,987,797,1035,-266,-11,145,1390,854,1406,0
2026-06-25,31,22150,A,22263,20338,1565,6417,12759,23301,0,904,1526,906,548,794,-144,6,-373,1355,440,1355,0
2026-06-25,32,23300,A,23620,21404,1667,6417,11683,23301,0,846,1620,899,514,690,-240,-20,-406,1315,412,1260,0
2026-06-25,33,23750,A,25195,21759,1773,6417,10366,23301,0,297,1835,740,184,-103,-330,-148,-661,942,194,18,0
2026-06-25,34,25150,A,27199,22982,1905,6417,8879,23301,0,8,1841,698,153,-104,-418,-265,-667,942,175,-103,0
2026-06-25,35,26410,A,29286,24108,1868,6417,7522,23301,0,9,2029,-28,-187,-392,-315,-205,-611,1315,-31,-616,0
2026-06-25,36,27870,A,30960,25547,1802,6417,6007,23301,0,4,1973,-1,-209,-383,-395,-290,-612,1356,-35,-669,0
2026-06-25,37,28540,A,32081,26135,1732,6417,4708,23301,0,5,2257,-19,-354,100,-389,-236,-721,1391,57,-1327,0
2026-06-25,38,29700,A,33332,27333,1765,6417,3534,23301,0,4,2343,-40,-354,21,-448,-215,-723,1393,64,-1356,0
2026-06-25,39,30350,A,34545,28027,1851,6417,2365,23301,0,3,2517,62,-206,-554,-449,-307,-829,1394,148,-1353,0
2026-06-25,40,31750,A,36108,29316,1919,6417,1472,23301,0,3,2509,86,-203,-602,-448,-418,-833,1393,166,-1357,0
2026-06-25,41,31032,A,36295,28579,1941,6417,786,23301,0,8,2407,873,-300,-1056,-451,-491,-1035,1396,434,-1438,0
2026-06-25,42,31172,A,36340,28858,1893,6417,295,23301,0,8,2250,916,-301,-915,-451,-530,-1042,1396,444,-1437,0
2026-06-25,43,30657,A,34358,28293,1907,6417,28,23301,0,9,2470,77,-112,248,-451,-531,-962,1396,217,-1154,0
2026-06-25,44,29902,A,33567,27515,1787,6417,0,23301,0,17,2683,16,-103,267,-451,-530,-958,1396,201,-1140,0
2026-06-25,45,29796,A,34784,27409,1683,6417,0,23301,0,12,2759,169,-245,-828,-451,-530,-1039,1396,117,-1407,0
2026-06-25,46,28415,A,33661,26131,1587,6417,0,23301,0,17,2614,159,-257,-1057,-451,-530,-1042,1367,103,-1426,0
2026-06-25,47,27194,A,33510,24910,1572,6417,0,23301,0,13,2683,-774,-365,-1060,-451,-530,-1022,993,-184,-1443,0
2026-06-25,48,26832,A,33270,24580,1493,6417,0,23301,0,7,2608,-860,-370,-1060,-451,-530,-1022,917,-205,-1447,0
2026-06-26,1,26176,A,31925,23958,1507,6417,0,23301,0,10,2501,-268,-268,-1061,-383,-510,-1022,544,-299,-1448,0
2026-06-26,2,25758,A,31209,23560,1367,6417,0,23301,0,6,2336,-226,-259,-1061,-262,-376,-1022,468,-303,-1448,0
2026-06-26,3,25429,A,30535,23255,1280,6417,0,23301,0,2,2071,-167,-211,-1058,-252,-224,-1022,95,-226,-1448,0
2026-06-26,4,24890,A,29850,22827,1193,6417,0,23301,0,2,1881,-157,-205,-1057,-251,-105,-1022,46,-217,-1448,0
2026-06-26,5,24553,A,29256,22570,1050,6417,0,23301,0,9,2045,163,-159,-1056,-252,-206,-1022,2,-69,-1448,0
2026-06-26,6,23933,A,28644,22056,957,6417,0,23301,0,8,2015,204,-155,-1056,-252,-224,-1022,-4,-58,-1448,0
2026-06-26,7,23644,A,28227,21729,905,6417,0,23301,0,8,1909,213,-155,-1045,-251,-215,-973,-4,13,-1448,0
2026-06-26,8,23106,A,27655,21274,796,6417,0,23301,0,8,1811,214,-156,-1044,-252,-182,-971,-4,17,-1448,0
2026-06-26,9,22670,A,27308,20883,722,6417,0,23301,0,8,1776,323,-172,-1028,-252,-258,-984,-4,10,-1448,0
2026-06-26,10,22132,A,26639,20497,627,6417,0,23301,0,8,1700,330,-165,-1027,-251,-140,-984,20,10,-1448,0
2026-06-26,11,22712,A,26766,20922,575,6417,69,23301,0,8,2054,270,99,-837,-252,-13,-1012,348,70,-1448,0
2026-06-26,12,23257,A,27302,21580,488,6417,349,23301,0,10,2158,278,127,-831,-252,-37,-1001,418,77,-1434,0
2026-06-26,13,24727,A,27605,22874,410,6417,980,23301,0,13,2095,1050,458,-747,-246,-182,-301,791,151,-915,0
2026-06-26,14,25433,A,28287,23506,372,6417,1652,23301,0,13,2218,1114,487,-678,-362,-334,-263,816,165,-730,0
2026-06-26,15,27444,A,29300,25335,338,6417,2479,23301,0,13,1860,1618,709,554,-451,-482,-436,534,497,890,0
2026-06-26,16,27837,A,29738,25524,340,6417,3447,23301,0,13,1762,1659,729,652,-451,-531,-432,528,528,1117,0
2026-06-26,17,28354,A,29822,26086,362,6417,4590,23301,0,13,1249,1926,924,970,-451,-530,221,900,870,1403,0
2026-06-26,18,27828,A,29297,25512,439,6417,5557,23301,0,13,1195,1945,938,984,-451,-531,256,976,894,1423,0
2026-06-26,19,27691,A,29162,25331,462,6417,7424,23301,0,10,1160,1975,965,1005,-451,-530,628,1350,964,1426,0
2026-06-26,20,26846,A,28255,24373,511,6417,8451,23301,0,72,1097,1974,960,1006,-451,-530,643,1396,966,1428,0
2026-06-26,21,26102,A,27490,23638,567,6417,9479,23301,0,76,1360,1814,714,1042,-451,-513,492,1396,903,1428,0
2026-06-26,22,25232,A,26306,22765,651,6417,11236,23301,0,259,1397,1801,700,1044,-451,-382,485,1396,898,1428,0
2026-06-26,23,24072,A,24458,21662,633,6417,12290,23301,0,866,1155,1731,768,1046,-451,-301,145,1396,900,1428,0
2026-06-26,24,23602,A,24191,21164,777,6417,13117,23301,0,663,1233,1725,772,1047,-451,-301,132,1396,903,1428,0
2026-06-26,25,23427,A,24041,20968,846,6417,13734,23301,0,638,1118,1703,723,1046,-451,-301,327,1396,972,1428,0
2026-06-26,26,23191,A,23417,20714,1018,6417,13854,23301,0,1026,1437,1701,720,1046,-451,-301,334,1396,976,1427,0
2026-06-26,27,22960,A,23151,20584,1094,6417,13808,23301,0,1061,1320,1701,720,1044,-451,-301,471,1396,976,1427,0
2026-06-26,28,22925,A,23114,20604,1209,6417,13367,23301,0,1063,1110,1701,719,1044,-451,-301,470,1396,977,1427,0
2026-06-26,29,23099,A,23345,20689,1261,6417,12443,23301,0,1063,1375,1701,699,1042,-451,-301,-57,1396,993,1427,0
2026-06-26,30,23511,A,23799,21110,1379,6417,11947,23301,0,1044,1391,1696,687,1040,-451,-301,-80,1396,980,1399,0
2026-06-26,31,22617,A,22990,20365,1460,6417,10404,23301,0,931,1535,1271,295,629,-451,-353,334,1396,514,1177,0
2026-06-26,32,23004,A,23855,20738,1539,6417,10454,23301,0,356,1559,1218,261,569,-431,-276,351,1396,478,1186,0
2026-06-26,33,23286,A,24384,21155,1523,6417,9761,23301,0,27,1887,240,2,-202,-298,-125,36,1396,246,331,0
2026-06-26,34,24672,A,25563,22471,1591,6417,8571,23301,0,16,1868,171,-12,-223,-148,-24,16,1396,240,217,0
2026-06-26,35,26012,A,28249,23554,1605,6417,7136,23301,0,10,2239,974,120,-681,2,34,-584,1396,523,-482,0
2026-06-26,36,26900,A,29256,24409,1681,6417,5809,23301,0,8,2447,1028,126,-702,120,44,-614,1396,526,-548,0
2026-06-26,37,27287,A,30501,24754,1725,6417,4624,23301,0,11,2806,704,-8,-762,130,45,-727,1396,38,-1228,0
2026-06-26,38,28219,A,31507,25681,1700,6417,3548,23301,0,2,2843,641,-15,-765,130,45,-732,1396,10,-1278,0
2026-06-26,39,28142,A,32052,25706,1589,6417,2540,23301,0,6,2894,-492,24,-756,75,45,-733,1396,39,-1435,0
2026-06-26,40,28617,A,32673,26258,1481,6417,1530,23301,0,0,3014,-622,25,-755,50,45,-733,1396,41,-1446,0
2026-06-26,41,28830,A,32600,26453,1342,6417,711,23301,0,0,3099,-405,-17,-669,50,45,-733,1396,14,-1446,0
2026-06-26,42,28760,A,32504,26440,1228,6417,290,23301,0,0,2851,-388,-21,-664,50,45,-733,1396,17,-1438,0
2026-06-26,43,28972,A,31764,26648,1137,6417,32,23301,0,0,2957,-86,-49,-295,50,45,-733,1396,196,-1129,0
2026-06-26,44,29322,A,32053,27112,1155,6417,0,23301,0,0,3021,-69,-52,-282,50,45,-733,1396,209,-1095,0
2026-06-26,45,28777,A,31435,26636,1088,6417,0,23301,0,6,2908,-27,-69,-742,50,45,-689,1396,254,-637,0
2026-06-26,46,28052,A,30720,25995,1098,6417,0,23301,0,7,2754,-30,-71,-764,50,45,-688,1396,251,-622,0
2026-06-26,47,26635,A,30940,24719,1102,6417,0,23301,0,10,2936,-450,-110,-1021,50,19,-999,1396,45,-1235,0
2026-06-26,48,26142,A,30601,24327,1078,6417,0,23301,0,8,2904,-477,-111,-1033,50,-63,-1012,1397,31,-1271,0
2026-06-27,1,25223,A,29598,23511,1156,6417,0,23301,0,13,3160,-396,-75,-1011,24,-168,-1002,1396,48,-1236,0
2026-06-27,2,24597,A,28831,22905,1173,6417,0,23301,0,13,3410,-388,-67,-1011,28,-52,-1002,1396,53,-1227,0
2026-06-27,3,24531,A,28175,22823,1205,6417,0,23301,0,11,3424,-245,153,-971,49,0,-958,1396,187,-981,0
2026-06-27,4,23966,A,27591,22353,1197,6417,0,23301,0,9,3488,-236,166,-970,50,40,-957,1396,193,-971,0
2026-06-27,5,23092,A,26921,21618,1136,6417,0,23301,0,7,3400,-236,76,-1015,50,4,-853,1396,111,-1232,0
2026-06-27,6,22415,A,26256,21042,1169,6417,0,23301,0,9,3459,-232,72,-1016,50,50,-850,1396,108,-1252,0
2026-06-27,7,22141,A,25813,20816,1225,6417,0,23301,0,5,3463,46,162,-1014,50,54,-830,1396,156,-1333,0
2026-06-27,8,21511,A,25179,20220,1311,6417,0,23301,0,13,3461,52,168,-1014,50,54,-829,1389,159,-1338,0
2026-06-27,9,20931,A,24472,19688,1402,6417,0,23301,0,15,3246,161,136,-1010,50,54,-701,1301,129,-1345,0
2026-06-27,10,20428,A,23954,19238,1452,6417,0,23301,0,15,3072,168,134,-1008,50,54,-696,1277,127,-1337,0
2026-06-27,11,20111,A,23275,18896,1533,6417,65,23301,0,15,3066,59,167,-944,50,54,-739,1113,143,-996,0
2026-06-27,12,19637,A,22764,18406,1594,6417,316,23301,0,15,3073,57,171,-941,50,54,-740,1083,147,-961,0
2026-06-27,13,20054,A,22304,18704,1566,6417,854,23301,0,15,3050,455,244,-675,50,54,-524,962,262,-566,0
2026-06-27,14,19950,A,22071,18580,1594,6417,1464,23301,0,12,3104,500,261,-614,50,54,-515,975,283,-504,0
2026-06-27,15,20633,A,21279,19164,1559,6417,2781,23301,0,14,3084,1408,681,418,50,53,-160,1349,735,424,0
2026-06-27,16,20365,A,20976,18913,1579,6417,3905,23301,0,14,3135,1489,716,475,50,53,-125,1396,770,510,0
2026-06-27,17,20631,A,21117,19205,1595,6417,4985,23301,0,14,2943,1963,972,588,50,14,715,1396,982,1045,0
2026-06-27,18,20302,A,20695,18945,1764,6417,6148,23301,0,107,2664,1997,989,593,34,0,768,1396,995,1088,0
2026-06-27,19,20021,A,19806,18758,1967,6417,7204,23301,0,864,2784,1998,991,811,-67,-51,988,1396,995,1309,-31
2026-06-27,20,19442,A,18887,18222,2230,6417,8015,23301,0,1197,3181,2004,991,820,-134,-8,992,1396,997,1327,0
2026-06-27,21,18972,A,18615,17805,2524,6417,9160,23301,0,940,3122,2006,991,695,-83,0,488,1396,997,1415,0
2026-06-27,22,18106,A,17618,17013,2714,6417,10134,23301,0,1211,2881,2006,985,690,-210,-13,465,1396,995,1421,0
2026-06-27,23,17225,A,16955,16121,2835,6417,11160,23301,0,1237,2944,1955,767,844,-328,-139,375,1396,905,1420,0
2026-06-27,24,16874,A,16667,15571,2973,6417,12275,23301,0,1223,3320,1952,753,851,-292,-224,371,1376,896,1418,0
2026-06-27,25,16422,A,16177,15080,2901,6417,12930,23301,0,1229,3120,2002,796,821,-357,-127,498,1119,827,1297,0
2026-06-27,26,16498,A,16446,15136,3001,6417,13013,23301,0,1091,3115,2003,790,819,-332,-207,503,1075,823,1282,0
2026-06-27,27,16425,A,16201,15002,2973,6417,12719,23301,0,1143,3451,1790,493,567,-295,-124,454,919,793,1083,0
2026-06-27,28,16102,A,15872,14756,3136,6417,12451,23301,0,1220,3351,1773,474,523,-290,-200,440,903,783,1060,0
2026-06-27,29,16527,A,16481,15276,3125,6417,12396,23301,0,1210,3958,1775,519,2,-232,-155,-277,942,540,714,0
2026-06-27,30,16706,A,16521,15511,3316,6417,10716,23301,0,1164,3577,1758,526,0,-84,-79,-316,927,527,649,0
2026-06-27,31,16963,A,17439,15857,3389,6417,10171,23301,0,750,3876,1064,669,97,20,29,-322,687,627,-404,0
2026-06-27,32,17695,A,18603,16698,3454,6417,8781,23301,0,416,3847,1006,680,62,69,-7,-327,646,632,-490,0
2026-06-27,33,18719,A,21013,17608,3588,6417,7399,23301,0,101,3784,848,723,-416,69,29,-835,514,579,-644,0
2026-06-27,34,20258,A,22739,19500,3577,6417,6188,23301,0,7,4024,832,716,-420,69,-35,-859,527,570,-674,0
2026-06-27,35,21737,A,25489,20859,3467,6417,5171,23301,0,6,4330,419,391,-874,69,35,-1015,900,410,-1369,0
2026-06-27,36,22754,A,26574,21809,3494,6417,3992,23301,0,15,4339,392,365,-897,69,40,-1021,976,402,-1417,0
2026-06-27,37,24408,A,28202,23457,3365,6417,3178,23301,0,8,4400,631,257,-940,69,8,-918,1350,488,-1444,0
2026-06-27,38,24989,A,28786,24096,3239,6417,2437,23301,0,5,4224,636,244,-942,69,44,-914,1396,480,-1446,0
2026-06-27,39,25753,A,29792,24782,3009,6417,2002,23301,0,1,4256,104,44,-1057,69,9,-1037,1396,28,-1446,0
2026-06-27,40,26164,A,30208,25190,2880,6417,1141,23301,0,2,4452,63,32,-1058,69,0,-1042,1396,12,-1446,0
2026-06-27,41,25710,A,29774,24713,2766,6417,613,23301,0,9,4521,-31,80,-1055,19,0,-1042,1396,283,-1445,0
2026-06-27,42,25711,A,29846,24756,2680,6417,251,23301,0,10,4430,-39,85,-1055,-69,0,-1042,1396,294,-1440,0
2026-06-27,43,25583,A,29695,24625,2647,6417,30,23301,0,12,4515,-240,147,-1053,-116,0,-992,1396,87,-1223,0
2026-06-27,44,25597,A,29767,24551,2691,6417,0,23301,0,11,4557,-251,150,-1052,-150,-28,-990,1396,74,-1210,0
2026-06-27,45,25305,A,29539,24273,2655,6417,0,23301,0,16,4546,23,121,-955,-239,-165,-1040,1396,51,-1330,-21
2026-06-27,46,24770,A,29012,23806,2631,6417,0,23301,0,17,4384,25,114,-950,-282,-144,-1042,1368,48,-1341,0
2026-06-27,47,24310,A,29303,23394,2523,6417,0,23301,0,16,4312,-539,-48,-1026,-353,-83,-1022,1011,5,-1438,0
2026-06-27,48,23342,A,28352,22562,2558,6417,0,23301,0,17,4293,-590,-57,-1028,-370,-16,-1022,972,0,-1444,0
2026-06-28,1,23132,A,27940,22246,2533,6417,0,23301,0,17,4469,-538,-21,-1052,-339,0,-995,1045,0,-1380,0
2026-06-28,2,22399,A,26960,21466,2577,6417,0,23301,0,163,4396,-533,-19,-1054,-252,0,-994,1047,0,-1372,0
2026-06-28,3,21438,A,25658,20513,2620,6417,0,23301,0,173,4343,-389,-19,-965,-286,0,-980,948,0,-1254,0
2026-06-28,4,20611,A,24747,19821,2625,6417,0,23301,0,171,4271,-371,-16,-961,-249,0,-979,915,0,-1231,0
2026-06-28,5,20290,A,23675,19519,2469,6417,0,23301,0,167,3880,186,128,-997,-339,0,-990,661,-30,-696,0
2026-06-28,6,19658,A,22976,18947,2368,6417,0,23301,0,165,3891,242,139,-999,-311,0,-990,653,-27,-656,0
2026-06-28,7,19166,A,22195,18435,2169,6417,0,23301,0,165,3601,411,202,-1046,-228,0,-892,952,186,-528,0
2026-06-28,8,18666,A,21606,18012,2087,6417,0,23301,0,162,3374,426,206,-1047,-156,0,-888,987,200,-511,0
2026-06-28,9,18543,A,21148,17873,1857,6417,0,23301,0,160,3371,682,210,-1015,-113,0,-948,959,229,-189,0
2026-06-28,10,18390,A,20924,17653,1847,6417,0,23301,0,165,3323,700,210,-1008,-76,0,-948,951,228,-167,0
2026-06-28,11,18121,A,19762,17366,1693,6417,55,23301,0,168,3313,749,233,-468,-100,0,-580,897,136,-161,0
2026-06-28,12,17666,A,19242,16892,1623,6417,334,23301,0,168,3230,757,240,-432,-100,0,-565,884,135,-147,0
2026-06-28,13,17882,A,18983,17012,1634,6417,790,23301,0,151,3113,1067,422,-173,-100,0,-479,810,335,310,0
2026-06-28,14,17671,A,18905,16735,1663,6417,1504,23301,0,12,3323,1094,435,-171,-100,0,-475,779,351,346,0
2026-06-28,15,17799,A,18205,16801,1765,6417,2352,23301,0,301,3329,1390,463,180,-100,0,-107,506,461,470,0
2026-06-28,16,17336,A,17243,16239,1912,6417,3088,23301,0,785,3435,1410,468,203,-100,0,-92,475,478,483,0
2026-06-28,17,17428,A,17098,16404,1988,6417,4138,23301,0,930,3483,1260,604,441,-100,0,194,516,854,559,0
2026-06-28,18,17270,A,16816,16376,2089,6417,5228,23301,0,1054,3079,1250,611,443,-100,0,205,551,874,558,0
2026-06-28,19,17453,A,16817,16416,2107,6417,6243,23301,0,1236,2669,1349,546,736,-100,0,316,925,748,306,0
2026-06-28,20,17535,A,16924,16393,2209,6417,7357,23301,0,1237,2313,1355,541,749,-80,-5,321,979,739,299,-41
2026-06-28,21,17356,A,16745,16055,2331,6417,7946,23301,0,1228,2330,1366,509,681,-1,-116,366,1080,729,707,0
2026-06-28,22,16976,A,16420,15720,2497,6417,8362,23301,0,1235,2595,1366,502,677,50,-179,368,1074,721,731,0
2026-06-28,23,16420,A,16087,15458,2690,6417,9781,23301,0,1086,2664,1331,322,294,9,-253,303,832,492,529,0
2026-06-28,24,16180,A,16275,15348,2899,6417,11088,23301,0,800,2621,1326,309,277,2,-395,299,781,478,510,0
2026-06-28,25,15638,A,15460,14836,2968,6417,11509,23301,0,1122,3426,1060,261,195,64,-381,-63,512,446,334,0
2026-06-28,26,15088,A,14941,14368,3158,6417,11662,23301,0,1221,3570,1039,245,192,19,-497,-77,464,444,312,0
2026-06-28,27,14262,A,14436,13792,3222,6417,12230,23301,0,1218,4021,655,-225,147,-37,-531,-62,288,436,-37,0
2026-06-28,28,13973,A,14150,13519,3323,6417,12497,23301,0,1211,4125,622,-254,144,49,-510,-61,236,424,-63,0
2026-06-28,29,13448,A,14014,13048,3272,6417,12854,23301,0,1209,4013,174,-119,-218,13,-375,-260,-140,32,-163,0
2026-06-28,30,13257,A,13803,12891,3380,6417,12295,23301,0,1200,4002,141,-107,-244,-37,-223,-267,-188,10,-180,0
2026-06-28,31,13085,A,14118,12712,3425,6417,11477,23301,0,1193,3911,7,-11,-455,49,-72,-455,-201,93,-532,0
2026-06-28,32,13681,A,14681,13274,3488,6417,10512,23301,0,1191,3779,1,2,-462,69,42,-464,-190,107,-575,0
2026-06-28,33,14812,A,17011,14331,3558,6417,9653,23301,0,1190,3842,150,254,-701,69,54,-904,-26,368,-1258,0
2026-06-28,34,16386,A,18798,15824,3571,6417,8542,23301,0,1026,3762,166,271,-711,69,54,-923,10,379,-1304,0
2026-06-28,35,18264,A,20537,17455,3475,6417,6798,23301,0,824,3750,501,262,-664,69,53,-676,201,196,-1257,0
2026-06-28,36,19889,A,22243,18978,3380,6417,5387,23301,0,733,3825,521,256,-662,69,54,-667,238,178,-1258,0
2026-06-28,37,20819,A,23907,19782,2992,6417,4453,23301,0,224,3874,-58,44,-431,69,54,-833,414,-58,-1432,0
2026-06-28,38,21454,A,24652,20413,2859,6417,3598,23301,0,168,3712,-90,31,-422,69,54,-839,458,-71,-1444,0
2026-06-28,39,23239,A,26524,22099,2566,6417,2635,23301,0,149,3781,223,80,-456,69,54,-1034,731,13,-1444,0
2026-06-28,40,23863,A,27296,22676,2408,6417,1837,23301,0,7,3754,270,85,-458,69,54,-1041,794,25,-1441,0
2026-06-28,41,24297,A,27676,23035,2190,6417,953,23301,0,5,3248,526,130,-786,69,54,-790,1167,274,-1308,0
2026-06-28,42,23713,A,27079,22365,2083,6417,346,23301,0,10,3142,544,132,-800,56,54,-780,1226,283,-1296,0
2026-06-28,43,24119,A,27178,22729,2004,6417,37,23301,0,9,3378,740,86,-623,-55,33,-689,1377,82,-1201,0
2026-06-28,44,23422,A,26487,22051,1920,6417,0,23301,0,9,3396,755,82,-616,-80,0,-686,1396,74,-1192,0
2026-06-28,45,23739,A,26708,22421,1923,6417,0,23301,0,10,3292,1027,62,-657,-80,-63,-603,1396,227,-1076,0
2026-06-28,46,22833,A,25789,21445,1927,6417,0,23301,0,7,3036,1050,73,-659,-80,-60,-600,1367,244,-1064,0
2026-06-28,47,21987,A,25051,20637,1822,6417,0,23301,0,9,2986,1231,508,-886,-27,0,-757,993,495,-903,0
2026-06-28,48,21750,A,24797,20381,1825,6417,0,23301,0,8,2946,1251,540,-896,0,0,-762,918,512,-897,0
2026-06-29,1,20826,A,24062,19557,1669,6417,0,23301,0,13,3035,1562,637,-998,0,0,-633,545,560,-1118,0
2026-06-29,2,20704,A,23953,19476,1693,6417,0,23301,0,16,3487,1586,648,-1000,0,0,-629,473,569,-1136,0
2026-06-29,3,20119,A,23829,18960,1655,6417,0,23301,0,10,3485,1707,794,-1040,0,0,-948,146,775,-1232,0
2026-06-29,4,19871,A,23613,18772,1648,6417,0,23301,0,6,3648,1715,804,-1044,0,0,-960,98,786,-1244,0
2026-06-29,5,19337,A,23345,18377,1551,6417,0,23301,0,7,3759,1654,810,-1057,0,-21,-1009,8,762,-1428,0
2026-06-29,6,18928,A,22940,17969,1558,6417,0,23301,0,7,3552,1651,811,-1059,-1,-3,-1011,-5,761,-1440,0
2026-06-29,7,18982,A,23185,18004,1523,6417,0,23301,0,7,3295,1783,864,-1058,-99,-96,-1008,-6,778,-1443,0
2026-06-29,8,18987,A,23328,18111,1557,6417,0,23301,0,6,3581,1790,861,-1057,-251,-82,-1008,-5,772,-1444,0
2026-06-29,9,18357,A,22806,17556,1622,6417,0,23301,0,6,3697,1542,627,-1057,-330,-95,-1021,-4,530,-1448,0
2026-06-29,10,18279,A,22630,17438,1640,6417,0,23301,0,9,3622,1515,609,-1055,-331,-5,-1021,21,515,-1448,0
2026-06-29,11,18489,A,22819,17633,1649,6417,74,23301,0,15,3692,765,562,-1053,-295,-27,-1022,350,535,-1448,0
2026-06-29,12,18445,A,22599,17556,1578,6417,447,23301,0,13,3674,714,548,-1053,-152,0,-1022,420,540,-1440,0
2026-06-29,13,19513,A,23118,18587,1491,6417,1077,23301,0,13,3636,1012,154,-763,-139,-40,-1022,792,669,-1154,0
2026-06-29,14,20027,A,23876,18946,1505,6417,1948,23301,0,23,3490,1035,135,-751,-290,-187,-1022,868,672,-1122,0
2026-06-29,15,21482,A,25049,20221,1495,6417,3050,23301,0,27,3271,1243,446,-798,-427,-339,-855,1241,463,-675,0
2026-06-29,16,21645,A,25321,20327,1561,6417,4106,23301,0,15,3289,1253,474,-779,-451,-487,-848,1281,453,-626,0
2026-06-29,17,22270,A,24384,20954,1590,6417,5301,23301,0,10,3386,1076,694,-132,-451,-531,-510,1198,603,43,0
2026-06-29,18,22000,A,24081,20630,1631,6417,6217,23301,0,5,3337,1068,713,-116,-451,-531,-488,1159,616,89,0
2026-06-29,19,22358,A,23834,20969,1617,6417,7019,23301,0,6,3282,1531,860,312,-451,-531,135,801,738,80,0
2026-06-29,20,21759,A,23234,20396,1610,6417,7818,23301,0,7,3245,1570,870,354,-451,-531,167,765,746,113,0
2026-06-29,21,21450,A,22620,20119,1640,6417,8624,23301,0,282,3133,1897,859,930,-451,-501,398,876,762,1063,0
2026-06-29,22,21291,A,22149,20032,1666,6417,9899,23301,0,575,3259,1923,863,960,-451,-482,408,897,764,1144,0
2026-06-29,23,21326,A,21889,20013,1615,6417,10312,23301,0,851,3111,1969,983,860,-383,-531,739,981,798,1406,0
2026-06-29,24,20787,A,21211,19472,1655,6417,10787,23301,0,866,2855,1972,991,856,-259,-531,752,994,798,1425,0
2026-06-29,25,20788,A,21328,19440,1559,6417,10984,23301,0,767,3048,2003,991,799,-276,-531,668,1030,710,1425,0
2026-06-29,26,20652,A,21073,19286,1581,6417,10668,23301,0,730,3190,2005,991,797,-137,-514,665,1052,704,1425,0
2026-06-29,27,20461,A,20748,19129,1586,6417,10511,23301,0,783,3151,2005,991,750,-42,-528,679,1275,706,1421,0
2026-06-29,28,20772,A,21077,19408,1590,6417,10132,23301,0,669,2923,2004,990,749,-44,-430,679,1274,707,1417,0
2026-06-29,29,21003,A,21034,19676,1425,6417,9883,23301,0,848,3181,1886,970,901,-36,-343,697,901,750,1284,0
2026-06-29,30,21275,A,21294,19876,1383,6417,9151,23301,0,847,3206,1878,969,907,-87,-279,698,884,757,1278,0
2026-06-29,31,21349,A,21343,19927,1353,6417,8568,23301,0,850,3319,1904,989,722,-124,-220,534,1256,890,1403,0
2026-06-29,32,21973,A,22165,20387,1288,6417,7985,23301,0,844,2914,1895,983,712,-184,-352,514,1292,892,1363,0
2026-06-29,33,22662,A,23278,20984,1157,6417,7236,23301,0,826,3085,1355,704,228,-222,-478,-242,1166,670,291,0
2026-06-29,34,24047,A,25240,22240,1080,6417,6250,23301,0,495,2794,1301,676,204,-369,-530,-289,1166,660,187,0
2026-06-29,35,25102,A,27180,23172,989,6417,5713,23301,0,25,2524,664,370,131,-448,-440,-709,1370,806,-6,0
2026-06-29,36,26122,A,28048,24136,970,6417,4187,23301,0,17,1876,617,350,130,-373,-288,-727,1396,809,-55,0
2026-06-29,37,26356,A,29854,24375,853,6417,3091,23301,0,11,2195,867,349,-566,-233,-135,-1029,1396,601,-1046,0
2026-06-29,38,27008,A,30436,24943,832,6417,2257,23301,0,5,2046,880,353,-680,-82,9,-1041,1396,579,-1130,0
2026-06-29,39,27447,A,31477,25428,729,6417,1528,23301,0,2,2267,697,504,-1063,49,69,-1041,1396,296,-1428,0
2026-06-29,40,27197,A,31249,25266,704,6417,1028,23301,0,6,2246,682,516,-1065,69,72,-1042,1396,278,-1451,0
2026-06-29,41,26935,A,30981,24938,658,6417,532,23301,0,2,2256,663,588,-1057,70,71,-1042,1396,238,-1449,0
2026-06-29,42,27044,A,31081,24928,653,6417,193,23301,0,8,3287,662,592,-1056,20,72,-1042,1396,236,-1447,0
2026-06-29,43,26805,A,30843,24666,635,6417,13,23301,0,2,3447,545,563,-1051,66,72,-1042,1396,277,-1447,0
2026-06-29,44,26268,A,30305,24110,675,6417,0,23301,0,2,3190,549,564,-1050,70,69,-1042,1396,285,-1447,0
2026-06-29,45,25681,A,29719,23700,615,6417,0,23301,0,3,2590,1232,653,-1052,58,9,-1042,1396,467,-1447,0
2026-06-29,46,24702,A,28735,22789,605,6417,0,23301,0,8,2488,1284,654,-1052,54,66,-1042,1392,481,-1447,0
2026-06-29,47,24018,A,28023,22253,542,6417,0,23301,0,6,2337,1162,481,-1041,56,21,-1023,1346,588,-1447,0
2026-06-29,48,23569,A,27569,21835,517,6417,0,23301,0,8,2207,1156,471,-1039,56,22,-1022,1315,594,-1447,0
2026-06-30,1,22823,A,26842,21058,531,6417,0,23301,0,11,1865,1320,566,-1061,56,29,-1022,994,592,-1447,0
2026-06-30,2,22314,A,26331,20542,508,6417,0,23301,0,14,1910,1332,571,-1062,56,0,-1022,929,593,-1447,0
2026-06-30,3,21752,A,25765,20023,477,6417,0,23301,0,13,2013,1231,527,-1057,56,0,-1022,619,603,-1447,0
2026-06-30,4,21619,A,25629,19971,509,6417,0,23301,0,15,2187,1229,526,-1056,56,0,-1022,566,601,-1447,0
2026-06-30,5,21563,A,25556,20013,507,6417,0,23301,0,22,2176,1659,573,-1049,56,0,-1019,395,496,-1447,0
2026-06-30,6,21301,A,25293,19796,535,6417,0,23301,0,22,2120,1678,577,-1048,56,0,-1019,364,487,-1447,0
2026-06-30,7,20304,A,24304,18867,533,6417,0,23301,0,22,2022,1008,564,-1053,56,0,-1022,253,419,-1447,0
2026-06-30,8,20481,A,24482,19096,536,6417,0,23301,0,20,2352,949,554,-1052,56,0,-1022,223,409,-1447,0
2026-06-30,9,19700,A,23703,18386,538,6417,0,23301,0,19,2568,385,219,-1053,56,0,-1022,21,191,-1447,0
2026-06-30,10,19640,A,23642,18356,580,6417,0,23301,0,20,2563,343,193,-1053,54,0,-1022,16,181,-1447,0
2026-06-30,11,19826,A,23823,18471,595,6417,24,23301,0,22,2588,208,83,-1050,56,6,-1022,281,300,-1447,0
2026-06-30,12,20000,A,23999,18547,594,6417,267,23301,0,21,2507,206,83,-1051,56,43,-1022,344,310,-1447,0
2026-06-30,13,21384,A,25398,19760,602,6417,831,23301,0,22,2463,678,344,-1050,18,-17,-1022,716,409,-1447,0
2026-06-30,14,22888,A,27077,21191,606,6417,1654,23301,0,14,3101,726,366,-1050,-69,-148,-1022,764,424,-1414,0
2026-06-30,15,24174,A,27696,22277,606,6417,2384,23301,0,18,2685,1508,548,-990,-220,-300,-1022,794,681,-508,0
2026-06-30,16,24658,A,28362,22679,640,6417,2850,23301,0,16,2680,1569,568,-964,-371,-451,-1017,768,697,-417,0
2026-06-30,17,25438,A,27357,23286,667,6417,3602,23301,0,232,1853,1803,814,-147,-450,-530,-524,395,681,281,0
2026-06-30,18,25018,A,26533,22856,699,6417,4391,23301,0,555,1888,1822,835,-103,-450,-531,-486,333,689,331,0
2026-06-30,19,25367,A,26063,23149,715,6417,5387,23301,0,785,1985,1992,981,274,-451,-530,266,137,979,425,0
2026-06-30,20,24702,A,25310,22461,746,6417,6368,23301,0,874,2253,2006,988,306,-451,-531,309,123,992,438,0
2026-06-30,21,24066,A,24679,21827,740,6417,6827,23301,0,869,1916,2007,891,806,-451,-531,259,251,832,682,0
2026-06-30,22,23756,A,24376,21551,754,6417,8177,23301,0,861,1359,2005,881,830,-451,-530,257,297,821,700,0
2026-06-30,23,23206,A,23825,20845,727,6417,8866,23301,0,862,909,2006,778,553,-451,-530,47,670,817,770,0
2026-06-30,24,22876,A,23496,20494,783,6417,9154,23301,0,861,560,2007,776,542,-451,-530,38,726,813,779,0
2026-06-30,25,22643,A,23133,20303,789,6417,9887,23301,0,993,248,2007,967,775,-452,-531,1,842,709,889,0
2026-06-30,26,22517,A,22985,20162,844,6417,10500,23301,0,1013,109,2000,972,782,-451,-530,0,846,701,888,0
2026-06-30,27,22132,A,22618,19909,832,6417,10488,23301,0,996,513,1537,695,442,-451,-531,95,726,668,569,0
2026-06-30,28,21868,A,22346,19590,846,6417,10235,23301,0,1003,807,1502,673,411,-451,-530,98,681,664,508,0
2026-06-30,29,21545,A,22686,19329,791,6417,9427,23301,0,859,1454,1461,569,3,-451,-504,3,308,568,-545,0
2026-06-30,30,21391,A,22491,19185,765,6417,9549,23301,0,835,1945,1456,572,0,-430,-365,-10,277,567,-630,0
2026-06-30,31,21722,A,23951,19534,763,6417,8953,23301,0,375,2111,1377,955,-228,-300,-212,-668,474,735,-696,0
2026-06-30,32,22206,A,24621,20069,714,6417,8674,23301,0,62,1685,1371,978,-251,-249,-64,-703,528,747,-710,0
2026-06-30,33,22900,A,26129,20760,667,6417,7469,23301,0,15,1544,1348,872,-724,-130,36,-877,900,807,-1013,0
2026-06-30,34,23874,A,27080,21607,661,6417,6377,23301,0,14,1571,1353,865,-746,-57,45,-884,976,811,-1033,0
2026-06-30,35,25418,A,28325,22989,622,6417,5453,23301,0,14,1148,1683,892,-717,-4,45,-713,1350,803,-987,0
2026-06-30,36,26505,A,29420,24065,596,6417,4265,23301,0,16,1931,1703,891,-728,37,44,-708,1396,798,-995,0
2026-06-30,37,27141,A,31140,24799,564,6417,3215,23301,0,2,1888,1253,826,-1054,47,45,-1029,1396,639,-1418,0
2026-06-30,38,27390,A,31432,25087,570,6417,2354,23301,0,1,1440,1225,823,-1055,47,45,-1041,1396,637,-1447,0
2026-06-30,39,27663,A,31705,25357,544,6417,1492,23301,0,0,948,1572,894,-1053,47,45,-1042,1396,895,-1447,0
2026-06-30,40,28236,A,32277,25944,514,6417,798,23301,0,0,1214,1600,899,-1052,47,45,-1042,1396,911,-1447,0
2026-06-30,41,28359,A,32398,26011,498,6417,513,23301,0,0,1370,1797,899,-1050,47,45,-1042,1396,917,-1447,0
2026-06-30,42,27372,A,31411,25080,517,6417,187,23301,0,0,1383,1812,899,-1050,47,45,-1042,1396,918,-1447,0
2026-06-30,43,27801,A,31834,25502,517,6417,17,23301,0,3,1618,1992,931,-1047,41,41,-1042,1396,960,-1447,0
2026-06-30,44,26716,A,30767,24530,498,6417,0,23301,0,11,1104,2007,934,-1046,-33,0,-1042,1396,964,-1441,0
2026-06-30,45,26137,A,30151,24050,489,6417,0,23301,0,10,985,2009,988,-1050,-172,-52,-1042,1396,995,-1208,0
2026-06-30,46,25527,A,29558,23477,476,6417,0,23301,0,8,880,2009,992,-1050,-240,-9,-1043,1382,997,-1197,0
2026-06-30,47,24242,A,28625,22256,435,6417,0,23301,0,10,1119,2009,991,-1046,-328,-65,-1023,1193,997,-1431,0
2026-06-30,48,23251,A,27818,21353,416,6417,0,23301,0,12,1173,2009,991,-1047,-350,-212,-1022,1174,997,-1448,0
2026-07-01,1,22948,A,27569,21058,395,6417,0,23301,0,13,1006,2008,982,-1049,-350,-265,-1022,1241,984,-1448,0
2026-07-01,2,22711,A,27319,20849,390,6417,0,23301,0,12,956,2008,982,-1050,-350,-250,-1022,1220,983,-1448,0
2026-07-01,3,22253,A,26943,20462,379,6417,0,23301,0,13,1122,1985,989,-1038,-350,-345,-1022,845,996,-1448,0
2026-07-01,4,21981,A,26713,20237,376,6417,0,23301,0,13,1075,1984,989,-1038,-350,-387,-1022,785,997,-1448,0
2026-07-01,5,21928,A,26791,20207,373,6417,0,23301,0,11,1379,2007,991,-1041,-350,-513,-1022,617,997,-1448,0
2026-07-01,6,21297,A,26171,19619,378,6417,0,23301,0,18,1234,2008,991,-1041,-350,-531,-1022,584,997,-1448,0
2026-07-01,7,20907,A,25784,19237,378,6417,0,23301,0,18,1051,2009,991,-1044,-350,-531,-1022,432,997,-1448,0
2026-07-01,8,20533,A,25409,18882,388,6417,0,23301,0,18,945,2008,991,-1044,-350,-530,-1022,400,997,-1448,0
2026-07-01,9,20352,A,25232,18766,408,6417,0,23301,0,14,1093,2009,991,-1044,-350,-531,-1021,238,997,-1448,0
2026-07-01,10,19838,A,24711,18191,412,6417,0,23301,0,19,852,2008,991,-1043,-350,-530,-1021,236,997,-1448,0
2026-07-01,11,19961,A,24849,18324,400,6417,65,23301,0,16,949,1909,982,-1053,-350,-531,-1022,469,979,-1448,0
2026-07-01,12,20159,A,25046,18501,392,6417,398,23301,0,16,807,1902,981,-1054,-350,-530,-1021,528,977,-1448,0
2026-07-01,13,21624,A,26580,19828,351,6417,989,23301,0,13,1251,1909,954,-1055,-413,-531,-1022,900,985,-1448,0
2026-07-01,14,22357,A,27347,20467,334,6417,1856,23301,0,16,1278,1912,952,-1055,-451,-531,-1022,976,986,-1447,0
2026-07-01,15,23682,A,28396,21692,301,6417,2774,23301,0,16,1425,2001,952,-980,-451,-530,-823,1350,965,-1446,0
2026-07-01,16,23981,A,28520,21867,301,6417,3895,23301,0,15,1750,2009,950,-851,-451,-531,-795,1372,965,-1426,0
2026-07-01,17,24506,A,26660,22151,303,6417,4981,23301,0,16,1019,2007,885,355,-451,-530,46,1059,995,-689,0
2026-07-01,18,24139,A,26192,21779,311,6417,5850,23301,0,13,888,2000,882,400,-451,-531,102,1040,996,-584,0
2026-07-01,19,24217,A,25688,21822,324,6417,6808,23301,0,10,109,1664,949,786,-451,-530,588,1288,955,563,0
2026-07-01,20,23983,A,25456,21637,340,6417,7106,23301,0,9,357,1638,949,803,-451,-531,611,1325,952,677,0
2026-07-01,21,23992,A,25456,21612,315,6417,7615,23301,0,7,224,1701,783,1026,-451,-520,701,1388,926,1122,0
2026-07-01,22,23853,A,25233,21389,337,6417,7771,23301,0,8,153,1706,770,1035,-451,-437,704,1396,922,1154,0
2026-07-01,23,23651,A,25115,21175,346,6417,8163,23301,0,8,346,1686,725,1017,-451,-521,663,1396,836,1208,0
2026-07-01,24,23722,A,25163,21232,390,6417,8137,23301,0,8,371,1684,721,1017,-451,-498,661,1396,832,1217,0
2026-07-01,25,23741,A,25085,21209,406,6417,8874,23301,0,8,375,1703,702,1039,-451,-401,702,1396,895,1410,0
2026-07-01,26,23124,A,24432,20728,491,6417,9683,23301,0,12,473,1705,700,1039,-451,-369,703,1396,894,1420,0
2026-07-01,27,22747,A,23838,20380,540,6417,9594,23301,0,10,665,1704,699,997,-382,-219,694,1396,713,1277,0
2026-07-01,28,22350,A,23150,19958,687,6417,9954,23301,0,10,803,1704,699,995,-233,-77,693,1372,701,1266,0
2026-07-01,29,22152,A,22846,19756,819,6417,9407,23301,0,9,1339,1705,699,731,-82,-121,467,1067,702,1233,0
2026-07-01,30,22132,A,22697,19711,989,6417,9865,23301,0,8,1540,1704,699,721,16,-73,459,1000,703,1214,0
2026-07-01,31,21590,A,22082,19223,1091,6417,8989,23301,0,8,1911,1706,699,767,60,0,471,626,701,644,0
2026-07-01,32,22251,A,22597,20021,1304,6417,8688,23301,0,154,2504,1705,699,768,60,34,468,550,709,601,0
2026-07-01,33,22678,A,22858,20565,1461,6417,7780,23301,0,320,2771,1706,699,513,60,48,20,176,979,487,0
2026-07-01,34,23403,A,23583,21280,1660,6417,6625,23301,0,327,3008,1705,703,480,59,48,-7,131,995,428,0
2026-07-01,35,23677,A,25795,21655,1822,6417,5704,23301,0,323,3227,1708,837,-618,60,49,-621,144,951,-702,0
2026-07-01,36,24500,A,26889,22525,2001,6417,4628,23301,0,324,3196,1706,844,-739,60,49,-654,144,941,-820,0
2026-07-01,37,25411,A,29048,23606,2080,6417,3798,23301,0,318,3581,1431,763,-1021,60,48,-1026,124,698,-1408,0
2026-07-01,38,25273,A,28978,23658,2158,6417,2832,23301,0,317,3702,1412,751,-1033,59,47,-1041,112,682,-1448,0
2026-07-01,39,26393,A,30136,24914,2298,6417,2063,23301,0,313,4168,1490,526,-1060,60,47,-1041,-7,657,-1448,0
2026-07-01,40,26463,A,30226,25088,2441,6417,1184,23301,0,315,4321,1502,515,-1062,60,45,-1042,-25,654,-1449,0
2026-07-01,41,26224,A,29971,25016,2443,6417,555,23301,0,310,4369,1063,658,-999,60,46,-1042,-67,588,-1449,0
2026-07-01,42,25804,A,29564,24703,2642,6417,152,23301,0,321,4391,1031,671,-996,60,45,-1042,-96,579,-1447,0
2026-07-01,43,25260,A,29375,24121,2995,6417,7,23301,0,316,4214,1107,779,-1034,60,45,-1042,-408,417,-1447,0
2026-07-01,44,24851,A,29039,23661,3351,6417,0,23301,0,315,4305,1114,777,-1036,60,45,-1042,-477,411,-1448,0
2026-07-01,45,23651,A,28237,22539,3532,6417,0,23301,0,316,4274,1192,409,-1050,60,46,-1042,-862,527,-1448,0
2026-07-01,46,22388,A,26992,21384,3776,6417,0,23301,0,321,4056,1210,387,-1051,60,49,-1042,-884,541,-1448,0
2026-07-01,47,21321,A,25581,20443,3883,6417,0,23301,0,323,4579,1902,518,-1060,60,49,-1022,-553,763,-1448,0
2026-07-01,48,20404,A,24653,19732,4034,6417,0,23301,0,321,4649,1952,526,-1059,60,49,-1021,-542,779,-1448,0
2026-07-02,1,20367,A,25000,19713,4120,6417,0,23301,0,320,4628,1619,492,-1055,60,49,-1021,-929,830,-1448,0
2026-07-02,2,20165,A,24875,19490,4272,6417,0,23301,0,324,4698,1582,484,-1057,60,49,-1021,-1008,827,-1448,0
2026-07-02,3,19085,A,24184,18461,4221,6417,0,23301,0,324,4759,1054,250,-1053,50,49,-1021,-1401,603,-1448,0
2026-07-02,4,18590,A,23767,18024,4410,6417,0,23301,0,322,4661,1003,232,-1053,-25,16,-1021,-1452,581,-1448,0
2026-07-02,5,17477,A,22689,16977,4378,6417,0,23301,0,489,4622,634,164,-1051,-163,-64,-1022,-1453,296,-1448,0
2026-07-02,6,16457,A,21842,15949,4466,6417,0,23301,0,614,4662,602,160,-1052,-309,-215,-1022,-1453,276,-1448,0
2026-07-02,7,16712,A,22101,16366,4448,6417,0,23301,0,767,5076,602,163,-1052,-350,-333,-1021,-1452,195,-1448,0
2026-07-02,8,16440,A,22005,15992,4536,6417,0,23301,0,738,4589,589,150,-1051,-351,-480,-1021,-1452,176,-1448,0
2026-07-02,9,16017,A,22387,15612,4385,6417,0,23301,0,824,5009,-189,-354,-1051,-350,-530,-1021,-1452,-299,-1448,0
2026-07-02,10,16053,A,22442,15673,4461,6417,0,23301,0,957,5009,-284,-399,-1051,-350,-530,-1021,-1438,-327,-1446,0
2026-07-02,11,16029,A,23165,15657,4418,6417,23,23301,0,797,5052,-854,-748,-1023,-351,-531,-1022,-1262,-268,-1374,0
2026-07-02,12,16007,A,23448,15640,4436,6417,241,23301,0,524,4789,-926,-761,-1019,-350,-530,-1022,-1239,-258,-1360,0
2026-07-02,13,17749,A,23702,17359,4410,6417,693,23301,0,355,4718,-473,-365,-615,-413,-531,-1022,-1239,-66,-1084,0
2026-07-02,14,19019,A,24865,18461,4488,6417,1251,23301,0,314,4787,-411,-318,-587,-451,-531,-1021,-1240,-38,-1063,0
2026-07-02,15,20818,A,25410,20039,4490,6417,1912,23301,0,318,4373,765,390,-165,-451,-530,-1021,-1240,483,-1003,0
2026-07-02,16,21217,A,25915,20336,4643,6417,3319,23301,0,179,4601,927,444,-145,-451,-531,-1021,-1240,526,-989,0
2026-07-02,17,21593,A,25566,20622,4655,6417,4558,23301,0,408,4516,1398,665,-158,-451,-530,-867,-1240,880,-635,0
2026-07-02,18,21028,A,24934,20066,4709,6417,6023,23301,0,442,3863,1511,685,-159,-451,-531,-861,-1240,902,-606,0
2026-07-02,19,20134,A,23253,19103,4619,6417,7470,23301,0,1036,3934,1510,889,-262,-451,-530,-739,-1240,891,-433,0
2026-07-02,20,19394,A,22530,18383,4598,6417,9040,23301,0,1030,3834,1510,900,-269,-451,-530,-735,-1239,886,-442,0
2026-07-02,21,18282,A,23199,17300,4453,6417,10236,23301,0,764,4329,1511,791,-757,-451,-531,-1007,-1240,766,-1195,0
2026-07-02,22,17678,A,22566,16675,4463,6417,11526,23301,0,874,4493,1503,767,-779,-451,-530,-1017,-1239,751,-1246,0
2026-07-02,23,16618,A,21809,15681,4411,6417,12539,23301,0,698,4608,988,183,-899,-451,-530,-1021,-1239,484,-1249,0
2026-07-02,24,15945,A,21178,15073,4416,6417,13716,23301,0,662,4470,944,140,-903,-451,-531,-1021,-1239,469,-1250,0
2026-07-02,25,15715,A,21277,14795,4175,6417,14161,23301,0,310,4515,662,68,-892,-451,-531,-1021,-1240,504,-1237,0
2026-07-02,26,15334,A,20567,14434,4207,6417,14657,23301,0,624,4779,641,64,-890,-451,-531,-1021,-1240,504,-1224,0
2026-07-02,27,15116,A,19743,14263,4055,6417,14433,23301,0,697,4477,627,103,-782,-451,-530,-1020,-1240,410,-801,0
2026-07-02,28,14844,A,19728,13985,4138,6417,14343,23301,0,389,4284,626,109,-777,-451,-530,-1019,-1215,405,-781,0
2026-07-02,29,14741,A,18758,13917,4028,6417,14552,23301,0,612,4232,643,229,-416,-451,-530,-731,-907,402,-1094,0
2026-07-02,30,14543,A,18398,13761,4062,6417,13884,23301,0,648,4466,664,245,-387,-451,-531,-720,-838,401,-1076,0
2026-07-02,31,15082,A,16692,14172,3918,6417,13272,23301,0,850,4197,1394,544,95,-451,-530,-508,-453,353,-18,0
2026-07-02,32,16044,A,17549,15172,3959,6417,11972,23301,0,848,4686,1495,575,102,-451,-531,-496,-375,356,82,0
2026-07-02,33,17449,A,18107,16503,3829,6417,10905,23301,0,844,4587,836,964,720,-451,-530,-21,2,556,784,0
2026-07-02,34,18539,A,19351,17648,3772,6417,9551,23301,0,670,4658,792,976,815,-451,-531,0,78,560,847,0
2026-07-02,35,20050,A,21227,19070,3647,6417,8066,23301,0,305,4155,1396,464,665,-451,-531,0,451,274,1388,0
2026-07-02,36,21484,A,22768,20455,3643,6417,6546,23301,0,197,4459,1432,429,647,-451,-530,11,527,258,1421,0
2026-07-02,37,22963,A,24437,21923,3498,6417,5142,23301,0,8,4036,660,461,314,-451,-531,669,900,329,1269,0
2026-07-02,38,24436,A,25917,23376,3443,6417,3955,23301,0,1,3779,602,471,312,-451,-531,694,976,339,1261,0
2026-07-02,39,25897,A,27377,24742,3177,6417,2665,23301,0,1,3428,835,748,413,-451,-530,53,1349,528,1354,0
2026-07-02,40,26103,A,27584,24868,2985,6417,1730,23301,0,1,3352,856,769,417,-451,-531,16,1396,542,1360,0
2026-07-02,41,26002,A,27930,24768,2646,6417,939,23301,0,2,3239,1192,847,255,-451,-530,-449,1396,677,1331,0
2026-07-02,42,25834,A,27783,24511,2400,6417,333,23301,0,2,3000,1225,856,245,-451,-530,-470,1396,693,1330,0
2026-07-02,43,25689,A,27642,24195,2234,6417,36,23301,0,5,3130,1684,955,2,-451,-531,-476,1396,937,1417,0
2026-07-02,44,25577,A,27528,24020,2147,6417,0,23301,0,6,3298,1719,962,0,-451,-531,-475,1396,953,1422,0
2026-07-02,45,25328,A,26958,23781,1996,6417,0,23301,0,5,3325,1916,962,0,-451,-530,-154,1396,967,1422,0
2026-07-02,46,24422,A,26035,22817,1934,6417,0,23301,0,10,3226,1927,962,0,-451,-531,-141,1396,970,1423,0
2026-07-02,47,22941,A,25049,21436,1830,6417,0,23301,0,6,2932,1537,946,-342,-451,-531,-290,1397,996,1428,0
2026-07-02,48,21857,A,24000,20520,1763,6417,0,23301,0,12,3016,1508,945,-379,-451,-530,-295,1396,997,1425,0
2026-07-03,1,21345,A,23408,20103,1591,6417,0,23301,0,11,2920,1302,961,-231,-451,-530,-362,1396,971,1424,0
2026-07-03,2,21021,A,23077,19840,1585,6417,0,23301,0,15,3007,1288,961,-223,-451,-531,-366,1396,964,1425,0
2026-07-03,3,20817,A,22994,19618,1442,6417,0,23301,0,10,2976,1292,928,182,-451,-530,-706,1396,776,1425,0
2026-07-03,4,20590,A,22779,19485,1465,6417,0,23301,0,13,3084,1290,924,198,-451,-531,-720,1396,765,1425,0
2026-07-03,5,20218,A,22332,19124,1367,6417,0,23301,0,14,2942,1199,870,198,-451,-530,-647,1396,755,1425,0
2026-07-03,6,19695,A,21754,18740,1384,6417,0,23301,0,11,3157,1193,867,196,-396,-530,-644,1396,759,1425,0
2026-07-03,7,19477,A,21631,18494,1337,6417,0,23301,0,9,3106,1286,892,-96,-370,-531,-666,1396,928,1425,0
2026-07-03,8,19113,A,21268,18092,1386,6417,0,23301,0,16,2900,1292,892,-103,-370,-531,-667,1396,935,1425,0
2026-07-03,9,18940,A,21013,17964,1343,6417,0,23301,0,13,2960,1044,823,182,-370,-526,-690,1396,800,1424,0
2026-07-03,10,18439,A,20507,17549,1368,6417,0,23301,0,15,3153,1028,821,196,-370,-522,-691,1396,797,1425,0
2026-07-03,11,18587,A,21049,17638,1248,6417,110,23301,0,14,3018,1276,886,-309,-389,-509,-769,1396,986,1425,0
2026-07-03,12,18522,A,21049,17496,1247,6417,550,23301,0,13,2989,1295,889,-334,-451,-498,-757,1396,995,1425,0
2026-07-03,13,20029,A,21509,18898,1248,6417,1202,23301,0,9,2800,1376,845,584,-451,-530,-8,1396,879,1425,0
2026-07-03,14,20576,A,22042,19360,1184,6417,2049,23301,0,16,3053,1383,846,704,-451,-531,45,1396,875,1425,0
2026-07-03,15,22125,A,23592,20734,1067,6417,3108,23301,0,15,3213,1497,981,1044,-451,-531,705,1396,990,1425,0
2026-07-03,16,22379,A,23844,20978,1117,6417,3886,23301,0,16,3121,1505,991,1046,-451,-530,741,1396,997,1425,0
2026-07-03,17,22579,A,24044,20983,1133,6417,5010,23301,0,17,3212,1505,991,1046,-451,-531,987,1396,998,1425,0
2026-07-03,18,21827,A,23292,20227,1185,6417,6237,23301,0,16,3102,1505,991,1047,-451,-530,996,1396,998,1424,0
2026-07-03,19,21249,A,22715,19588,1212,6417,7625,23301,0,16,2998,1505,991,1046,-451,-531,996,1396,997,1425,0
2026-07-03,20,20398,A,21865,18815,1277,6417,9060,23301,0,15,2855,1505,991,1048,-451,-531,996,1396,998,1425,0
2026-07-03,21,19325,A,20793,17750,1247,6417,10224,23301,0,13,2427,1505,990,1045,-451,-530,996,1396,998,1425,0
2026-07-03,22,18941,A,20361,17353,1253,6417,11228,23301,0,13,2064,1504,991,1044,-451,-482,996,1396,997,1425,0
2026-07-03,23,18229,A,19691,16666,1264,6417,12319,23301,0,16,1737,1504,991,1049,-451,-527,996,1396,997,1425,0
2026-07-03,24,17534,A,18963,15976,1337,6417,13191,23301,0,16,1714,1504,991,1048,-414,-531,996,1396,998,1425,0
2026-07-03,25,17500,A,18942,15777,1361,6417,13912,23301,0,38,1654,1505,991,1049,-450,-530,995,1396,997,1424,0
2026-07-03,26,16754,A,17602,14987,1437,6417,14250,23301,0,588,1553,1505,991,1049,-405,-531,995,1396,998,1425,0
2026-07-03,27,16599,A,17378,14892,1435,6417,14353,23301,0,703,1628,1505,991,1044,-451,-531,995,1396,997,1425,0
2026-07-03,28,16383,A,16964,14630,1465,6417,14212,23301,0,878,1705,1505,991,1045,-428,-531,995,1396,998,1425,0
2026-07-03,29,16571,A,17109,14845,1442,6417,13692,23301,0,872,2181,1505,991,1040,-380,-530,995,1396,998,1425,0
2026-07-03,30,16677,A,17297,14905,1480,6417,12597,23301,0,803,2455,1505,991,1041,-392,-531,995,1396,997,1425,0
2026-07-03,31,16636,A,17097,14778,1514,6417,11753,23301,0,872,2140,1505,991,1043,-320,-513,995,1396,997,1425,0
2026-07-03,32,17679,A,18208,15840,1487,6417,10571,23301,0,651,2121,1505,991,1042,-298,-382,995,1396,997,1425,0
2026-07-03,33,18979,A,19762,16975,1442,6417,9443,23301,0,181,1995,1505,991,1042,-233,-231,995,1396,997,1424,0
2026-07-03,34,20268,A,20914,18099,1464,6417,8084,23301,0,15,1714,1505,991,1042,-82,-79,995,1397,997,1425,0
2026-07-03,35,21573,A,22058,19303,1412,6417,6818,23301,0,15,1928,1505,991,1038,44,25,995,1396,998,1425,0
2026-07-03,36,23022,A,23510,20751,1417,6417,5526,23301,0,12,1881,1505,991,1037,60,0,995,1396,998,1425,0
2026-07-03,37,24252,A,24739,22066,1307,6417,4426,23301,0,13,2195,1505,991,1037,60,0,808,1396,998,1425,0
2026-07-03,38,25240,A,25729,22990,1300,6417,3529,23301,0,11,2092,1505,991,1027,60,0,776,1396,997,1425,0
2026-07-03,39,26488,A,27111,24296,1246,6417,2590,23301,0,6,2628,1507,965,362,60,0,-129,1396,985,1425,0
2026-07-03,40,26621,A,27305,24506,1243,6417,1573,23301,0,5,2663,1508,963,324,60,0,-189,1396,984,1425,0
2026-07-03,41,26277,A,27284,24366,1262,6417,791,23301,0,5,2821,1509,989,264,60,0,-512,1396,997,1425,0
2026-07-03,42,25735,A,26755,23771,1320,6417,253,23301,0,5,2559,1509,991,258,60,0,-525,1397,995,1425,0
2026-07-03,43,25314,A,26461,23388,1384,6417,16,23301,0,5,2710,1544,964,-182,60,0,-470,1396,921,1424,0
2026-07-03,44,25320,A,26479,23443,1431,6417,0,23301,0,5,2855,1547,961,-196,60,0,-468,1397,916,1425,0
2026-07-03,45,24905,A,25837,23019,1387,6417,0,23301,0,5,2891,1510,912,-2,60,0,-407,1396,937,1425,-28
2026-07-03,46,24159,A,25059,22336,1536,6417,0,23301,0,5,2902,1513,910,0,58,0,-405,1396,940,1422,0
2026-07-03,47,23010,A,24177,21352,1626,6417,0,23301,0,5,2922,1939,941,-351,13,-65,-256,1396,993,1319,0
2026-07-03,48,21951,A,23340,20499,1687,6417,0,23301,0,7,3106,1970,944,-390,-43,-215,-248,1396,997,1311,0
2026-07-04,1,21472,A,22770,20081,1676,6417,0,23301,0,5,2667,2004,988,-252,-191,-360,203,1396,997,1324,0
2026-07-04,2,20968,A,22323,19614,1716,6417,0,23301,0,10,2731,2006,991,-244,-316,-305,222,1396,996,1322,0
2026-07-04,3,20551,A,21592,19198,1713,6417,0,23301,0,10,2623,2007,991,107,-330,-221,114,1396,997,1169,0
2026-07-04,4,20080,A,21116,18851,1782,6417,0,23301,0,10,2767,2007,991,115,-330,-216,108,1396,997,1155,0
2026-07-04,5,19618,A,21224,18396,1803,6417,0,23301,0,11,2912,2008,991,-152,-330,-365,-270,1397,997,1016,0
2026-07-04,6,19108,A,20806,17884,1863,6417,0,23301,0,16,2776,2007,991,-170,-329,-404,-285,1367,997,1000,-26
2026-07-04,7,18441,A,21091,17338,1849,6417,0,23301,0,19,3319,2009,991,-734,-304,-515,-616,993,997,792,0
2026-07-04,8,18341,A,21049,17227,1984,6417,0,23301,0,19,3174,2009,991,-765,-300,-531,-631,917,997,771,0
2026-07-04,9,17928,A,21186,16950,1939,6417,0,23301,0,117,3238,2009,991,-1040,-299,-530,-1006,544,998,629,0
2026-07-04,10,17539,A,20460,16612,1999,6417,0,23301,0,480,3361,2007,985,-1051,-299,-530,-1021,468,997,605,0
2026-07-04,11,17057,A,19839,16146,1944,6417,36,23301,0,595,3582,1732,772,-1051,-299,-506,-1021,95,961,91,0
2026-07-04,12,16772,A,19355,15920,1969,6417,266,23301,0,755,3404,1715,763,-1051,-300,-466,-1021,22,960,65,0
2026-07-04,13,17586,A,20412,16468,1981,6417,726,23301,0,863,3225,1989,976,-1042,-325,-484,-1021,-317,995,426,0
2026-07-04,14,17275,A,20050,16128,2028,6417,1359,23301,0,947,3044,2007,991,-1041,-330,-478,-1015,-358,989,458,0
2026-07-04,15,17733,A,19554,16668,2052,6417,2103,23301,0,942,3280,1731,991,-647,-330,-530,-431,-325,721,711,0
2026-07-04,16,17953,A,19800,16928,2228,6417,2939,23301,0,940,3546,1710,989,-629,-397,-531,-399,-331,706,732,0
2026-07-04,17,18260,A,19542,17079,2278,6417,3907,23301,0,937,3245,1708,922,-280,-451,-530,55,-458,772,832,0
2026-07-04,18,18097,A,19414,16934,2514,6417,4948,23301,0,929,3267,1708,909,-260,-451,-531,78,-504,779,824,0
2026-07-04,19,18240,A,19694,17046,2539,6417,5961,23301,0,919,3584,1512,593,322,-451,-531,538,-891,875,256,0
2026-07-04,20,18440,A,19960,17253,2695,6417,7038,23301,0,921,4123,1499,574,358,-451,-531,559,-959,883,202,0
2026-07-04,21,18237,A,20364,17025,2692,6417,7618,23301,0,916,4350,1550,648,299,-451,-530,656,-1208,917,-354,0
2026-07-04,22,18149,A,20459,17012,2898,6417,7957,23301,0,781,4403,1552,649,297,-451,-531,654,-1224,913,-385,0
2026-07-04,23,18196,A,20445,17022,2983,6417,8163,23301,0,371,4562,1294,486,299,-451,-531,122,-1039,718,-99,0
2026-07-04,24,17885,A,19670,16705,3175,6417,8760,23301,0,803,4425,1275,472,299,-451,-531,97,-1031,704,-75,0
2026-07-04,25,17382,A,19164,16227,3211,6417,9528,23301,0,915,4490,1280,388,359,-451,-530,342,-1216,627,69,0
2026-07-04,26,17297,A,19156,16070,3379,6417,10235,23301,0,862,4452,1280,382,361,-451,-531,351,-1239,628,69,0
2026-07-04,27,16415,A,18612,15223,3338,6417,10899,23301,0,907,4231,1222,398,525,-451,-530,336,-1239,835,-384,0
2026-07-04,28,16067,A,18313,14850,3424,6417,10272,23301,0,897,4012,1208,390,530,-451,-531,334,-1239,838,-422,0
2026-07-04,29,15209,A,17736,14172,3416,6417,10197,23301,0,887,4287,546,74,178,-398,-531,-63,-1239,530,-683,0
2026-07-04,30,15301,A,17901,14180,3549,6417,9768,23301,0,892,4147,494,54,162,-427,-530,-80,-1239,515,-716,0
2026-07-04,31,15426,A,19769,14273,3490,6417,9187,23301,0,525,4140,762,102,-499,-399,-531,-429,-1239,640,-1271,0
2026-07-04,32,15709,A,19984,14619,3555,6417,8789,23301,0,603,4184,791,118,-577,-323,-531,-443,-1215,657,-1289,0
2026-07-04,33,16708,A,19197,15521,3527,6417,7570,23301,0,871,3728,1549,558,-333,-359,-530,-208,-906,951,-524,0
2026-07-04,34,17982,A,20195,16773,3605,6417,6383,23301,0,810,4298,1615,598,-323,-247,-462,-198,-837,970,-456,0
2026-07-04,35,19681,A,20600,18333,3427,6417,5686,23301,0,864,4208,1976,966,-341,-110,-312,-68,-452,995,102,0
2026-07-04,36,20815,A,21636,19437,3396,6417,4437,23301,0,717,4137,2007,991,-343,-3,-251,-66,-375,996,145,0
2026-07-04,37,21696,A,23477,20218,3109,6417,3430,23301,0,82,4001,2008,991,-601,0,-251,-511,2,997,326,0
2026-07-04,38,22079,A,23960,20621,3092,6417,2496,23301,0,12,4082,2008,991,-611,0,-251,-531,78,997,361,0
2026-07-04,39,23673,A,25692,22231,2836,6417,1852,23301,0,7,4306,2008,991,-758,0,-252,-516,451,997,1182,0
2026-07-04,40,23310,A,25335,21804,2727,6417,1021,23301,0,5,3495,2008,991,-763,0,-251,-516,527,997,1237,0
2026-07-04,41,24090,A,26211,22608,2468,6417,549,23301,0,2,3537,2009,991,-705,0,-252,-666,900,997,1231,0
2026-07-04,42,24143,A,26286,22636,2378,6417,181,23301,0,4,3676,2008,991,-703,0,-273,-671,976,997,1227,0
2026-07-04,43,23450,A,25388,21887,2221,6417,12,23301,0,6,3320,1909,991,-449,0,-387,-608,1349,970,1133,0
2026-07-04,44,23378,A,25445,21916,2186,6417,0,23301,0,7,3438,1903,990,-422,-69,-477,-606,1396,969,1127,0
2026-07-04,45,23016,A,24667,21494,2021,6417,0,23301,0,7,3210,1973,964,-2,-221,-530,-405,1396,995,1127,0
2026-07-04,46,22459,A,24252,20966,2001,6417,0,23301,0,11,3061,1974,960,0,-371,-531,-402,1368,993,1122,0
2026-07-04,47,21802,A,24717,20388,1790,6417,0,23301,0,10,3269,1665,878,-539,-451,-530,-905,1011,830,1092,0
2026-07-04,48,21551,A,24569,20103,1752,6417,0,23301,0,13,3340,1640,870,-622,-451,-531,-927,983,819,1089,0
2026-07-05,1,21489,A,23631,20050,1670,6417,0,23301,0,9,2828,1609,824,-134,-389,-530,-598,1194,779,1076,0
2026-07-05,2,21089,A,23169,19685,1619,6417,0,23301,0,8,2901,1614,825,-119,-351,-531,-587,1224,781,1075,0
2026-07-05,3,20388,A,23467,19073,1524,6417,0,23301,0,10,2935,1978,981,-704,-351,-530,-1004,1257,948,1041,0
2026-07-05,4,20126,A,23270,18864,1526,6417,0,23301,0,10,2909,2007,990,-751,-351,-531,-1021,1265,959,1038,0
2026-07-05,5,19638,A,21971,18322,1444,6417,0,23301,0,230,2530,1737,953,-229,-351,-530,-953,1322,988,1019,0
2026-07-05,6,19058,A,21002,17739,1499,6417,0,23301,0,592,2335,1713,952,-203,-351,-531,-951,1317,990,1019,0
2026-07-05,7,18934,A,20699,17540,1371,6417,0,23301,0,601,2030,1880,988,-212,-351,-530,-773,1153,996,1109,0
2026-07-05,8,18817,A,20588,17371,1401,6417,0,23301,0,595,1875,1894,991,-217,-351,-531,-767,1150,997,1115,0
2026-07-05,9,18510,A,20830,17031,1369,6417,0,23301,0,593,1717,1954,991,-721,-351,-531,-810,1363,998,1044,0
2026-07-05,10,17969,A,20411,16514,1367,6417,0,23301,0,496,1585,1959,991,-744,-351,-531,-812,1390,997,1040,0
2026-07-05,11,17428,A,19679,16112,1284,6417,26,23301,0,457,1716,1975,976,-369,-351,-530,-958,1396,997,1098,0
2026-07-05,12,16908,A,18974,15673,1247,6417,286,23301,0,601,1722,1974,971,-344,-351,-530,-942,1397,989,1107,0
2026-07-05,13,17318,A,18403,15912,1084,6417,752,23301,0,378,1126,1726,813,389,-351,-530,-82,1397,720,1309,0
2026-07-05,14,17321,A,18254,15846,1070,6417,1199,23301,0,466,880,1708,806,441,-351,-531,-17,1397,710,1318,0
2026-07-05,15,17480,A,18317,15915,1047,6417,1903,23301,0,545,271,1708,915,841,-351,-531,650,1397,944,1151,0
2026-07-05,16,17552,A,18374,16046,1040,6417,2656,23301,0,589,455,1708,920,861,-380,-531,686,1397,958,1139,0
2026-07-05,17,18023,A,19020,16497,1031,6417,3256,23301,0,484,455,1708,829,947,-451,-530,713,1397,958,1139,0
2026-07-05,18,18490,A,19841,16912,1012,6417,4059,23301,0,132,616,1709,823,948,-452,-531,715,1397,959,1139,0
2026-07-05,19,18929,A,20391,17232,1009,6417,4737,23301,0,19,500,1707,806,926,-451,-530,734,1397,995,1139,0
2026-07-05,20,19214,A,20677,17452,1045,6417,5403,23301,0,19,891,1707,805,925,-451,-531,735,1397,995,1139,0
2026-07-05,21,19177,A,20640,17416,1044,6417,5758,23301,0,19,920,1709,805,946,-452,-530,781,1396,931,1139,0
2026-07-05,22,18394,A,19858,16809,1055,6417,6777,23301,0,19,1041,1709,803,947,-452,-531,783,1396,927,1139,0
2026-07-05,23,18067,A,19529,16463,1043,6417,7627,23301,0,19,1442,1708,704,835,-451,-530,727,1396,920,1139,0
2026-07-05,24,17491,A,18811,15964,1049,6417,8944,23301,0,162,1576,1708,697,827,-451,-531,724,1396,914,1146,0
2026-07-05,25,17625,A,19056,16049,1093,6417,9555,23301,0,50,1658,1705,700,760,-451,-530,722,1396,717,1405,0
2026-07-05,26,17640,A,18789,15837,1223,6417,10021,23301,0,333,1936,1705,700,755,-451,-531,721,1396,705,1424,0
2026-07-05,27,17245,A,18518,15552,1249,6417,10431,23301,0,209,1954,1707,699,755,-451,-531,723,1396,705,1424,0
2026-07-05,28,16820,A,18170,15141,1403,6417,11023,23301,0,131,1871,1706,699,755,-451,-530,723,1396,705,1424,0
2026-07-05,29,16406,A,17111,14815,1372,6417,10809,23301,0,777,2370,1705,699,755,-451,-531,705,1396,704,1424,0
2026-07-05,30,16681,A,17524,15075,1481,6417,10725,23301,0,639,2806,1705,699,755,-451,-531,704,1396,704,1424,0
2026-07-05,31,16738,A,17796,15162,1568,6417,10322,23301,0,423,2992,1705,701,749,-451,-530,704,1396,704,1424,0
2026-07-05,32,17221,A,18697,15639,1711,6417,9549,23301,0,6,2520,1706,709,759,-451,-531,704,1396,710,1424,0
2026-07-05,33,18153,A,19533,16368,1623,6417,8156,23301,0,45,1919,1793,973,1042,-451,-474,703,1396,892,1424,0
2026-07-05,34,19852,A,21068,18007,1705,6417,7249,23301,0,29,2360,1799,991,1044,-420,-325,703,1396,906,1424,0
2026-07-05,35,21788,A,22756,19887,1634,6417,5863,23301,0,14,3153,1713,991,1043,-309,-173,705,1396,990,1424,0
2026-07-05,36,23411,A,24280,21562,1591,6417,4824,23301,0,5,3175,1708,991,1043,-319,-55,705,1397,996,1424,0
2026-07-05,37,24241,A,25121,22457,1594,6417,3746,23301,0,6,3399,1985,991,1043,-252,-134,639,1396,996,1424,0
2026-07-05,38,25495,A,26476,23709,1710,6417,2697,23301,0,3,3314,2005,991,1043,-251,-233,636,1396,996,1424,0
2026-07-05,39,26038,A,27051,24280,1679,6417,1886,23301,0,4,3354,2006,992,1029,-251,-266,606,1396,996,1424,0
2026-07-05,40,26237,A,27384,24521,1749,6417,1136,23301,0,3,3093,2006,991,1018,-252,-398,585,1396,996,1424,0
2026-07-05,41,25302,A,26613,23831,1713,6417,605,23301,0,0,3314,2007,974,365,-252,-329,-230,1396,996,1399,0
2026-07-05,42,25040,A,26403,23574,1787,6417,185,23301,0,0,3023,2006,970,319,-250,-330,-283,1396,996,1394,0
2026-07-05,43,25414,A,27250,24044,1771,6417,13,23301,0,1,3381,1924,899,2,-158,-455,-724,1396,965,1374,0
2026-07-05,44,25002,A,26850,23657,1900,6417,0,23301,0,1,3430,1916,891,0,-115,-491,-743,1397,961,1371,0
2026-07-05,45,24177,A,26325,22939,1878,6417,0,23301,0,8,3198,1793,775,-360,-175,-530,-591,1396,842,1311,0
2026-07-05,46,23256,A,25590,22072,2015,6417,0,23301,0,13,2969,1785,765,-404,-325,-531,-587,1396,829,1286,0
2026-07-05,47,22392,A,25453,21393,2040,6417,0,23301,0,13,3359,1854,676,-838,-336,-462,-938,1396,630,531,0
2026-07-05,48,21821,A,24619,20892,2135,6417,0,23301,0,12,3391,1859,666,-859,-187,-312,-952,1396,616,473,0
2026-07-06,1,21339,A,23955,20476,2199,6417,0,23301,0,12,3464,1731,510,-943,-80,-160,-945,1396,553,273,0
2026-07-06,2,20382,A,22880,19685,2320,6417,0,23301,0,14,3400,1723,509,-946,-75,-46,-945,1396,559,255,0
2026-07-06,3,20136,A,22880,19451,2230,6417,0,23301,0,14,3447,1817,884,-1021,-75,-158,-1004,1388,889,90,0
2026-07-06,4,20333,A,23177,19487,2310,6417,0,23301,0,14,3411,1826,911,-1031,-75,-246,-1006,1358,911,71,0
2026-07-06,5,19640,A,22807,18869,2386,6417,0,23301,0,12,3522,1973,986,-1030,-75,-329,-1012,984,992,-233,0
2026-07-06,6,19167,A,22319,18400,2455,6417,0,23301,0,92,3393,1984,991,-1029,-75,-365,-1012,920,997,-263,0
2026-07-06,7,18805,A,22121,18068,2455,6417,0,23301,0,310,3268,2001,982,-1020,-75,-418,-1019,694,987,-594,0
2026-07-06,8,18425,A,21694,17665,2498,6417,0,23301,0,321,3621,1995,980,-1019,-75,-353,-1019,663,982,-624,0
2026-07-06,9,18254,A,21705,17611,2429,6417,0,23301,0,314,4127,1633,921,-1031,-75,-226,-1021,631,892,-912,0
2026-07-06,10,17843,A,21280,17211,2446,6417,0,23301,0,320,4161,1596,901,-1031,-88,-181,-1021,615,881,-936,0
2026-07-06,11,17399,A,21005,16801,2453,6417,33,23301,0,321,4090,1249,319,-1032,-215,-90,-1021,462,726,-1069,0
2026-07-06,12,17465,A,21202,16938,2446,6417,281,23301,0,320,3946,1232,294,-1032,-325,-116,-1021,472,723,-1063,0
2026-07-06,13,19390,A,22562,18786,2396,6417,678,23301,0,322,3972,1921,828,-897,-331,-268,-942,846,956,-556,0
2026-07-06,14,20166,A,23319,19466,2420,6417,1462,23301,0,323,4023,1979,867,-796,-331,-408,-933,907,972,-508,0
2026-07-06,15,21524,A,22836,20592,2321,6417,2425,23301,0,321,3522,2004,983,-2,-331,-402,-367,1096,971,-31,0
2026-07-06,16,21914,A,23273,20806,2344,6417,3848,23301,0,324,3649,2005,991,0,-330,-513,-340,1108,971,20,0
2026-07-06,17,22081,A,23561,20767,2290,6417,5152,23301,0,308,3305,2008,991,111,-330,-531,-427,962,995,727,0
2026-07-06,18,21377,A,23041,19997,2347,6417,6581,23301,0,170,3508,2008,991,119,-374,-530,-430,927,997,777,0
2026-07-06,19,21488,A,23077,20011,2459,6417,7605,23301,0,173,3422,2008,991,482,-451,-531,-280,715,997,827,0
2026-07-06,20,20895,A,22530,19346,2617,6417,8617,23301,0,99,3470,2007,987,500,-452,-530,-252,688,995,682,0
2026-07-06,21,20140,A,21944,18631,2518,6417,9592,23301,0,677,3584,1936,855,938,-452,-530,603,688,927,-999,0
2026-07-06,22,19714,A,21651,18243,2600,6417,10553,23301,0,718,3546,1930,842,957,-452,-531,657,687,916,-1172,0
2026-07-06,23,19358,A,19953,17815,2649,6417,11277,23301,0,888,3343,1723,709,855,-452,-531,688,687,718,48,0
2026-07-06,24,18940,A,19693,17412,2752,6417,12304,23301,0,729,3196,1709,705,850,-452,-530,689,382,713,151,0
2026-07-06,25,18548,A,19164,16850,2764,6417,13034,23301,0,867,3170,1931,894,590,-452,-531,768,394,974,7,0
2026-07-06,26,18145,A,18592,16504,2839,6417,13005,23301,0,1035,3298,1946,908,580,-452,-530,771,422,989,10,0
2026-07-06,27,18331,A,18827,16563,2808,6417,13466,23301,0,987,3076,1712,917,869,-452,-531,709,559,945,471,0
2026-07-06,28,18670,A,19243,16959,2937,6417,13371,23301,0,910,2802,1695,913,875,-452,-531,707,576,940,500,0
2026-07-06,29,18294,A,18751,16618,2898,6417,12684,23301,0,1025,2637,1478,742,364,-452,-530,791,579,854,314,0
2026-07-06,30,18505,A,18984,16894,2979,6417,12013,23301,0,1004,2926,1460,734,346,-452,-531,795,577,848,301,0
2026-07-06,31,19280,A,19944,17784,2864,6417,11095,23301,0,819,3208,1295,865,943,-452,-531,639,538,830,321,0
2026-07-06,32,20098,A,20685,18634,2869,6417,9941,23301,0,896,3588,1291,877,976,-452,-531,633,535,833,342,0
2026-07-06,33,21801,A,22592,20337,2992,6417,8880,23301,0,697,3582,1951,980,1043,-452,-530,686,559,986,1044,-6
2026-07-06,34,23014,A,24265,21488,2874,6417,7689,23301,0,231,3449,2006,987,1043,-452,-530,682,591,995,1095,0
2026-07-06,35,24183,A,25569,22499,2639,6417,6295,23301,0,35,2683,2005,983,950,-452,-469,148,963,989,1225,0
2026-07-06,36,25638,A,27105,24003,2618,6417,5324,23301,0,10,3127,1998,982,945,-452,-525,119,1035,984,1239,0
2026-07-06,37,26832,A,28669,25219,2414,6417,4038,23301,0,9,3457,1378,955,1040,-452,-531,-363,1356,792,1393,0
2026-07-06,38,27453,A,29312,25894,2339,6417,2956,23301,0,9,3205,1326,948,1043,-452,-531,-385,1396,777,1404,0
2026-07-06,39,27824,A,30004,26260,2129,6417,2007,23301,0,8,3006,1160,794,842,-452,-531,-705,1396,669,1420,0
2026-07-06,40,28183,A,30376,26647,2090,6417,1271,23301,0,6,3063,1147,781,834,-452,-530,-717,1396,665,1422,0
2026-07-06,41,27985,A,30324,26432,1936,6417,594,23301,0,5,3215,1365,717,492,-453,-531,-860,1397,739,1425,0
2026-07-06,42,28058,A,30400,26505,1926,6417,187,23301,0,5,3177,1379,707,477,-452,-530,-865,1396,740,1425,0
2026-07-06,43,27306,A,29584,25906,1832,6417,10,23301,0,4,3156,1264,494,571,-453,-531,-798,1397,643,1425,0
2026-07-06,44,26623,A,28895,25380,1950,6417,0,23301,0,6,3045,1256,479,569,-452,-530,-796,1396,637,1425,0
2026-07-06,45,25560,A,27613,24415,2063,6417,0,23301,0,6,3001,1353,435,124,-452,-531,-576,1396,671,1425,0
2026-07-06,46,24466,A,26530,23369,2179,6417,0,23301,0,9,3040,1361,432,111,-452,-531,-569,1396,669,1425,-21
2026-07-06,47,23105,A,25869,22110,2144,6417,0,23301,0,10,3104,1466,436,-516,-384,-530,-844,1396,551,1425,0
2026-07-06,48,22436,A,25144,21383,2155,6417,0,23301,0,10,3194,1475,442,-600,-234,-531,-853,1396,548,1425,0
2026-07-07,1,22411,A,24529,21405,2200,6417,0,23301,0,9,2939,1627,660,-443,-112,-531,-541,1397,710,1282,0
2026-07-07,2,22142,A,24221,21166,2195,6417,0,23301,0,8,2935,1639,680,-438,-100,-520,-529,1390,724,1275,0
2026-07-07,3,21187,A,23803,20316,2201,6417,0,23301,0,8,2871,1840,878,-738,-100,-530,-756,1314,853,1398,0
2026-07-07,4,20757,A,23397,20034,2239,6417,0,23301,0,6,3271,1855,893,-751,-100,-531,-764,1275,865,1407,0
2026-07-07,5,20324,A,23211,19593,2255,6417,0,23301,0,5,3218,1990,978,-799,-100,-531,-962,901,988,1407,0
2026-07-07,6,19528,A,22424,18848,2268,6417,0,23301,0,5,3355,2000,984,-801,-100,-531,-969,825,995,1407,0
2026-07-07,7,19736,A,22756,19095,2244,6417,0,23301,0,5,3562,2009,990,-926,-100,-530,-969,453,973,1421,0
2026-07-07,8,19063,A,22088,18408,2292,6417,0,23301,0,5,3461,2008,986,-931,-100,-530,-969,430,969,1422,0
2026-07-07,9,18851,A,21842,18364,2227,6417,0,23301,0,6,3583,1783,854,-907,-100,-531,-959,733,859,1422,0
2026-07-07,10,18760,A,21750,18224,2241,6417,0,23301,0,6,3726,1762,835,-906,-100,-531,-959,801,841,1421,0
2026-07-07,11,18273,A,21502,17777,2065,6417,53,23301,0,9,3533,1422,486,-1025,-170,-530,-1013,1174,495,1367,0
2026-07-07,12,18569,A,21912,18083,2050,6417,352,23301,0,11,3225,1398,470,-1028,-307,-504,-1015,1232,480,1364,0
2026-07-07,13,20090,A,22953,19353,1990,6417,769,23301,0,15,2733,1844,779,-619,-331,-530,-898,1378,728,1412,0
2026-07-07,14,21271,A,24047,20406,1975,6417,1316,23301,0,15,3232,1880,805,-562,-331,-531,-867,1397,751,1402,0
2026-07-07,15,23020,A,24412,21976,1914,6417,2005,23301,0,12,2674,1998,979,656,-374,-530,65,1396,983,838,0
2026-07-07,16,23186,A,24657,22048,2015,6417,2760,23301,0,12,2975,2007,991,801,-452,-531,136,1397,997,799,0
2026-07-07,17,23377,A,24846,22087,2091,6417,3796,23301,0,13,3089,2004,991,1032,-452,-530,747,1396,996,798,0
2026-07-07,18,23093,A,24560,21638,2130,6417,5140,23301,0,16,2645,2004,991,1033,-452,-531,778,1396,996,798,0
2026-07-07,19,22625,A,24092,20922,2061,6417,6514,23301,0,16,2216,2005,991,1048,-452,-531,725,1396,996,798,0
2026-07-07,20,21821,A,23285,19930,2061,6417,7937,23301,0,19,2007,2004,991,1048,-452,-531,723,1396,995,798,0
2026-07-07,21,20953,A,22411,18925,1902,6417,9450,23301,0,24,1891,1771,991,1045,-452,-530,722,1396,949,798,0
2026-07-07,22,20006,A,21201,17914,1922,6417,10821,23301,0,288,1555,1755,988,1044,-452,-531,722,1396,943,791,0
2026-07-07,23,19447,A,20757,17449,1796,6417,11710,23301,0,128,1521,1708,878,1019,-434,-504,722,1396,829,525,0
2026-07-07,24,19414,A,20608,17441,1876,6417,12581,23301,0,79,1508,1705,867,1018,-395,-378,722,1397,823,529,0
2026-07-07,25,19391,A,20666,17394,1796,6417,12715,23301,0,79,1304,1707,734,1017,-452,-402,723,1396,869,1369,0
2026-07-07,26,19338,A,20636,17371,1852,6417,12940,23301,0,78,1493,1707,724,1018,-448,-428,723,1397,873,1427,0
2026-07-07,27,19345,A,20557,17438,1795,6417,12812,23301,0,78,1662,1707,702,1018,-452,-338,723,1396,899,1427,0
2026-07-07,28,19333,A,20479,17407,1875,6417,13246,23301,0,78,1494,1707,701,1019,-452,-272,723,1396,901,1427,0
2026-07-07,29,19520,A,20663,17616,1820,6417,13187,23301,0,77,1606,1707,701,1017,-452,-268,705,1396,897,1427,0
2026-07-07,30,19599,A,20597,17719,1877,6417,12682,23301,0,73,1744,1709,708,1016,-452,-119,704,1396,892,1427,0
2026-07-07,31,19915,A,20757,17979,1759,6417,11618,23301,0,130,1851,1984,973,1017,-445,-27,701,1396,713,1427,0
2026-07-07,32,20666,A,21747,18663,1736,6417,10822,23301,0,16,1981,2005,991,1017,-452,-145,701,1396,701,1427,0
2026-07-07,33,21384,A,22454,19397,1656,6417,9624,23301,0,19,2029,2005,991,1039,-453,-136,703,1396,704,1427,0
2026-07-07,34,23238,A,24411,21141,1640,6417,8519,23301,0,17,2280,2005,991,1039,-453,-237,703,1397,712,1427,0
2026-07-07,35,25067,A,26237,22743,1554,6417,7110,23301,0,10,2405,2004,991,946,-444,-236,701,1396,979,1426,0
2026-07-07,36,26018,A,27332,23721,1570,6417,5760,23301,0,15,2324,2004,989,941,-452,-377,701,1397,995,1423,0
2026-07-07,37,27329,A,28775,24939,1532,6417,4485,23301,0,17,2694,2004,907,911,-453,-510,532,1396,996,1423,0
2026-07-07,38,28411,A,29885,26081,1541,6417,3385,23301,0,10,2557,2005,903,909,-453,-531,522,1396,996,1423,0
2026-07-07,39,30049,A,31528,27747,1405,6417,2411,23301,0,3,2947,2006,985,671,-452,-530,23,1396,997,1423,0
2026-07-07,40,29720,A,31195,27689,1387,6417,1520,23301,0,9,2972,2006,991,661,-453,-531,0,1396,996,1423,0
2026-07-07,41,29786,A,31438,27722,1303,6417,803,23301,0,4,2919,2007,991,374,-453,-531,-172,1396,997,1423,0
2026-07-07,42,29259,A,30911,27248,1254,6417,265,23301,0,8,2564,2006,991,362,-452,-530,-178,1396,996,1423,0
2026-07-07,43,29144,A,30652,27237,1087,6417,18,23301,0,9,2856,2006,991,536,-452,-531,-34,1396,966,1423,0
2026-07-07,44,28900,A,30408,27029,1078,6417,0,23301,0,4,2832,2006,990,542,-452,-531,-29,1397,965,1424,0
2026-07-07,45,27806,A,29586,26039,993,6417,0,23301,0,7,2772,1885,964,549,-452,-530,-305,1396,995,1409,0
2026-07-07,46,26668,A,28461,24934,1035,6417,0,23301,0,13,2284,1877,960,518,-452,-530,-324,1396,995,1407,0
2026-07-07,47,25304,A,28184,23663,1030,6417,0,23301,0,10,2437,1981,897,-459,-452,-531,-948,1397,921,1388,0
2026-07-07,48,24926,A,27909,23354,1056,6417,0,23301,0,7,2592,1988,894,-528,-452,-530,-980,1396,918,1386,0
2026-07-08,1,24217,A,27179,22605,1016,6417,0,23301,0,8,2364,1941,985,-518,-452,-530,-970,1396,991,1399,0
2026-07-08,2,23810,A,26772,22180,1013,6417,0,23301,0,8,2422,1939,991,-518,-452,-530,-970,1396,996,1395,0
2026-07-08,3,23378,A,26226,21771,981,6417,0,23301,0,8,2529,2004,991,-551,-452,-531,-822,1397,997,1179,0
2026-07-08,4,23130,A,25973,21603,994,6417,0,23301,0,7,2525,2008,991,-552,-452,-530,-816,1396,997,1163,0
2026-07-08,5,22527,A,25704,21027,981,6417,0,23301,0,10,2545,2008,991,-842,-452,-531,-862,1396,997,1136,0
2026-07-08,6,22011,A,25202,20519,989,6417,0,23301,0,10,2393,2008,991,-854,-452,-531,-864,1396,997,1135,0
2026-07-08,7,22051,A,25559,20589,926,6417,0,23301,0,10,2469,2008,991,-1019,-452,-531,-1016,1397,997,1148,0
2026-07-08,8,21448,A,24968,19916,915,6417,0,23301,0,10,2155,2008,988,-1026,-452,-530,-1022,1396,991,1153,0
2026-07-08,9,21251,A,24792,19632,910,6417,0,23301,0,10,2242,1885,887,-1047,-452,-530,-1022,1396,783,1273,0
2026-07-08,10,21135,A,24679,19516,870,6417,0,23301,0,10,2252,1874,879,-1049,-452,-531,-1022,1396,770,1280,0
2026-07-08,11,21510,A,25047,19901,798,6417,29,23301,0,10,2336,1782,830,-1043,-452,-530,-1022,1396,766,1234,0
2026-07-08,12,21535,A,25073,19847,706,6417,332,23301,0,8,2187,1775,830,-1042,-452,-530,-1022,1396,772,1235,0
2026-07-08,13,22735,A,26206,20940,630,6417,978,23301,0,6,2046,1989,970,-1010,-452,-531,-984,1397,984,1413,0
2026-07-08,14,23322,A,26641,21385,527,6417,1833,23301,0,12,1944,2004,980,-877,-452,-530,-972,1396,997,1425,0
2026-07-08,15,25207,A,26994,23044,445,6417,2884,23301,0,10,1749,2006,990,310,-452,-531,-314,1397,997,1425,0
2026-07-08,16,25341,A,27093,22978,430,6417,4043,23301,0,10,1617,2007,991,344,-452,-531,-279,1396,997,1425,0
2026-07-08,17,25208,A,26679,22710,430,6417,5448,23301,0,12,1810,2006,991,462,-452,-531,26,1396,996,1426,0
2026-07-08,18,24678,A,26149,22133,411,6417,6866,23301,0,12,1640,2006,991,469,-452,-531,38,1397,996,1426,0
2026-07-08,19,24319,A,25785,21726,384,6417,8290,23301,0,16,1339,2006,991,896,-452,-530,25,1394,996,1426,0
2026-07-08,20,23430,A,24899,20834,367,6417,9653,23301,0,14,1172,2006,991,916,-452,-531,24,1393,996,1426,0
2026-07-08,21,22548,A,24236,20066,322,6417,10909,23301,0,8,1219,2007,991,780,-452,-531,-213,1394,997,1426,0
2026-07-08,22,21896,A,23611,19427,311,6417,12100,23301,0,8,1302,2007,986,775,-452,-530,-218,1394,994,1426,-23
2026-07-08,23,22161,A,23637,19719,318,6417,13111,23301,0,7,1311,2005,813,601,-452,-531,225,1394,904,1426,0
2026-07-08,24,21635,A,23109,19195,330,6417,13869,23301,0,9,1098,2003,806,595,-452,-531,241,1394,898,1426,0
2026-07-08,25,21800,A,23479,19450,331,6417,14195,23301,0,6,1614,1728,979,829,-452,-530,-203,1394,900,1426,0
2026-07-08,26,21475,A,23155,19208,369,6417,14307,23301,0,8,1401,1706,991,838,-452,-531,-205,1394,895,1426,0
2026-07-08,27,21302,A,22777,19007,354,6417,14334,23301,0,8,940,1704,991,998,-452,-531,565,1394,713,1426,0
2026-07-08,28,21282,A,22756,19129,398,6417,13946,23301,0,8,864,1704,991,1004,-452,-530,610,1394,702,1426,0
2026-07-08,29,21367,A,22845,19269,413,6417,13542,23301,0,5,744,1705,991,1037,-452,-531,700,1394,702,1426,0
2026-07-08,30,21555,A,23032,19309,469,6417,12963,23301,0,5,611,1704,991,1039,-452,-530,703,1394,707,1426,0
2026-07-08,31,21774,A,23247,19544,438,6417,12017,23301,0,10,691,1706,991,1042,-452,-531,571,1394,842,1426,0
2026-07-08,32,22767,A,24239,20356,449,6417,11393,23301,0,10,931,1706,991,1043,-452,-530,566,1394,846,1426,0
2026-07-08,33,23825,A,25298,21186,434,6417,10315,23301,0,10,1102,1705,991,1043,-452,-531,699,1394,713,1423,0
2026-07-08,34,25118,A,26591,22273,461,6417,9008,23301,0,10,1251,1708,991,1044,-452,-531,699,1394,713,1422,0
2026-07-08,35,26647,A,28120,23661,464,6417,7662,23301,0,10,1342,1985,992,1043,-452,-531,174,1394,981,1422,0
2026-07-08,36,27674,A,29145,24657,498,6417,6192,23301,0,10,1299,2006,991,1042,-451,-530,152,1394,997,1422,0
2026-07-08,37,28847,A,30320,25905,516,6417,4917,23301,0,9,1041,2006,992,756,-452,-530,554,1394,997,1422,0
2026-07-08,38,29456,A,30929,26657,551,6417,3677,23301,0,9,1137,2006,991,744,-452,-530,571,1394,997,1422,0
2026-07-08,39,30919,A,32394,28172,542,6417,2587,23301,0,8,1522,2006,992,888,-452,-531,793,1394,997,1426,0
2026-07-08,40,30974,A,32445,28204,566,6417,1648,23301,0,10,1379,2006,992,865,-451,-530,788,1394,997,1426,0
2026-07-08,41,30860,A,32332,28126,566,6417,843,23301,0,10,1558,2006,990,147,-452,-530,72,1394,998,1426,0
2026-07-08,42,30539,A,32013,27805,595,6417,240,23301,0,8,1604,2007,990,124,-452,-530,32,1394,997,1426,0
2026-07-08,43,30443,A,31931,27739,609,6417,17,23301,0,8,1610,2007,991,103,-452,-530,-14,1394,997,1426,0
2026-07-08,44,30101,A,31588,27460,655,6417,0,23301,0,8,1485,2007,992,102,-452,-531,-12,1394,998,1426,0
2026-07-08,45,29283,A,30758,27077,594,6417,0,23301,0,8,1556,2006,989,219,-452,-531,480,1394,997,1426,0
2026-07-08,46,27730,A,29245,25716,590,6417,0,23301,0,8,1624,2005,980,226,-452,-530,490,1394,985,1426,-41
2026-07-08,47,26357,A,28060,24494,589,6417,0,23301,0,8,1812,1947,635,269,-452,-531,-228,1394,605,1426,0
2026-07-08,48,25966,A,27707,24168,602,6417,0,23301,0,8,1773,1939,613,271,-452,-530,-267,1394,581,1418,0
2026-07-09,1,25253,A,26867,23421,590,6417,0,23301,0,8,1645,1551,664,330,-451,-531,-140,1394,610,1123,0
2026-07-09,2,25209,A,26819,23399,581,6417,0,23301,0,8,1575,1523,667,332,-452,-531,-135,1394,613,1100,0
2026-07-09,3,24516,A,26296,22717,539,6417,0,23301,0,6,1368,1650,678,189,-452,-531,-303,1394,663,987,0
2026-07-09,4,24077,A,25865,22315,526,6417,0,23301,0,3,1332,1661,682,182,-452,-530,-309,1394,666,964,0
2026-07-09,5,23298,A,25127,21540,496,6417,0,23301,0,3,1344,1750,812,373,-452,-531,-349,1394,684,437,0
2026-07-09,6,22784,A,24613,21061,503,6417,0,23301,0,3,1247,1757,822,368,-452,-530,-350,1394,686,394,0
2026-07-09,7,22369,A,24136,20662,440,6417,0,23301,0,3,1032,1804,890,2,-452,-531,-287,1394,731,167,0
2026-07-09,8,22149,A,23913,20423,424,6417,0,23301,0,3,1323,1807,892,0,-452,-530,-285,1394,735,152,0
2026-07-09,9,21713,A,24085,20006,372,6417,0,23301,0,3,1309,1844,823,-282,-452,-531,-610,1394,787,182,0
2026-07-09,10,21578,A,24000,19930,367,6417,0,23301,0,3,1381,1848,823,-318,-452,-531,-624,1394,795,160,0
2026-07-09,11,21200,A,25364,19642,316,6417,30,23301,0,3,1830,1997,965,-963,-452,-530,-981,1394,960,-741,0
2026-07-09,12,21470,A,25729,19917,317,6417,340,23301,0,3,1946,2008,975,-998,-452,-531,-995,1394,971,-786,0
2026-07-09,13,22742,A,25819,21069,297,6417,956,23301,0,3,1667,2008,978,-691,-452,-531,-771,1394,996,-135,0
2026-07-09,14,23958,A,26847,22211,267,6417,1764,23301,0,3,1730,2008,978,-629,-452,-531,-742,1394,997,-38,0
2026-07-09,15,25609,A,27089,23596,243,6417,2779,23301,0,3,1218,2006,990,609,-452,-531,84,1394,997,1093,0
2026-07-09,16,26000,A,27479,23856,226,6417,3966,23301,0,3,1013,2006,991,727,-452,-530,133,1394,997,1199,0
2026-07-09,17,25915,A,27395,23681,219,6417,5326,23301,0,3,1284,2006,991,905,-452,-531,228,1394,997,1411,0
2026-07-09,18,25370,A,26849,23074,228,6417,6819,23301,0,3,1135,2006,991,912,-452,-530,231,1394,997,1426,0
2026-07-09,19,24403,A,25915,22092,237,6417,8383,23301,0,3,333,2007,991,1041,-452,-531,-32,1394,996,1426,0
2026-07-09,20,23692,A,25210,21423,264,6417,9849,23301,0,6,487,2007,991,1046,-452,-531,-41,1394,993,1426,0
2026-07-09,21,22835,A,23886,20682,233,6417,11157,23301,0,432,584,2006,991,1033,-452,-531,329,1394,905,1426,0
2026-07-09,22,22057,A,22989,20035,256,6417,12329,23301,0,569,414,2004,986,1032,-452,-530,345,1394,894,1426,-19
2026-07-09,23,21938,A,22639,19887,283,6417,13317,23301,0,781,503,1910,811,1027,-452,-530,708,1394,715,1426,0
2026-07-09,24,21460,A,22078,19287,327,6417,14076,23301,0,865,1005,1902,801,1026,-452,-531,722,1394,708,1427,0
2026-07-09,25,21504,A,22129,19340,342,6417,14613,23301,0,857,1291,1905,842,984,-452,-530,724,1394,841,1426,0
2026-07-09,26,21123,A,21747,19031,411,6417,14831,23301,0,857,1374,1905,845,982,-451,-530,724,1394,849,1426,0
2026-07-09,27,20892,A,21525,18841,447,6417,14950,23301,0,849,1266,1905,845,1042,-451,-531,724,1394,849,1426,0
2026-07-09,28,20999,A,21648,18978,485,6417,14690,23301,0,834,1300,1907,849,1044,-452,-531,724,1394,845,1427,0
2026-07-09,29,20996,A,21685,19165,487,6417,14188,23301,0,793,839,1997,982,1043,-452,-530,704,1394,710,1426,0
2026-07-09,30,21103,A,21744,19240,543,6417,13614,23301,0,842,533,2005,991,1043,-452,-531,704,1394,701,1427,0
2026-07-09,31,21411,A,22057,19646,511,6417,12793,23301,0,836,336,2005,991,1037,-452,-530,665,1394,701,1426,0
2026-07-09,32,22392,A,23155,20582,520,6417,11815,23301,0,720,311,2005,991,1045,-452,-531,662,1394,707,1426,0
2026-07-09,33,23683,A,25069,21622,515,6417,10472,23301,0,96,387,2006,991,863,-452,-530,262,1394,887,1426,0
2026-07-09,34,25243,A,26713,22957,540,6417,8968,23301,0,13,578,2006,991,841,-452,-531,247,1394,901,1407,0
2026-07-09,35,26583,A,28047,24019,488,6417,7466,23301,0,18,1304,2003,991,740,-452,-530,623,1394,991,716,0
2026-07-09,36,27844,A,29307,25398,517,6417,6121,23301,0,19,1666,2003,991,740,-452,-530,610,1394,996,672,0
2026-07-09,37,28669,A,30472,26240,510,6417,4740,23301,0,13,1809,2007,991,567,-451,-531,-334,1394,997,826,0
2026-07-09,38,29727,A,31601,27321,561,6417,3590,23301,0,7,1819,2006,991,560,-452,-530,-399,1394,997,785,0
2026-07-09,39,30119,A,32621,27766,563,6417,2562,23301,0,3,1729,2007,991,700,-452,-531,-675,1394,997,-331,-16
2026-07-09,40,30194,A,32755,27866,599,6417,1619,23301,0,2,1641,2007,991,705,-407,-531,-686,1394,997,-423,-16
2026-07-09,41,30115,A,32517,27807,564,6417,825,23301,0,2,1590,2007,991,613,-451,-531,-762,1394,998,-160,0
2026-07-09,42,30094,A,32449,27763,571,6417,289,23301,0,2,1854,2008,992,611,-444,-530,-765,1394,998,-118,0
2026-07-09,43,30591,A,32774,28293,553,6417,18,23301,0,2,1646,2008,992,937,-452,-531,-702,1394,997,761,0
2026-07-09,44,30041,A,32219,27756,546,6417,0,23301,0,5,1497,2008,992,951,-453,-531,-699,1394,997,825,0
2026-07-09,45,28998,A,31102,26855,508,6417,0,23301,0,8,1499,2008,991,774,-452,-530,-630,1394,997,983,0
2026-07-09,46,28638,A,30741,26493,481,6417,0,23301,0,9,1367,2009,990,697,-453,-531,-628,1394,998,963,0
2026-07-09,47,26779,A,29069,24719,428,6417,0,23301,0,10,1311,1997,950,-208,-452,-530,-610,1394,994,71,0
2026-07-09,48,25771,A,28081,23874,398,6417,0,23301,0,10,1192,1996,948,-227,-453,-531,-609,1394,994,0,0
2026-07-10,1,26010,A,28192,24174,376,6417,0,23301,0,7,1510,2007,984,-172,-452,-530,-535,1394,995,0,0
2026-07-10,2,25166,A,27342,23369,357,6417,0,23301,0,10,1416,2008,986,-170,-453,-531,-532,1394,995,0,0
2026-07-10,3,24680,A,26857,23000,337,6417,0,23301,0,10,1522,2003,991,-215,-452,-530,-490,1394,993,0,0
2026-07-10,4,24355,A,26537,22688,317,6417,0,23301,0,10,1437,2003,992,-217,-452,-530,-488,1394,993,-5,0
2026-07-10,5,23648,A,26189,22045,318,6417,0,23301,0,10,1465,2007,992,-236,-452,-530,-508,1394,997,-325,0
2026-07-10,6,23186,A,25760,21587,325,6417,0,23301,0,10,1459,2008,991,-239,-453,-531,-509,1394,998,-352,0
2026-07-10,7,22548,A,25754,20966,324,6417,0,23301,0,10,1381,2008,992,-667,-452,-530,-629,1394,997,-438,0
2026-07-10,8,22416,A,25665,20760,321,6417,0,23301,0,10,1240,2009,991,-687,-453,-531,-635,1394,997,-453,0
2026-07-10,9,22012,A,26030,20391,317,6417,0,23301,0,10,1185,1985,969,-839,-452,-530,-927,1394,992,-780,0
2026-07-10,10,21712,A,25781,20051,322,6417,0,23301,0,10,1111,1983,963,-844,-452,-530,-938,1394,989,-815,0
2026-07-10,11,21490,A,26106,19817,304,6417,31,23301,0,11,1247,1854,802,-846,-453,-531,-1019,1394,849,-1278,0
2026-07-10,12,21758,A,26350,20015,311,6417,353,23301,0,10,1381,1844,785,-843,-453,-518,-1015,1394,836,-1273,0
2026-07-10,13,23152,A,25792,21291,298,6417,985,23301,0,11,1074,1843,596,-462,-453,-530,-417,1394,683,-289,0
2026-07-10,14,24136,A,26614,22157,269,6417,1823,23301,0,6,1190,1843,587,-427,-452,-530,-380,1394,674,-195,0
2026-07-10,15,25609,A,27085,23494,246,6417,2816,23301,0,6,1072,1732,739,235,-452,-530,215,1394,659,412,0
2026-07-10,16,25915,A,27391,23714,225,6417,4075,23301,0,6,984,1724,755,267,-452,-530,246,1394,664,478,0
2026-07-10,17,26217,A,27694,23897,225,6417,5323,23301,0,6,669,1801,976,906,-453,-530,623,1394,840,1306,0
2026-07-10,18,25286,A,26764,22882,229,6417,6869,23301,0,6,422,1807,991,940,-453,-531,639,1394,849,1363,0
2026-07-10,19,24785,A,26263,22483,242,6417,8222,23301,0,6,622,1108,991,1041,-453,-531,721,1394,804,1420,0
2026-07-10,20,23998,A,25475,21688,262,6417,9521,23301,0,6,338,1088,991,1044,-453,-530,724,1394,798,1424,0
2026-07-10,21,23126,A,24596,20861,281,6417,10781,23301,0,14,459,1003,991,1045,-453,-531,725,1394,710,1424,0
2026-07-10,22,22604,A,24076,20292,294,6417,11944,23301,0,12,381,1003,991,1045,-453,-531,725,1394,705,1424,0
2026-07-10,23,22138,A,23614,19814,321,6417,12736,23301,0,8,285,1003,991,1044,-453,-531,724,1394,706,1424,0
2026-07-10,24,21935,A,23409,19653,345,6417,13495,23301,0,9,456,1003,991,1044,-452,-531,723,1394,708,1424,0
2026-07-10,25,21822,A,23297,19588,344,6417,14204,23301,0,8,642,1002,991,1044,-452,-531,934,1394,771,1424,0
2026-07-10,26,21519,A,22990,19313,374,6417,14375,23301,0,12,613,1003,991,1043,-452,-531,942,1394,776,1424,0
2026-07-10,27,21515,A,22500,19343,385,6417,14132,23301,0,498,990,1003,991,1044,-452,-531,919,1394,798,1425,0
2026-07-10,28,21511,A,22402,19362,452,6417,13515,23301,0,591,888,1003,991,1043,-452,-530,918,1394,804,1424,0
2026-07-10,29,21570,A,22467,19541,520,6417,12717,23301,0,585,971,1003,991,1043,-452,-530,732,1394,962,1424,0
2026-07-10,30,21592,A,22435,19532,570,6417,11687,23301,0,640,912,1003,992,1044,-452,-531,726,1394,972,1424,0
2026-07-10,31,21679,A,22293,19620,614,6417,11567,23301,0,868,754,1002,991,1044,-452,-530,986,1394,996,1424,0
2026-07-10,32,22292,A,23052,20323,691,6417,10743,23301,0,723,1383,1003,992,1044,-452,-531,996,1395,998,1425,0
2026-07-10,33,23147,A,24343,21210,746,6417,9643,23301,0,286,1529,1002,991,1041,-452,-530,996,1394,996,1423,0
2026-07-10,34,24339,A,25788,22304,793,6417,8370,23301,0,10,1422,1002,986,1040,-447,-512,995,1394,993,1391,0
2026-07-10,35,25136,A,26451,23113,852,6417,7185,23301,0,11,1777,1003,807,769,-371,-415,643,1394,865,492,-40
2026-07-10,36,25916,A,27254,23925,909,6417,5749,23301,0,10,1812,1003,791,758,-349,-499,629,1394,852,406,0
2026-07-10,37,27057,A,28501,25091,938,6417,4556,23301,0,9,2181,1001,654,798,-426,-439,670,1394,684,-88,0
2026-07-10,38,27737,A,29202,25639,969,6417,3355,23301,0,9,1978,1009,650,724,-449,-385,668,1394,673,-140,0
2026-07-10,39,28302,A,30364,26130,972,6417,2313,23301,0,6,2229,1417,846,2,-453,-341,218,1394,627,-774,0
2026-07-10,40,29036,A,31120,26904,1003,6417,1400,23301,0,6,2402,1446,862,0,-430,-352,196,1394,631,-808,0
2026-07-10,41,28669,A,30825,26548,1031,6417,707,23301,0,6,2212,1572,922,-98,-432,-456,-225,1394,908,-451,0
2026-07-10,42,28416,A,30563,26316,1105,6417,215,23301,0,6,2337,1610,923,-103,-439,-456,-242,1394,923,-413,0
2026-07-10,43,28386,A,29797,26328,1078,6417,10,23301,0,4,2194,1207,801,100,-389,-526,70,1394,843,80,0
2026-07-10,44,28077,A,29416,26028,1065,6417,0,23301,0,4,1894,1179,792,108,-408,-435,82,1394,834,113,0
2026-07-10,45,28006,A,29338,26097,1001,6417,0,23301,0,7,2015,1485,759,106,-413,-426,340,1394,732,87,0
2026-07-10,46,27177,A,28352,25256,1040,6417,0,23301,0,9,2019,1512,759,106,-330,-354,350,1394,729,86,0
2026-07-10,47,25724,A,26844,23854,931,6417,0,23301,0,13,2086,1647,798,102,-252,-381,330,1394,832,174,0
2026-07-10,48,25012,A,26258,23216,942,6417,0,23301,0,11,2182,1656,800,102,-252,-505,329,1394,837,181,0
2026-07-11,1,24374,A,25646,22722,879,6417,0,23301,0,11,2120,1557,767,137,-252,-531,211,1394,809,214,0
2026-07-11,2,23643,A,24912,22158,837,6417,0,23301,0,9,1955,1550,767,139,-252,-526,207,1394,810,215,0
2026-07-11,3,23134,A,24404,21768,782,6417,0,23301,0,8,2041,1770,864,2,-252,-526,40,1394,890,109,0
2026-07-11,4,22910,A,24172,21623,778,6417,0,23301,0,8,2148,1787,873,0,-252,-518,34,1394,895,91,0
2026-07-11,5,22156,A,24227,20943,769,6417,0,23301,0,8,2179,1922,975,-350,-252,-530,-161,1394,899,-286,0
2026-07-11,6,21678,A,23822,20429,741,6417,0,23301,0,8,2233,1933,981,-389,-252,-530,-168,1394,899,-313,0
2026-07-11,7,20901,A,23505,19736,707,6417,0,23301,0,8,2291,1941,957,-570,-252,-470,-493,1394,885,-327,0
2026-07-11,8,20475,A,23044,19342,681,6417,0,23301,0,8,2336,1941,953,-577,-252,-404,-506,1394,882,-338,0
2026-07-11,9,19985,A,23210,18797,696,6417,0,23301,0,8,2304,1813,858,-773,-252,-386,-610,1392,792,-712,0
2026-07-11,10,19821,A,23010,18546,690,6417,0,23301,0,8,2243,1802,848,-781,-252,-314,-613,1387,784,-737,0
2026-07-11,11,19629,A,22241,18289,686,6417,23,23301,0,8,2117,1575,716,-673,-252,-229,-249,1322,723,-717,0
2026-07-11,12,19470,A,21934,18099,674,6417,296,23301,0,10,2127,1557,710,-619,-252,-177,-234,1318,722,-692,0
2026-07-11,13,20068,A,21107,18537,663,6417,874,23301,0,11,1381,1597,832,167,-252,-298,39,1386,832,159,0
2026-07-11,14,20104,A,21115,18500,640,6417,1651,23301,0,11,1053,1601,838,197,-252,-270,57,1394,842,268,0
2026-07-11,15,20774,A,21841,19020,580,6417,2531,23301,0,10,716,1792,775,958,-252,-325,655,1394,919,1336,0
2026-07-11,16,20551,A,21678,18715,566,6417,3573,23301,0,5,573,1807,774,1005,-252,-380,686,1394,926,1431,0
2026-07-11,17,20694,A,21850,18709,555,6417,4648,23301,0,5,405,1828,866,1041,-317,-344,705,1394,992,1431,0
2026-07-11,18,20287,A,21404,18220,572,6417,5901,23301,0,5,164,1829,872,1042,-362,-260,705,1394,997,1431,0
2026-07-11,19,20021,A,20986,17909,627,6417,7028,23301,0,5,334,1850,850,1025,-362,-108,721,1394,996,1431,0
2026-07-11,20,19398,A,20260,17267,688,6417,7925,23301,0,5,323,1851,852,1024,-362,-5,722,1394,992,1431,0
2026-07-11,21,18777,A,19676,16621,768,6417,8740,23301,0,4,154,1809,983,822,-403,0,723,1394,858,1431,0
2026-07-11,22,18251,A,19163,16054,815,6417,9969,23301,0,3,-20,1804,991,799,-415,0,723,1394,846,1422,0
2026-07-11,23,17552,A,18558,15337,767,6417,11239,23301,0,3,-88,1715,991,755,-447,-62,722,1394,712,1162,0
2026-07-11,24,16985,A,18109,14774,799,6417,12319,23301,0,3,-168,1706,984,762,-451,-176,722,1394,711,1150,0
2026-07-11,25,16734,A,17883,14453,770,6417,12984,23301,0,3,-112,1705,734,1043,-451,-201,722,1394,964,1407,0
2026-07-11,26,16199,A,17400,13947,769,6417,13287,23301,0,22,-253,1705,717,1044,-451,-272,722,1394,980,1426,0
2026-07-11,27,15685,A,16690,13470,774,6417,13368,23301,0,291,-345,1704,724,1044,-451,-345,722,1394,974,1426,0
2026-07-11,28,15538,A,16568,13346,782,6417,13383,23301,0,294,-232,1704,724,1045,-451,-373,722,1394,974,1426,0
2026-07-11,29,15505,A,16348,13314,796,6417,13550,23301,0,532,-321,1704,702,1044,-451,-424,724,1394,972,1426,0
2026-07-11,30,15702,A,16438,13433,821,6417,13022,23301,0,576,-363,1705,701,1044,-451,-361,725,1394,973,1426,0
2026-07-11,31,16315,A,17011,14163,869,6417,12335,23301,0,569,-143,1703,723,1044,-451,-314,705,1394,972,1425,0
2026-07-11,32,16881,A,17580,14718,921,6417,11402,23301,0,576,-36,1703,727,1043,-451,-324,704,1394,967,1426,0
2026-07-11,33,17975,A,18946,15858,982,6417,10267,23301,0,220,168,1751,839,1043,-451,-240,702,1394,812,1426,0
2026-07-11,34,19355,A,20615,17194,1053,6417,8930,23301,0,9,536,1755,848,1042,-439,-330,702,1394,806,1412,0
2026-07-11,35,20815,A,21981,18585,1051,6417,7502,23301,0,6,722,1534,873,985,-347,-325,697,1394,911,928,0
2026-07-11,36,22538,A,23934,20317,1085,6417,6138,23301,0,7,869,1519,869,972,-433,-470,696,1394,910,878,0
2026-07-11,37,22856,A,24327,20641,1052,6417,4807,23301,0,10,1212,1746,666,302,-451,-530,404,1394,633,276,0
2026-07-11,38,24581,A,26051,22516,1091,6417,3586,23301,0,12,1769,1764,654,258,-451,-531,390,1394,624,225,0
2026-07-11,39,25573,A,27426,23545,1178,6417,2485,23301,0,7,2109,1826,748,-199,-451,-530,-59,1394,874,-121,0
2026-07-11,40,25928,A,27843,23811,1296,6417,1510,23301,0,7,1851,1829,753,-217,-451,-531,-78,1394,887,-145,0
2026-07-11,41,26415,A,28318,24331,1340,6417,708,23301,0,7,1972,1542,685,-214,-451,-531,-69,1394,768,-145,0
2026-07-11,42,25746,A,27645,23744,1428,6417,181,23301,0,7,1915,1514,675,-212,-451,-530,-68,1394,755,-145,0
2026-07-11,43,24952,A,26564,23102,1462,6417,9,23301,0,17,2009,1040,462,-2,-451,-531,55,1394,558,-145,0
2026-07-11,44,24803,A,26416,23007,1548,6417,0,23301,0,13,2056,1001,448,0,-451,-530,59,1394,548,-145,0
2026-07-11,45,24163,A,25876,22372,1464,6417,0,23301,0,12,1513,1123,446,-98,-451,-531,59,1394,605,-145,0
2026-07-11,46,24026,A,25680,22172,1492,6417,0,23301,0,12,1814,1132,447,-103,-451,-531,59,1394,608,-81,0
2026-07-11,47,23157,A,25275,21334,1492,6417,0,23301,0,12,1736,1199,495,-528,-383,-530,-65,1394,561,-124,0
2026-07-11,48,22557,A,24657,20808,1521,6417,0,23301,0,12,1914,1206,502,-584,-302,-531,-68,1394,560,-127,0
